ImageId,EncodedPixels
0114f484a16c152baa2d82fdd43740880a762c93f436c8988ac461c5c9dbe7d5,44591 12 44847 12 45101 16 45357 16 45611 18 45867 18 46123 18 46379 18 46635 16 46891 16 47147 14 47403 14 47661 10 47917 10
0114f484a16c152baa2d82fdd43740880a762c93f436c8988ac461c5c9dbe7d5,27735 4 27991 4 28245 8 28501 8 28759 4 29015 4
0114f484a16c152baa2d82fdd43740880a762c93f436c8988ac461c5c9dbe7d5,49765 12 50021 12 50273 18 50529 18 50783 22 51039 22 51295 22 51551 22 51805 24 52061 24 52317 24 52573 24 52829 22 53085 22 53341 22 53597 22 53855 18 54111 18 54369 14 54625 14
0114f484a16c152baa2d82fdd43740880a762c93f436c8988ac461c5c9dbe7d5,10377 12 10633 12 10887 14 11143 14 11397 18 11653 18 11907 20 12163 20 12419 18 12675 18 12931 18 13187 18 13443 18 13699 18 13955 16 14211 16 14467 14 14723 14 14983 4 15239 4
0114f484a16c152baa2d82fdd43740880a762c93f436c8988ac461c5c9dbe7d5,30363 8 30619 8 30861 24 31117 24 31369 30 31625 30 31879 32 32135 32 32389 34 32645 34 32901 32 33157 32 33411 32 33667 32 33923 26 34179 26 34435 24 34691 24 34949 20 35205 20 35461 16 35717 16 35977 10 36233 10
0114f484a16c152baa2d82fdd43740880a762c93f436c8988ac461c5c9dbe7d5,50329 8 50585 8 50837 12 51093 12 51347 16 51603 16 51857 18 52113 18 52367 18 52623 18 52879 18 53135 18 53391 16 53647 16 53903 16 54159 16 54415 14 54671 14 54927 10 55183 10
0114f484a16c152baa2d82fdd43740880a762c93f436c8988ac461c5c9dbe7d5,38051 8 38307 8 38559 14 38815 14 39069 16 39325 16 39579 18 39835 18 40091 18 40347 18 40603 18 40859 18 41115 16 41371 16 41627 16 41883 16 42141 12 42397 12
0999dab07b11bc85fb8464fc36c947fbd8b5d6ec49817361cb780659ca805eac,5 12 524 12 1039 20 1558 20 2077 16 2596 16
0999dab07b11bc85fb8464fc36c947fbd8b5d6ec49817361cb780659ca805eac,46192 8 46711 8 47230 8 47749 8 48268 12 48787 12 49306 28 49825 28 50344 32 50863 32 51382 32 51901 32 52420 32 52939 32 53458 36 53977 36 54496 36 55015 36 55534 36 56053 36 56572 36 57091 36 57610 36 58129 36 58648 36 59167 36 59686 36 60205 36 60724 36 61243 36 61762 36 62281 36 62800 36 63319 36 63838 36 64357 36 64880 32 65399 32 65918 32 66437 32 66956 32 67475 37 67994 37 68513 37 69032 37 69551 41 70070 41 70589 41 71108 41 71627 45 72146 45 72665 45 73184 45 73703 49 74222 49 74741 61 75260 61 75779 61 76298 61 76817 16 76841 41 77336 16 77360 41 77855 16 77883 37 78374 16 78402 37 78893 12 78921 37 79412 12 79440 37 79931 12 79963 33 80450 12 80482 33 80965 16 81001 37 81484 16 81520 37 82003 20 82044 32 82522 20 82563 32 83045 16 83082 32 83564 16 83601 32 84083 16 84120 32 84602 16 84639 32 85121 16 85158 32 85640 16 85677 32 86159 20 86196 28 86678 20 86715 28 87197 20 87238 24 87716 20 87757 24 88239 20 88276 24 88758 20 88795 24 89277 24 89310 28 89796 24 89829 28 90315 28 90352 24 90834 28 90871 24 91353 28 91390 24 91872 28 91909 24 92391 33 92432 24 92910 33 92951 24 93433 24 93470 24 93952 24 93989 24 94471 24 94512 24 94990 24 95031 24 95509 24 95550 24 96028 24 96069 24 96551 20 96588 28 97070 20 97107 28 97589 20 97630 24 98108 20 98149 24 98627 20 98668 24 99146 20 99187 24 99665 20 99706 28 100184 20 100225 28 100703 25 100748 24 101222 25 101267 24 101745 21 101786 24 102264 21 102305 24 102783 25 102824 28 103302 25 103343 28 103821 29 103862 28 104340 29 104381 28 104859 29 104904 28 105378 29 105423 28 105901 29 105942 28 106420 29 106461 28 106939 29 106980 28 107458 29 107499 28 107981 29 108022 28 108500 29 108541 28 109023 29 109064 24 109546 25 109583 28 110065 25 110102 28 110589 20 110625 24 110686 20 111108 20 111144 24 111205 20 111627 24 111663 28 111720 32 112146 24 112182 28 112239 32 112669 20 112705 28 112758 32 113188 20 113224 28 113277 32 113707 20 113743 28 113792 40 114226 20 114262 28 114311 40 114745 24 114781 28 114830 40 115264 24 115300 28 115349 40 115787 20 115819 33 115868 40 116306 20 116338 33 116387 40 116825 24 116861 29 116906 40 117344 24 117380 29 117425 40 117863 24 117907 21 117944 40 118382 24 118426 21 118463 40 118905 24 118945 21 118982 40 119424 24 119464 21 119501 40 119943 24 119983 25 120020 40 120462 24 120502 25 120539 40 120981 24 121025 21 121062 36 121500 24 121544 21 121581 36 122023 24 122063 25 122100 32 122542 24 122582 25 122619 32 123061 24 123101 25 123142 28 123580 24 123620 25 123661 28 124099 24 124143 25 124176 24 124618 24 124662 25 124695 24 125141 20 125181 49 125660 20 125700 49 126179 24 126223 45 126698 24 126742 45 127221 20 127261 45 127740 20 127780 45 128259 20 128303 41 128778 20 128822 41 129301 16 129346 36 129820 16 129865 36 130339 12 130400 20 130858 12 130919 20
0999dab07b11bc85fb8464fc36c947fbd8b5d6ec49817361cb780659ca805eac,115742 4 116261 4 116776 8 117295 8 117814 12 118333 12 118852 12 119371 12 119890 12 120409 12 120928 12 121447 12 121966 12 122485 12 123004 12 123523 12 124042 12 124561 12 125080 12 125599 12 126118 12 126637 12 127156 12 127675 12 128194 12 128713 12 129232 12 129751 12 130274 4 130793 4
0999dab07b11bc85fb8464fc36c947fbd8b5d6ec49817361cb780659ca805eac,23372 20 23891 20 24406 24 24925 24 25444 29 25963 29 26478 33 26997 33 27516 33 28035 33 28554 33 29073 33 29588 37 30107 37 30626 37 31145 37 31664 37 32183 37 32702 37 33221 37 33740 37 34259 37 34778 32 35297 32 35816 32 36335 32 36858 24 37377 24 37896 20 38415 20 38938 12 39457 12
0999dab07b11bc85fb8464fc36c947fbd8b5d6ec49817361cb780659ca805eac,116804 8 117323 8 117838 17 118357 17 118872 21 119391 21 119910 25 120429 25 120948 25 121467 25 121986 25 122505 25 123024 29 123543 29 124062 29 124581 29 125100 29 125619 29 126138 29 126657 29 127176 29 127695 29 128214 29 128733 29 129252 29 129771 29 130294 21 130813 21
0999dab07b11bc85fb8464fc36c947fbd8b5d6ec49817361cb780659ca805eac,78 20 597 20 1112 28 1631 28 2150 24 2669 24 3192 20 3711 20 4198 12 4230 16 4717 12 4749 16 5232 20 5268 12 5751 20 5787 12 6270 44 6789 44 7308 44 7827 44 8346 48 8865 48 9379 53 9898 53 10417 53 10936 53 11455 53 11974 53 12493 53 13012 53 13531 57 14050 57 14569 57 15088 57 15607 57 16126 57 16645 57 17164 57 17683 57 18202 57 18721 57 19240 57 19759 57 20278 57 20797 29 20830 24 21316 29 21349 24 21840 24 21872 20 22359 20 22391 20 22878 20 22910 20 23401 16 23429 20 23920 16 23948 20 24467 16 24986 16
0999dab07b11bc85fb8464fc36c947fbd8b5d6ec49817361cb780659ca805eac,26527 20 27046 20 27561 24 28080 24 28599 28 29118 28 29633 32 30152 32 30671 32 31190 32 31705 36 32224 36 32743 36 33262 36 33781 36 34300 36 34819 32 35338 32 35857 32 36376 32 36895 32 37414 32 37933 28 38452 28 38971 28 39490 28 40009 24 40528 24 41047 24 41566 24 42089 16 42608 16
0999dab07b11bc85fb8464fc36c947fbd8b5d6ec49817361cb780659ca805eac,44185 16 44704 16 45219 28 45738 28 46257 28 46776 28 47295 32 47814 32 48329 36 48848 36 49367 36 49886 36 50405 36 50924 36 51443 36 51962 36 52481 36 53000 36 53519 32 54038 32 54557 32 55076 32 55599 24 56118 24 56641 16 57160 16
0999dab07b11bc85fb8464fc36c947fbd8b5d6ec49817361cb780659ca805eac,61847 12 62366 12 62881 20 63400 20 63919 24 64438 24 64957 24 65476 24 65991 32 66510 32 67029 32 67548 32 68067 32 68586 32 69105 32 69624 32 70143 32 70662 32 71181 32 71700 32 72219 32 72738 32 73257 32 73776 32 74295 32 74814 32 75333 32 75852 32 76371 32 76894 28 77413 28 77932 24 78451 24 78970 24 79489 24 80012 20 80531 20 81050 16 81569 16 82092 8 82611 8
0999dab07b11bc85fb8464fc36c947fbd8b5d6ec49817361cb780659ca805eac,79067 9 79586 9 80101 21 80620 21 81139 21 81658 21 82173 29 82692 29 83211 29 83730 29 84249 29 84768 29 85287 29 85806 29 86325 33 86844 33 87359 37 87878 37 88393 57 88912 57 89423 69 89942 69 90461 73 90980 73 91467 12 91495 77 91986 12 92014 77 92501 20 92533 81 93020 20 93052 81 93539 24 93567 85 94058 24 94086 85 94573 28 94605 45 94658 32 95092 28 95124 45 95177 32 95611 77 95696 32 96130 77 96215 32 96649 73 96734 32 97168 73 97253 32 97687 73 97772 36 98206 73 98291 36 98725 73 98810 36 99244 73 99329 36 99767 69 99848 36 100286 69 100367 36 100805 69 100890 32 101324 69 101409 32 101843 32 101879 28 101928 32 102362 32 102398 28 102447 32 102881 32 102921 24 102966 28 103400 32 103440 24 103485 28 103919 32 103963 16 104008 24 104438 32 104482 16 104527 24 104961 28 105046 24 105480 28 105565 24 105999 24 106084 20 106518 24 106603 20 107041 20 107126 16 107560 20 107645 16 108083 16 108602 16
0999dab07b11bc85fb8464fc36c947fbd8b5d6ec49817361cb780659ca805eac,18831 12 19350 12 19865 20 20384 20 20895 32 21414 32 21925 40 22440 44 22959 44 23474 52 23993 52 24512 52 25031 52 25550 52 26069 52 26588 52 27107 52 27626 52 28145 52 28664 52 29183 52 29702 52 30221 52 30740 52 31259 52 31778 52 32297 52 32816 52 33335 52 33854 52 34373 52 34892 52 35411 52 35934 44 36453 44 36972 40 37491 40 38010 28 38529 28 39052 20 39571 20 40094 12 40613 12
0999dab07b11bc85fb8464fc36c947fbd8b5d6ec49817361cb780659ca805eac,48398 16 48917 16 49436 20 49955 20 50470 24 50989 24 51508 24 52027 24 52542 32 53061 32 53580 32 54099 32 54618 32 55137 32 55656 28 56175 28 56690 32 57209 32 57728 32 58247 32 58766 32 59285 32 59804 32 60323 32 60842 28 61361 28 61880 28 62399 28 62918 28 63437 28 63956 28 64475 28 64994 24 65513 24 66036 20 66555 16 67074 16 67597 8 68116 8
0999dab07b11bc85fb8464fc36c947fbd8b5d6ec49817361cb780659ca805eac,123 32 163 25 642 32 682 25 1161 69 1680 69 2199 69 2718 69 3237 36 3277 29 3756 36 3796 29 4275 32 4315 33 4794 32 4834 33 5317 28 5353 33 5836 28 5872 33 6355 28 6391 33 6874 28 6910 33 7393 28 7433 29 7912 28 7952 29 8435 20 8471 29 8954 20 8990 29 9473 16 9509 29 9992 16 10028 29 10547 29 11066 29 11589 25 12108 25 12627 25 13146 25 13669 17 14188 17 14711 9 15230 9
0999dab07b11bc85fb8464fc36c947fbd8b5d6ec49817361cb780659ca805eac,55712 17 56231 17 56746 25 57265 25 57780 29 58299 29 58818 29 59337 29 59856 33 60375 33 60894 33 61413 33 61928 37 62447 37 62966 37 63485 37 64004 37 64523 37 65042 37 65561 37 66080 33 66599 33 67118 33 67641 25 68160 25 68679 17 69198 17
0999dab07b11bc85fb8464fc36c947fbd8b5d6ec49817361cb780659ca805eac,26705 20 27224 20 27743 24 28262 24 28777 28 29296 28 29815 33 30334 33 30853 33 31372 33 31891 37 32410 37 32917 49 33436 49 33947 57 34466 57 34985 57 35504 57 36019 61 36538 61 37057 61 37576 61 38095 61 38614 61 39133 61 39652 61 40171 61 40690 61 41209 57 41728 57 42247 32 42287 12 42766 32 42806 12 43281 36 43800 36 44319 32 44838 32 45357 32 45876 32 46399 28 46918 28 47437 24 47956 24 48475 24 48994 24 49517 16 50036 16
0999dab07b11bc85fb8464fc36c947fbd8b5d6ec49817361cb780659ca805eac,61977 12 62496 12 63011 20 63530 20 64045 28 64564 28 65083 28 65602 28 66121 28 66640 28 67159 28 67678 28 68197 28 68716 28 69235 28 69754 28 70273 28 70792 28 71311 28 71830 28 72349 28 72868 28 73387 28 73906 28 74425 28 74944 28 75463 28 75982 28 76501 28 77020 28 77539 28 78058 28 78577 28 79096 28 79615 28 80134 28 80653 28 81172 24 81691 24 82214 20 82733 20 83252 20 83771 20 84294 12 84813 12
0999dab07b11bc85fb8464fc36c947fbd8b5d6ec49817361cb780659ca805eac,224 36 743 36 1258 40 1777 40 2296 40 2815 40 3334 40 3853 40 4372 40 4891 40 5410 40 5929 40 6452 36 6971 36 7490 36 8009 36 8528 36 9047 36 9566 36 10085 36 10604 32 11123 32 11642 32 12161 32 12680 32 13199 32 13722 28 14241 28 14760 24 15279 24 15802 16 16321 16 16844 4 17363 4
0999dab07b11bc85fb8464fc36c947fbd8b5d6ec49817361cb780659ca805eac,111837 8 112356 8 112871 17 113390 17 113905 25 114424 25 114943 25 115462 25 115977 29 116496 29 117015 33 117534 33 118049 37 118568 37 119087 37 119606 37 120121 41 120640 41 121159 41 121678 41 122197 41 122716 41 123235 49 123754 49 124273 53 124792 53 125311 53 125830 53 126349 53 126868 53 127387 57 127906 57 128425 57 128944 57 129463 57 129982 57 130505 49 131024 49
0999dab07b11bc85fb8464fc36c947fbd8b5d6ec49817361cb780659ca805eac,82254 8 82773 8 83284 21 83803 21 84318 29 84837 29 85356 33 85875 33 86394 33 86913 33 87432 33 87951 33 88470 37 88989 37 89508 37 90027 37 90546 37 91065 37 91584 37 92103 37 92622 37 93141 37 93664 33 94183 33 94702 29 95221 29 95744 25 96263 25 96782 25 97301 25 97828 13 98347 13
0999dab07b11bc85fb8464fc36c947fbd8b5d6ec49817361cb780659ca805eac,50612 8 51131 8 51641 21 52160 21 52675 29 53194 29 53713 33 54232 33 54747 37 55266 37 55785 41 56304 41 56823 41 57342 41 57861 41 58380 41 58899 41 59418 41 59937 45 60456 45 60975 45 61494 45 62013 41 62532 41 63051 41 63570 41 64093 37 64612 37 65131 37 65650 37 66173 29 66692 29 67211 29 67739 12 68258 12
0999dab07b11bc85fb8464fc36c947fbd8b5d6ec49817361cb780659ca805eac,22091 8 22602 20 23121 20 23640 24 24159 24 24674 32 25193 32 25712 32 26231 32 26750 32 27269 32 27784 40 28303 40 28822 40 29341 40 29860 40 30379 40 30898 40 31417 40 31936 36 32455 36 32974 36 33493 36 34012 36 34531 36 35050 36 35569 36 36088 36 36607 36 37130 28 37649 28 38168 28 38687 28 39210 20 39729 20 40252 12 40771 12
0999dab07b11bc85fb8464fc36c947fbd8b5d6ec49817361cb780659ca805eac,68841 21 69360 21 69875 25 70394 25 70913 29 71432 29 71947 33 72466 33 72985 37 73504 37 74023 37 74542 37 75057 41 75576 41 76095 41 76614 41 77133 41 77652 41 78135 16 78167 45 78654 16 78686 45 79173 20 79205 45 79692 20 79724 45 80207 28 80243 41 80726 28 80762 41 81245 32 81281 41 81764 32 81800 41 82283 77 82802 77 83321 73 83840 73 84359 73 84878 73 85397 69 85916 69 86435 69 86954 69 87477 61 87996 61 88515 57 89034 57 89553 36 90072 36 90595 28 91114 28 91637 20 92156 20 92679 8 93198 8
0999dab07b11bc85fb8464fc36c947fbd8b5d6ec49817361cb780659ca805eac,87582 16 88101 16 88620 21 89139 21 89654 25 90173 25 90692 29 91211 29 91730 29 92249 29 92764 33 93283 33 93802 37 94321 37 94840 37 95359 37 95878 37 96397 37 96916 37 97435 37 97914 4 97946 45 98433 4 98465 45 98943 21 98980 45 99462 21 99499 45 99981 25 100018 45 100500 25 100537 45 101015 29 101052 49 101534 29 101571 49 102053 33 102090 49 102572 33 102609 49 103091 82 103610 82 104129 82 104648 82 105167 73 105686 73 106205 69 106724 69 107243 65 107762 65 108281 65 108800 65 109319 65 109838 65 110357 65 110876 61 111395 61 111890 16 111914 61 112409 16 112433 61 112924 89 113443 89 113962 57 114023 28 114481 57 114542 28 114996 57 115061 24 115515 57 115580 24 116034 32 116099 24 116553 32 116618 24 117072 36 117141 16 117591 36 117660 16 118110 36 118629 36 119148 36 119667 36 120186 36 120705 36 121224 36 121743 36 122262 36 122781 36 123300 36 123819 36 124342 32 124861 32 125380 32 125899 32 126422 28 126941 28 127460 28 127979 28 128498 28 129017 28 129536 28 130055 28 130574 24 131093 24
0999dab07b11bc85fb8464fc36c947fbd8b5d6ec49817361cb780659ca805eac,321 29 840 29 1355 37 1874 37 2393 37 2912 37 3431 37 3950 37 4465 41 4984 41 5503 41 6022 41 6541 41 7060 41 7583 37 8102 37 8621 37 9140 37 9659 33 10178 33 10701 29 11220 29 11735 33 12254 33 12773 33 13292 33 13811 37 14330 37 14849 37 15368 37 15887 37 16406 37 16925 37 17444 37 17963 37 18482 37 19001 37 19520 37 20039 37 20558 37 21077 37 21596 37 22115 37 22638 29 23157 29 23676 29 24195 29 24718 21 25237 21 25756 21 26275 21
0999dab07b11bc85fb8464fc36c947fbd8b5d6ec49817361cb780659ca805eac,38233 12 38752 12 39267 20 39786 20 40301 28 40820 28 41334 33 41853 33 42372 37 42891 37 43410 37 43929 37 44448 37 44967 37 45486 37 46005 37 46524 37 47043 37 47562 37 48081 37 48600 37 49119 37 49638 33 50157 33 50676 33 51195 33 51714 29 52233 29 52757 24 53276 24 53799 12 54318 12
0999dab07b11bc85fb8464fc36c947fbd8b5d6ec49817361cb780659ca805eac,123369 8 123888 8 124403 16 124922 16 125437 20 125956 20 126475 24 126994 24 127509 28 128028 28 128547 28 129066 28 129585 28 130104 28 130623 24 131142 24
0999dab07b11bc85fb8464fc36c947fbd8b5d6ec49817361cb780659ca805eac,8682 16 9201 16 9716 24 10235 24 10750 28 11269 28 11788 28 12307 28 12826 28 13345 28 13860 32 14379 32 14898 32 15417 32 15936 32 16455 32 16974 32 17493 32 18012 32 18531 32 19046 36 19565 36 20084 36 20603 36 21122 32 21641 32 22160 32 22679 32 23198 32 23721 24 24240 24 24759 20 25278 20 25801 12 26320 12
0999dab07b11bc85fb8464fc36c947fbd8b5d6ec49817361cb780659ca805eac,394 33 913 33 1428 37 1947 37 2466 37 2985 37 3504 37 4023 37 4546 33 5065 33 5584 33 6103 33 6622 33 7141 33 7664 25 8183 25 8706 17 9225 17
0999dab07b11bc85fb8464fc36c947fbd8b5d6ec49817361cb780659ca805eac,44526 16 45045 16 45559 25 46078 25 46593 29 47112 29 47631 33 48150 33 48665 37 49184 37 49703 37 50222 37 50741 41 51260 41 51779 41 52298 41 52817 41 53336 41 53855 41 54374 41 54893 37 55412 37 55931 37 56450 37 56969 37 57488 37 58011 29 58530 29 59049 25 59568 25 60096 8 60615 8
0999dab07b11bc85fb8464fc36c947fbd8b5d6ec49817361cb780659ca805eac,107357 20 107876 20 108395 20 108914 20 109429 28 109948 28 110467 28 110982 36 111501 36 112020 36 112539 36 113034 16 113058 36 113553 16 113577 36 114072 20 114096 36 114591 20 114615 36 115105 25 115134 36 115624 25 115653 36 116143 25 116172 40 116662 25 116691 40 117181 25 117214 36 117700 25 117733 36 118215 29 118252 36 118734 29 118771 36 119253 29 119294 32 119772 29 119813 32 120291 29 120332 32 120810 29 120851 32 121329 29 121374 28 121848 29 121893 28 122367 29 122412 28 122886 29 122931 28 123405 25 123454 24 123924 25 123973 24 124439 29 124492 24 124958 29 125011 24 125477 29 125522 28 125996 29 126041 28 126515 29 126556 32 127034 29 127075 32 127553 29 127590 36 128072 29 128109 36 128591 29 128624 40 129110 29 129143 40 129629 25 129658 44 130148 25 130177 44 130667 21 130700 40 131186 21 131219 40
0999dab07b11bc85fb8464fc36c947fbd8b5d6ec49817361cb780659ca805eac,19099 16 19618 16 20133 24 20652 24 21171 24 21690 24 22204 33 22723 33 23242 33 23761 33 24280 33 24799 33 25318 33 25837 33 26356 33 26871 37 27390 37 27909 37 28428 37 28947 33 29466 33 29985 33 30504 33 31023 33 31542 33 32061 33 32580 33 33099 33 33618 33 34137 29 34656 29 35179 25 35698 25 36217 21 36736 21 37260 12 37779 12
0999dab07b11bc85fb8464fc36c947fbd8b5d6ec49817361cb780659ca805eac,65310 28 65829 28 66344 36 66859 40 67378 40 67897 40 68416 40 68935 44 69454 44 69973 44 70492 44 71011 44 71530 44 72049 40 72568 40 73087 40 73606 40 74129 36 74648 36 75167 36 75686 36 76209 28 76728 28 77255 16 77774 16
0999dab07b11bc85fb8464fc36c947fbd8b5d6ec49817361cb780659ca805eac,447 28 966 28 1481 32 2000 32 2519 32 3038 32 3561 28 4080 28 4599 28 5118 28 5637 28 6156 28 6675 28 7194 28 7713 28 8232 28 8755 20 9274 20 9797 12 10316 12
0999dab07b11bc85fb8464fc36c947fbd8b5d6ec49817361cb780659ca805eac,78317 12 78836 12 79351 25 79870 25 80389 29 80908 29 81423 37 81942 37 82461 41 82980 41 83499 41 84018 41 84537 45 85056 45 85575 45 86094 45 86613 49 87132 49 87651 49 88170 49 88693 49 89212 49 89731 49 90250 49 90769 49 91288 49 91807 49 92326 49 92833 61 93352 61 93863 65 94382 65 94901 61 95420 61 95939 57 96458 57 96977 57 97496 57 98015 57 98534 57 99053 57 99572 57 100091 53 100610 53 101133 49 101652 49 102171 45 102690 45 103213 41 103732 41 104255 33 104774 33 105297 20 105816 20
0999dab07b11bc85fb8464fc36c947fbd8b5d6ec49817361cb780659ca805eac,23822 21 24341 21 24856 41 25375 41 25890 49 26409 49 26928 53 27447 53 27966 53 28485 53 29000 57 29519 57 30038 57 30557 57 31076 57 31595 57 32114 57 32633 57 33152 57 33671 57 34190 57 34709 57 35228 57 35747 57 36262 61 36781 61 37304 57 37823 57 38342 57 38861 57 39380 57 39899 57 40418 57 40937 57 41460 49 41979 49 42518 25 43037 25 43561 16 44080 16
0999dab07b11bc85fb8464fc36c947fbd8b5d6ec49817361cb780659ca805eac,51873 12 52392 12 52911 16 53430 16 53945 20 54464 20 54983 20 55502 20 56021 20 56540 20 57063 20 57582 20 58101 20 58620 20 59139 20 59658 20 60177 20 60696 20 61215 20 61734 20 62253 20 62772 20 63291 20 63810 20 64333 16 64852 16 65371 12 65890 12
0999dab07b11bc85fb8464fc36c947fbd8b5d6ec49817361cb780659ca805eac,496 24 1015 24 1534 24 2053 24 2572 24 3091 24 3614 16 4133 16 4656 12 5175 12
0999dab07b11bc85fb8464fc36c947fbd8b5d6ec49817361cb780659ca805eac,44627 8 45146 8 45661 12 46180 12 46699 12 47218 12 47737 12 48256 12 48779 8 49298 8
0a849e0eb15faa8a6d7329c3dd66aabe9a294cccb52ed30a90c8ca99092ae732,1061 6 1317 6 1537 6 1565 20 1793 6 1821 20 2049 8 2067 4 2075 22 2305 8 2323 4 2331 22 2561 50 2817 50 3073 52 3329 52 3585 52 3841 52 4097 52 4353 52 4609 54 4865 54 5121 54 5377 54 5633 54 5889 54 6147 50 6403 50 6663 46 6919 46 7177 42 7433 42 7691 36 7947 36 8205 14 8461 14
0a849e0eb15faa8a6d7329c3dd66aabe9a294cccb52ed30a90c8ca99092ae732,11267 4 11523 4 11777 6 12033 6 12289 8 12545 8 12801 10 13057 10 13313 10 13569 10 13825 12 14081 12 14337 12 14593 12 14849 12 15105 12 15361 12 15617 12 15873 12 16129 12 16385 12 16641 12 16897 12 17153 12 17409 12 17665 12 17921 12 18177 12 18433 12 18689 12 18945 12 19201 12 19457 12 19713 12 19969 10 20225 10 20481 8 20737 8 20995 2 21251 2
0a849e0eb15faa8a6d7329c3dd66aabe9a294cccb52ed30a90c8ca99092ae732,31747 4 32003 4 32257 8 32513 8 32769 10 33025 10 33281 10 33537 10 33793 10 34049 10 34305 10 34561 10 34817 10 35073 10 35329 10 35585 10 35841 10 36097 10 36353 10 36609 10 36865 8 37121 8 37377 8 37633 8 37889 8 38145 8 38401 6 38657 6 38915 2 39171 2
0a849e0eb15faa8a6d7329c3dd66aabe9a294cccb52ed30a90c8ca99092ae732,42499 4 42755 4 43009 10 43265 10 43521 12 43777 12 44033 12 44289 12 44545 12 44801 12 45057 12 45313 12 45571 10 45827 10
0a849e0eb15faa8a6d7329c3dd66aabe9a294cccb52ed30a90c8ca99092ae732,49153 6 49409 6 49665 8 49921 8 50177 10 50433 10 50689 12 50945 12 51201 16 51457 16 51715 18 51971 18 52229 16 52485 16 52737 20 52993 20 53249 20 53505 20 53761 18 54017 18 54273 18 54529 18 54785 18 55041 18 55297 8 55309 2 55553 8 55565 2 55809 8 56065 8 56321 6 56577 6 56833 6 57089 6 57345 6 57601 6 57857 4 58113 4 58371 2 58627 2 58881 4 59137 4 59393 6 59649 6 59905 6 60161 6 60417 6 60673 6 60929 6 61185 6 61441 8 61697 8 61953 8 62209 8 62465 8 62721 8 62977 6 63233 6 63489 6 63745 6 64001 6 64257 6 64513 6 64769 6 65025 4 65281 4
0a849e0eb15faa8a6d7329c3dd66aabe9a294cccb52ed30a90c8ca99092ae732,36391 10 36647 10 36901 14 37157 14 37413 16 37669 16 37923 16 38179 16 38423 28 38679 28 38931 32 39187 32 39441 34 39697 34 39951 34 40207 34 40463 34 40719 34 40973 34 41229 34 41485 32 41741 32 41997 28 42253 28 42509 28 42765 28 43023 24 43279 24 43535 24 43791 24 44049 20 44305 20 44563 14 44819 14 45077 10 45333 10
0a849e0eb15faa8a6d7329c3dd66aabe9a294cccb52ed30a90c8ca99092ae732,51741 12 51997 12 52251 18 52507 18 52763 18 53019 18 53273 20 53529 20 53785 22 54041 22 54297 24 54553 24 54809 28 55065 28 55319 32 55575 32 55833 30 56089 30 56345 32 56601 32 56859 30 57115 30 57375 26 57631 26 57889 24 58145 24 58401 24 58657 24 58913 26 59169 26 59423 28 59679 28 59935 28 60191 28 60447 28 60703 28 60959 28 61215 28 61471 28 61727 28 61983 26 62239 26 62495 26 62751 26 63007 24 63263 24 63519 24 63551 10 63775 24 63807 10 64029 26 64059 18 64285 26 64315 18 64541 48 64797 48 65055 22 65081 20 65311 22 65337 20
0a849e0eb15faa8a6d7329c3dd66aabe9a294cccb52ed30a90c8ca99092ae732,9763 14 10019 14 10273 18 10529 18 10783 20 11039 20 11293 24 11549 24 11805 24 12061 24 12315 26 12571 26 12827 26 13083 26 13339 26 13595 26 13851 26 14107 26 14363 26 14619 26 14873 28 15129 28 15385 2 15389 22 15641 2 15645 22 15903 20 16159 20 16417 14 16673 14 16931 8 17187 8
0a849e0eb15faa8a6d7329c3dd66aabe9a294cccb52ed30a90c8ca99092ae732,28195 6 28451 6 28705 12 28961 12 29215 14 29471 14 29727 14 29983 14 30239 16 30495 16 30751 16 31007 16 31263 16 31519 16 31775 16 32031 16 32287 16 32543 16 32801 14 33057 14 33319 2 33575 2
0a849e0eb15faa8a6d7329c3dd66aabe9a294cccb52ed30a90c8ca99092ae732,46129 10 46385 10 46639 16 46895 16 47147 22 47403 22 47659 22 47915 22 48169 24 48425 24 48681 24 48937 24 49195 20 49451 20 49707 20 49963 20 50219 20 50475 20 50733 18 50989 18 51245 18 51501 18 51759 16 52015 16 52273 14 52529 14 52789 8 53045 8
0a849e0eb15faa8a6d7329c3dd66aabe9a294cccb52ed30a90c8ca99092ae732,20015 8 20271 8 20525 12 20781 12 21035 16 21291 16 21547 16 21803 16 22059 16 22315 16 22571 16 22827 16 23085 14 23341 14 23597 12 23853 12 24115 2 24371 2
0a849e0eb15faa8a6d7329c3dd66aabe9a294cccb52ed30a90c8ca99092ae732,37437 10 37693 10 37947 14 38203 14 38457 16 38713 16 38969 18 39225 18 39479 20 39735 20 39991 20 40247 20 40503 20 40759 20 41013 22 41269 22 41525 22 41781 22 42035 22 42291 22 42547 22 42803 22 43061 18 43317 18 43575 14 43831 14 44091 6 44347 6
0a849e0eb15faa8a6d7329c3dd66aabe9a294cccb52ed30a90c8ca99092ae732,25665 10 25921 10 26177 14 26433 14 26687 16 26943 16 27199 16 27455 16 27711 18 27967 18 28223 18 28479 18 28735 18 28991 18 29245 18 29501 18 29757 18 30013 18 30271 10 30527 10
0a849e0eb15faa8a6d7329c3dd66aabe9a294cccb52ed30a90c8ca99092ae732,26739 16 26995 16 27249 22 27505 22 27759 24 28015 24 28271 26 28527 26 28783 26 29039 26 29295 26 29551 26 29807 24 30063 24 30319 22 30575 22 30833 20 31089 20 31347 16 31603 16 31861 10 32117 10
0a849e0eb15faa8a6d7329c3dd66aabe9a294cccb52ed30a90c8ca99092ae732,4217 4 4473 4 4725 14 4981 14 5235 18 5491 18 5747 20 6003 20 6259 20 6515 20 6771 20 7027 20 7283 20 7539 20 7795 20 8051 20 8307 20 8563 20 8819 20 9075 20 9333 18 9589 18 9845 16 10101 16 10363 8 10619 8
0a849e0eb15faa8a6d7329c3dd66aabe9a294cccb52ed30a90c8ca99092ae732,19593 14 19849 14 20103 18 20359 18 20613 20 20869 20 21123 24 21379 24 21635 24 21891 24 22147 24 22403 24 22657 26 22913 26 23171 24 23427 24 23683 22 23939 22 24195 22 24451 22 24711 14 24967 14
0a849e0eb15faa8a6d7329c3dd66aabe9a294cccb52ed30a90c8ca99092ae732,1679 4 1935 4 2187 12 2443 12 2699 14 2955 14 3211 18 3467 18 3723 20 3979 20 4235 22 4491 22 4747 24 5003 24 5261 22 5517 22 5773 24 6029 24 6287 22 6543 22 6799 24 7055 24 7313 20 7569 20 7829 16 8085 16 8347 8 8603 8 8865 12 9121 12 9375 18 9631 18 9885 20 10141 20 10395 24 10651 24 10905 26 11161 26 11407 38 11663 38 11919 38 12175 38 12429 38 12685 38 12941 38 13197 38 13453 38 13709 38 13965 34 14221 34 14477 22 14733 22 14989 22 15245 22 15501 22 15757 22 16015 18 16271 18
0a849e0eb15faa8a6d7329c3dd66aabe9a294cccb52ed30a90c8ca99092ae732,151 20 407 20 663 20 919 20 1177 18 1433 18 1691 14 1947 14
0a849e0eb15faa8a6d7329c3dd66aabe9a294cccb52ed30a90c8ca99092ae732,29351 12 29607 12 29861 18 30117 18 30373 18 30629 18 30885 20 31141 20 31395 22 31651 22 31907 24 32163 24 32419 24 32675 24 32931 24 33187 24 33443 24 33699 24 33957 22 34213 22 34469 22 34725 22 34983 18 35239 18 35497 12 35753 12
0a849e0eb15faa8a6d7329c3dd66aabe9a294cccb52ed30a90c8ca99092ae732,21163 6 21419 6 21673 18 21929 18 22183 22 22439 22 22695 24 22951 24 23207 26 23463 26 23719 26 23975 26 24231 26 24487 26 24743 26 24999 26 25255 26 25511 26 25767 26 26023 26 26281 22 26537 22 26795 18 27051 18 27313 2 27569 2
0a849e0eb15faa8a6d7329c3dd66aabe9a294cccb52ed30a90c8ca99092ae732,15029 6 15285 6 15535 16 15791 16 16045 18 16301 18 16555 22 16811 22 17067 22 17323 22 17577 26 17833 26 18089 26 18345 26 18603 22 18859 22 19115 22 19371 22 19629 18 19885 18 20145 12 20401 12
0a849e0eb15faa8a6d7329c3dd66aabe9a294cccb52ed30a90c8ca99092ae732,4789 12 5045 12 5299 20 5555 20 5811 24 6067 24 6323 26 6579 26 6835 26 7091 26 7347 26 7603 26 7861 22 8117 22 8373 22 8629 22 8885 20 9141 20 9399 10 9655 10
0a849e0eb15faa8a6d7329c3dd66aabe9a294cccb52ed30a90c8ca99092ae732,191 22 447 22 701 24 957 24 1213 24 1469 24 1727 20 1983 20 2241 18 2497 18 2757 10 3013 10
0a849e0eb15faa8a6d7329c3dd66aabe9a294cccb52ed30a90c8ca99092ae732,1757 16 2013 16 2269 18 2525 18 2779 20 3035 20 3291 20 3547 20 3801 24 4057 24 4313 24 4569 24 4825 24 5081 24 5337 24 5593 24 5851 20 6107 20 6363 18 6619 18 6871 18 7127 18 7379 20 7635 20 7891 22 8147 22 8401 24 8657 24 8913 26 9169 26 9423 28 9679 28 9935 28 10191 28 10447 28 10703 28 10959 28 11215 28 11473 26 11729 26 11985 24 12241 24 12497 24 12753 24 13009 24 13265 24 13517 28 13773 28 14029 30 14285 30 14539 34 14795 34 15051 36 15307 36 15563 38 15819 38 16075 38 16331 38 16587 38 16843 38 17101 38 17357 38 17613 38 17869 38 18125 38 18381 38 18639 34 18895 34 19153 36 19409 36 19669 36 19925 36 20185 34 20441 34 20699 32 20955 32 21219 26 21475 26 21733 24 21989 24 22245 24 22501 24 22757 24 23013 24 23269 24 23525 24 23781 24 24037 24 24293 22 24549 22 24807 18 25063 18 25321 14 25577 14 25835 10 26091 10
0a849e0eb15faa8a6d7329c3dd66aabe9a294cccb52ed30a90c8ca99092ae732,24789 2 25045 2 25295 14 25551 14 25805 20 26061 20 26315 24 26571 24 26827 26 27083 26 27339 26 27595 26 27851 26 28107 26 28365 24 28621 24 28877 22 29133 22 29389 22 29645 22 29903 20 30159 20 30417 16 30673 16 30935 2 31191 2
0a849e0eb15faa8a6d7329c3dd66aabe9a294cccb52ed30a90c8ca99092ae732,26365 4 26621 4 26875 6 27131 6 27387 6 27643 6 27899 6 28155 6 28413 4 28669 4 28925 2 29181 2 29437 2 29693 2 29949 4 30205 4 30459 6 30715 6 30961 4 30971 6 31217 4 31227 6 31463 26 31719 26 31971 30 32227 30 32479 26 32507 6 32735 26 32763 6 32991 26 33019 6 33247 26 33275 6 33501 26 33531 6 33757 26 33787 6 34013 26 34043 6 34269 26 34299 6 34525 26 34555 6 34781 26 34811 6 35037 26 35067 6 35293 26 35323 6 35551 22 35581 4 35807 22 35837 4 36063 22 36093 4 36319 22 36349 4 36577 18 36833 18 37095 6 37351 6 37613 12 37869 12 38119 22 38375 22 38629 26 38885 26 39121 2 39141 26 39377 2 39397 26 39631 48 39887 48 40141 50 40397 50 40653 50 40909 50 41165 50 41421 50 41677 50 41933 50 42189 50 42445 50 42701 50 42957 50 43213 26 43245 18 43469 26 43501 18 43725 26 43765 6 43981 26 44021 6 44237 26 44493 26 44749 26 45005 26 45263 22 45519 22 45777 18 46033 18 46293 10 46549 10
0a849e0eb15faa8a6d7329c3dd66aabe9a294cccb52ed30a90c8ca99092ae732,59611 18 59867 18 60123 20 60379 20 60633 24 60889 24 61145 22 61401 22 61655 24 61911 24 62167 4 62173 20 62423 4 62429 20 62687 18 62943 18 63199 20 63455 20 63709 22 63965 22 64221 22 64477 22 64733 22 64989 22 65245 18 65501 18
0a849e0eb15faa8a6d7329c3dd66aabe9a294cccb52ed30a90c8ca99092ae732,47335 12 47591 12 47843 18 48099 18 48353 22 48609 22 48865 22 49121 22 49377 24 49633 24 49889 24 50145 24 50401 24 50657 24 50913 24 51169 24 51425 24 51681 24 51937 24 52193 24 52451 20 52707 20 52965 14 53221 14 53481 8 53737 8
0a849e0eb15faa8a6d7329c3dd66aabe9a294cccb52ed30a90c8ca99092ae732,6903 2 7159 2 7411 10 7667 10 7921 14 8177 14 8431 18 8687 18 8943 18 9199 18 9455 18 9711 18 9967 18 10223 18 10479 18 10735 18 10991 18 11247 18 11503 18 11759 18 12015 18 12271 18 12529 16 12785 16 13043 14 13299 14 13557 12 13813 12 14075 4 14331 4
0e132f71c8b4875c3c2dd7a22997468a3e842b46aa9bd47cf7b0e8b7d63f0925,23043 2 23299 2 23553 4 23809 4
0e132f71c8b4875c3c2dd7a22997468a3e842b46aa9bd47cf7b0e8b7d63f0925,27655 8 27911 8 28165 14 28421 14 28677 16 28933 16 29187 18 29443 18 29701 16 29957 16 30215 14 30471 14 30729 12 30985 12 31243 8 31499 8
0e132f71c8b4875c3c2dd7a22997468a3e842b46aa9bd47cf7b0e8b7d63f0925,47113 6 47369 6 47623 12 47879 12 48133 14 48389 14 48645 14 48901 14 49157 14 49413 14 49669 14 49925 14 50181 14 50437 14 50693 12 50949 12
0e132f71c8b4875c3c2dd7a22997468a3e842b46aa9bd47cf7b0e8b7d63f0925,34319 20 34575 20 34829 24 35085 24 35343 24 35599 24 35857 22 36113 22 36373 16 36629 16 36893 8 37149 8
0e132f71c8b4875c3c2dd7a22997468a3e842b46aa9bd47cf7b0e8b7d63f0925,6723 4 6979 4 7231 12 7487 12 7741 16 7997 16 8251 20 8507 20 8761 22 9017 22 9253 44 9509 44 9763 46 10019 46 10273 46 10529 46 10785 44 11041 44 11297 26 11327 10 11553 26 11583 10 11811 24 12067 24 12331 14 12587 14 12849 4 13105 4
0e132f71c8b4875c3c2dd7a22997468a3e842b46aa9bd47cf7b0e8b7d63f0925,34865 10 35121 10 35375 14 35631 14 35887 16 36143 16 36399 16 36655 16 36911 16 37167 16 37423 16 37679 16 37937 12 38193 12 38451 8 38707 8
0e132f71c8b4875c3c2dd7a22997468a3e842b46aa9bd47cf7b0e8b7d63f0925,45115 6 45371 6 45625 10 45881 10 46135 14 46391 14 46647 16 46903 16 47159 16 47415 16 47671 16 47927 16 48183 16 48439 16 48697 14 48953 14 49215 6 49471 6
0e132f71c8b4875c3c2dd7a22997468a3e842b46aa9bd47cf7b0e8b7d63f0925,18491 6 18747 6 19001 10 19257 10 19513 14 19769 14 20025 18 20281 18 20537 20 20793 20 21051 18 21307 18 21563 18 21819 18 22077 16 22333 16 22589 16 22845 16 23103 14 23359 14 23617 8 23873 8
0e132f71c8b4875c3c2dd7a22997468a3e842b46aa9bd47cf7b0e8b7d63f0925,37455 8 37711 8 37965 12 38221 12 38477 12 38733 12 38989 12 39245 12 39501 10 39757 10
0e132f71c8b4875c3c2dd7a22997468a3e842b46aa9bd47cf7b0e8b7d63f0925,22615 12 22871 12 23125 14 23381 14 23637 14 23893 14 24149 14 24405 14 24661 10 24917 10 25173 6 25429 6
0e132f71c8b4875c3c2dd7a22997468a3e842b46aa9bd47cf7b0e8b7d63f0925,209 18 465 18 721 18 977 18 1235 14 1491 14
0ed3555a4bd48046d3b63d8baf03a5aa97e523aa483aaa07459e7afa39fb96c6,33795 6 34051 6 34305 10 34561 10 34817 12 35073 12 35329 12 35585 12 35841 12 36097 12 36353 10 36609 10 36865 8 37121 8
0ed3555a4bd48046d3b63d8baf03a5aa97e523aa483aaa07459e7afa39fb96c6,57867 10 58123 10 58377 12 58633 12 58887 16 59143 16 59399 16 59655 16 59911 14 60167 14 60423 14 60679 14 60937 10 61193 10 61453 4 61709 4
0ed3555a4bd48046d3b63d8baf03a5aa97e523aa483aaa07459e7afa39fb96c6,27763 4 28019 4 28271 10 28527 10 28783 12 29039 12 29295 12 29551 12 29807 12 30063 12 30321 8 30577 8
0ed3555a4bd48046d3b63d8baf03a5aa97e523aa483aaa07459e7afa39fb96c6,30843 6 31099 6 31351 12 31607 12 31863 12 32119 12 32375 12 32631 12 32887 12 33143 12 33401 8 33657 8
0ed3555a4bd48046d3b63d8baf03a5aa97e523aa483aaa07459e7afa39fb96c6,37567 6 37823 6 38075 12 38331 12 38587 12 38843 12 39095 16 39351 16 39605 18 39861 18 40117 16 40373 16 40627 14 40883 14 41141 10 41397 10 41653 8 41909 8
0ed3555a4bd48046d3b63d8baf03a5aa97e523aa483aaa07459e7afa39fb96c6,34535 16 34791 16 35045 20 35301 20 35557 22 35813 22 36069 22 36325 22 36583 20 36839 20 37073 8 37097 18 37329 8 37353 18 37583 14 37609 18 37839 14 37865 18 38093 18 38121 16 38349 18 38377 16 38605 18 38635 12 38861 18 38891 12 39117 20 39143 12 39373 20 39399 12 39631 16 39651 10 39887 16 39907 10 40141 18 40163 10 40397 18 40419 10 40653 18 40673 12 40909 18 40929 12 41165 32 41421 32 41677 18 41699 8 41933 18 41955 8 42189 18 42445 18 42703 14 42959 14 43217 10 43237 10 43473 10 43493 10 43731 8 43743 18 43987 8 43999 18 44241 34 44497 34 44751 36 45007 36 45263 36 45519 36 45775 36 46031 36 46287 14 46305 18 46543 14 46561 18 46801 12 46825 10 47057 12 47081 10 47315 8 47339 6 47571 8 47595 6
0ed3555a4bd48046d3b63d8baf03a5aa97e523aa483aaa07459e7afa39fb96c6,49383 4 49639 4 49893 6 50149 6 50407 2 50663 2
0ed3555a4bd48046d3b63d8baf03a5aa97e523aa483aaa07459e7afa39fb96c6,17149 2 17405 2 17661 4 17917 4 18171 6 18427 6 18683 6 18939 6 19195 6 19451 6 19707 6 19963 6 20221 4 20477 4 20733 4 20989 4 21243 6 21499 6 21755 6 22011 6 22269 4 22525 4 22781 4 23037 4
0f1f896d9ae5a04752d3239c690402c022db4d72c0d2c087d73380896f72c466,37893 8 38405 8 38917 8 39429 8 39941 8 40453 8 40965 24 41477 24 41989 24 42501 24 43013 24 43521 40 44033 40 44545 40 45057 40 45569 40 46081 44 46593 44 47105 44 47617 44 48129 44 48641 44 49153 48 49665 48 50177 48 50689 48 51201 48 51713 56 52225 56 52737 56 53249 56 53761 56 54273 60 54785 60 55297 60 55809 60 56321 60 56833 60 57345 64 57857 64 58369 64 58881 64 59393 64 59905 64 60417 64 60929 64 61441 64 61953 64 62465 64 62977 64 63489 64 64001 64 64513 64 65025 64 65541 60 66053 60 66565 60 67077 60 67589 60 68113 48 68625 48 69137 48 69649 48 70161 48 70677 44 71189 44 71701 44 72213 44 72725 44 73241 36 73753 36 74265 36 74777 36 75289 36 75801 36 76321 20 76833 20 77345 20 77857 20 78369 20
0f1f896d9ae5a04752d3239c690402c022db4d72c0d2c087d73380896f72c466,3025 12 3061 8 3537 12 3573 8 4049 12 4085 8 4561 12 4597 8 5073 12 5109 8 5585 12 5621 8 6089 28 6125 16 6601 28 6637 16 7113 28 7149 16 7625 28 7661 16 8137 28 8173 16 8649 56 9161 56 9673 56 10185 56 10697 56 11209 56 11721 56 12233 56 12745 56 13257 56 13769 56 14281 52 14793 52 15305 52 15817 52 16329 52 16841 52 17353 52 17865 52 18377 52 18889 52 19397 56 19909 56 20421 56 20933 56 21445 56 21953 60 22465 60 22977 60 23489 60 24001 60 24513 60 25021 64 25533 64 26045 64 26557 64 27069 64 27577 72 28089 72 28601 72 29113 72 29625 72 30129 80 30641 80 31153 80 31665 80 32177 80 32689 80 33197 84 33709 84 34221 84 34733 84 35245 84 35757 84 36269 84 36781 84 37293 84 37805 84 38289 8 38313 88 38801 8 38825 88 39313 8 39337 88 39825 8 39849 88 40337 8 40361 88 40849 8 40873 88 41353 24 41385 88 41865 24 41897 88 42377 24 42409 88 42889 24 42921 88 43401 24 43433 88 43909 124 44421 124 44933 124 45445 124 45957 124 46461 132 46973 132 47485 132 47997 132 48509 132 49021 132 49509 156 50021 156 50533 156 51045 156 51557 156 52065 68 52141 80 52577 68 52653 80 53089 68 53165 80 53601 68 53677 80 54113 68 54189 80 54621 72 54701 80 55133 72 55213 80 55645 72 55725 80 56157 72 56237 80 56669 72 56749 80 57181 72 57261 80 57693 72 57773 64 57841 12 58205 72 58285 64 58353 12 58717 72 58797 64 58865 12 59229 72 59309 64 59377 12 59741 72 59821 64 59889 12 60249 76 60333 60 60405 8 60761 76 60845 60 60917 8 61273 76 61357 60 61429 8 61785 76 61869 60 61941 8 62297 76 62381 60 62453 8 62809 76 62897 56 63321 76 63409 56 63833 76 63921 56 64345 76 64433 56 64857 76 64945 56 65369 76 65457 56 65881 72 65969 52 66393 72 66481 52 66905 72 66993 52 67417 72 67505 52 67929 72 68017 52 68441 72 68533 48 68953 72 69045 48 69465 72 69557 48 69977 72 70069 48 70489 72 70581 48 71001 72 71093 48 71513 72 71605 48 72025 72 72117 48 72537 72 72629 48 73049 72 73141 48 73557 80 73657 44 74069 80 74169 44 74581 80 74681 44 75093 80 75193 44 75605 80 75705 44 76117 80 76217 44 76629 80 76745 28 77141 80 77257 28 77653 80 77769 28 78165 80 78281 28 78677 80 78793 28 79193 84 79309 24 79705 84 79821 24 80217 84 80333 24 80729 84 80845 24 81241 84 81357 24 81753 84 81873 12 82265 84 82385 12 82777 84 82897 12 83289 84 83409 12 83801 84 83921 12 84313 84 84433 12 84829 80 84945 8 85341 80 85457 8 85853 80 85969 8 86365 80 86481 8 86877 80 86993 8 87389 80 87505 12 87901 80 88017 12 88413 80 88529 12 88925 80 89041 12 89437 80 89553 12 89953 76 90053 8 90069 20 90465 76 90565 8 90581 20 90977 76 91077 8 91093 20 91489 76 91589 8 91605 20 92001 76 92101 8 92117 20 92513 76 92613 8 92629 20 93029 76 93121 16 93145 20 93541 76 93633 16 93657 20 94053 76 94145 16 94169 20 94565 76 94657 16 94681 20 95077 76 95169 16 95193 20 95589 72 95677 48 96101 72 96189 48 96613 72 96701 48 97125 72 97213 48 97637 72 97725 48 98149 72 98237 48 98661 72 98749 48 99173 72 99261 48 99685 72 99773 48 100197 72 100285 48 100709 72 100797 48 101225 68 101309 16 101333 20 101737 68 101821 16 101845 20 102249 68 102333 16 102357 20 102761 68 102845 16 102869 20 103273 68 103357 16 103381 20 103785 64 103873 4 104297 64 104385 4 104809 64 104897 4 105321 64 105409 4 105833 64 105921 4 106345 60 106857 60 107369 60 107881 60 108393 60 108905 60 109417 56 109929 56 110441 56 110953 56 111465 56 111977 56 112489 56 113001 56 113513 56 114025 56 114533 60 115045 60 115557 60 116069 60 116581 60 117065 16 117089 64 117577 16 117601 64 118089 16 118113 64 118601 16 118625 64 119113 16 119137 64 119625 16 119649 64 120133 96 120645 96 121157 96 121669 96 122181 96 122689 100 123201 100 123713 100 124225 100 124737 100 125249 100 125761 100 126273 100 126785 100 127297 100 127809 100 128297 124 128809 124 129321 124 129833 124 130345 124 130853 88 130953 28 131365 88 131465 28 131877 88 131977 28 132389 88 132489 28 132901 88 133001 28 133413 84 133529 4 133925 84 134041 4 134437 84 134553 4 134949 84 135065 4 135461 84 135577 4 135973 84 136089 4 136485 88 136997 88 137509 88 138021 88 138533 88 139045 88 139557 88 140069 88 140581 88 141093 88 141605 92 142117 92 142629 92 143141 92 143653 92 144165 92 144681 92 145193 92 145705 92 146217 92 146729 92 147201 16 147241 96 147713 16 147753 96 148225 16 148265 96 148737 16 148777 96 149249 16 149289 96 149753 40 149801 100 150265 40 150313 100 150777 40 150825 100 151289 40 151337 100 151801 40 151849 100 152313 40 152361 100 152821 156 153333 156 153845 156 154357 156 154869 156 155381 160 155893 160 156405 160 156917 160 157429 160 157941 164 158453 164 158965 164 159477 164 159989 164 160273 16 160417 20 160501 164 160785 16 160929 20 161013 164 161297 16 161441 20 161525 164 161809 16 161953 20 162037 164 162321 16 162465 20 162549 164 162833 16 162977 20 163061 164 163337 32 163485 28 163577 160 163849 32 163997 28 164089 160 164361 32 164509 28 164601 160 164873 32 165021 28 165113 160 165385 32 165533 28 165625 160 165893 40 166045 32 166145 152 166405 40 166557 32 166657 152 166917 40 167069 32 167169 152 167429 40 167581 32 167681 152 167941 40 168093 32 168193 152 168449 68 168549 28 168605 36 168713 140 168961 68 169061 28 169117 36 169225 140 169473 68 169573 28 169629 36 169737 140 169985 68 170085 28 170141 36 170249 140 170497 68 170597 28 170653 36 170761 140 171009 68 171109 28 171165 36 171273 140 171521 72 171613 44 171677 36 171785 92 171893 28 172033 72 172125 44 172189 36 172297 92 172405 28 172545 72 172637 44 172701 36 172809 92 172917 28 173057 72 173149 44 173213 36 173321 92 173429 28 173569 72 173661 44 173725 36 173833 92 173941 28 174081 140 174233 40 174345 96 174593 140 174745 40 174857 96 175105 140 175257 40 175369 96 175617 140 175769 40 175881 96 176129 140 176281 40 176393 96 176641 192 176905 100 177153 192 177417 100 177665 192 177929 100 178177 192 178441 100 178689 192 178953 100 179201 192 179465 100 179713 192 179977 100 180225 192 180489 100 180737 192 181001 100 181249 192 181513 100 181761 192 182025 100 182273 188 182537 104 182785 188 183049 104 183297 188 183561 104 183809 188 184073 104 184321 188 184585 104 184833 24 184869 152 185061 8 185101 104 185345 24 185381 152 185573 8 185613 104 185857 24 185893 152 186085 8 186125 104 186369 24 186405 152 186597 8 186637 104 186881 24 186917 152 187109 8 187149 104 187393 24 187429 152 187621 8 187661 104 187905 20 187941 148 188129 24 188173 112 188417 20 188453 148 188641 24 188685 112 188929 20 188965 148 189153 24 189197 112 189441 20 189477 148 189665 24 189709 112 189953 20 189989 148 190177 24 190221 112 190465 20 190505 120 190629 12 190685 36 190733 116 190977 20 191017 120 191141 12 191197 36 191245 116 191489 20 191529 120 191653 12 191709 36 191757 116 192001 20 192041 120 192165 12 192221 36 192269 116 192513 20 192553 120 192677 12 192733 36 192781 116 193025 20 193069 96 193177 28 193245 164 193537 20 193581 96 193689 28 193757 164 194049 20 194093 96 194201 28 194269 164 194561 20 194605 96 194713 28 194781 164 195073 20 195117 96 195225 28 195293 164 195585 20 195629 96 195737 28 195805 164 196097 20 196145 52 196205 24 196241 40 196313 160 196481 4 196609 20 196657 52 196717 24 196753 40 196825 160 196993 4 197121 20 197169 52 197229 24 197265 40 197337 160 197505 4 197633 20 197681 52 197741 24 197777 40 197849 160 198017 4 198145 20 198193 52 198253 24 198289 40 198361 160 198529 4 198657 24 198689 4 198705 48 198773 12 198797 48 198873 136 199169 24 199201 4 199217 48 199285 12 199309 48 199385 136 199681 24 199713 4 199729 48 199797 12 199821 48 199897 136 200193 24 200225 4 200241 48 200309 12 200333 48 200409 136 200705 24 200737 4 200753 48 200821 12 200845 48 200921 136 201217 96 201357 52 201433 136 201729 96 201869 52 201945 136 202241 96 202381 52 202457 136 202753 96 202893 52 202969 136 203265 96 203405 52 203481 136 203777 100 203913 60 203993 140 204289 100 204425 60 204505 140 204801 100 204937 60 205017 140 205313 100 205449 60 205529 140 205825 100 205961 60 206041 140 206337 100 206473 60 206553 140 206853 96 206985 60 207065 144 207365 96 207497 60 207577 144 207877 96 208009 60 208089 144 208389 96 208521 60 208601 144 208901 96 209033 60 209113 144 209413 96 209545 60 209625 144 209925 96 210057 60 210137 144 210437 96 210569 60 210649 144 210949 96 211081 60 211161 144 211461 96 211593 60 211673 144 211973 20 212005 64 212105 60 212185 148 212485 20 212517 64 212617 60 212697 148 212997 20 213029 64 213129 60 213209 148 213509 20 213541 64 213641 60 213721 148 214021 20 214053 64 214153 60 214233 148 214533 20 214565 64 214665 60 214745 148 215045 20 215077 60 215141 16 215181 56 215253 148 215557 20 215589 60 215653 16 215693 56 215765 148 216069 20 216101 60 216165 16 216205 56 216277 148 216581 20 216613 60 216677 16 216717 56 216789 148 217093 20 217125 60 217189 16 217229 56 217301 148 217605 88 217697 24 217741 176 217921 40 218117 88 218209 24 218253 176 218433 40 218629 88 218721 24 218765 176 218945 40 219141 88 219233 24 219277 176 219457 40 219653 88 219745 24 219789 176 219969 40 220165 48 220221 20 220257 36 220301 176 220489 32 220677 48 220733 20 220769 36 220813 176 221001 32 221189 48 221245 20 221281 36 221325 176 221513 32 221701 48 221757 20 221793 36 221837 176 222025 32 222213 48 222269 20 222305 36 222349 176 222537 32 222725 48 222781 20 222817 36 222861 176 223049 32 223241 56 223329 40 223373 136 223513 36 223565 28 223753 56 223841 40 223885 136 224025 36 224077 28 224265 56 224353 40 224397 136 224537 36 224589 28 224777 56 224865 40 224909 136 225049 36 225101 28 225289 56 225377 40 225421 136 225561 36 225613 28 225805 56 225905 24 225937 124 226073 32 226125 24 226317 56 226417 24 226449 124 226585 32 226637 24 226829 56 226929 24 226961 124 227097 32 227149 24 227341 56 227441 24 227473 124 227609 32 227661 24 227853 56 227953 24 227985 124 228121 32 228173 24 228369 16 228397 28 228469 20 228501 28 228541 72 228629 36 228689 16 228881 16 228909 28 228981 20 229013 28 229053 72 229141 36 229201 16 229393 16 229421 28 229493 20 229525 28 229565 72 229653 36 229713 16 229905 16 229933 28 230005 20 230037 28 230077 72 230165 36 230225 16 230417 16 230445 28 230517 20 230549 28 230589 72 230677 36 230737 16 230929 16 230957 28 231029 20 231061 28 231101 72 231189 36 231249 16 231469 32 231541 16 231581 12 231609 76 231701 36 231981 32 232053 16 232093 12 232121 76 232213 36 232493 32 232565 16 232605 12 232633 76 232725 36 233005 32 233077 16 233117 12 233145 76 233237 36 233517 32 233589 16 233629 12 233657 76 233749 36 234025 40 234081 24 234165 80 234261 36 234537 40 234593 24 234677 80 234773 36 235049 40 235105 24 235189 80 235285 36 235561 40 235617 24 235701 80 235797 36 236073 40 236129 24 236213 80 236309 36 236585 44 236637 28 236721 24 236757 44 236821 32 237097 44 237149 28 237233 24 237269 44 237333 32 237609 44 237661 28 237745 24 237781 44 237845 32 238121 44 238173 28 238257 24 238293 44 238357 32 238633 44 238685 28 238769 24 238805 44 238869 32 239145 44 239197 28 239281 24 239317 44 239381 32 239645 60 239709 28 239793 24 239829 32 239893 32 240157 60 240221 28 240305 24 240341 32 240405 32 240669 60 240733 28 240817 24 240853 32 240917 32 241181 60 241245 28 241329 24 241365 32 241429 32 241693 60 241757 28 241841 24 241877 32 241941 32 242201 60 242277 20 242317 20 242349 28 242389 32 242449 40 242713 60 242789 20 242829 20 242861 28 242901 32 242961 40 243225 60 243301 20 243341 20 243373 28 243413 32 243473 40 243737 60 243813 20 243853 20 243885 28 243925 32 243985 40 244249 60 244325 20 244365 20 244397 28 244437 32 244497 40 244757 60 244873 64 244949 36 245005 48 245269 60 245385 64 245461 36 245517 48 245781 60 245897 64 245973 36 246029 48 246293 60 246409 64 246485 36 246541 48 246805 60 246921 64 246997 36 247053 48 247313 64 247433 64 247505 44 247561 52 247825 64 247945 64 248017 44 248073 52 248337 64 248457 64 248529 44 248585 52 248849 64 248969 64 249041 44 249097 52 249361 64 249481 64 249553 44 249609 52 249873 64 249993 64 250065 44 250121 52 250381 76 250505 64 250577 44 250637 48 250893 76 251017 64 251089 44 251149 48 251405 76 251529 64 251601 44 251661 48 251917 76 252041 64 252113 44 252173 48 252429 76 252553 64 252625 44 252685 48 252933 88 253065 120 253197 20 253445 88 253577 120 253709 20 253957 88 254089 120 254221 20 254469 88 254601 120 254733 20 254981 88 255113 120 255245 20 255489 96 255625 120 255761 28 255813 20 256001 96 256137 120 256273 28 256325 20 256513 96 256649 120 256785 28 256837 20 257025 96 257161 120 257297 28 257349 20 257537 96 257673 120 257809 28 257861 20 258049 96 258185 120 258321 28 258373 20 258561 104 258697 56 258761 52 258837 36 258885 20 259073 104 259209 56 259273 52 259349 36 259397 20 259585 104 259721 56 259785 52 259861 36 259909 20 260097 104 260233 56 260297 52 260373 36 260421 20 260609 104 260745 56 260809 52 260885 36 260933 20 261121 108 261257 52 261325 44 261397 68 261633 108 261769 52 261837 44 261909 68 262145 108 262281 52 262349 44 262421 68 262657 108 262793 52 262861 44 262933 68 263169 108 263305 52 263373 44 263445 68 263681 32 263733 64 263817 40 263889 36 263961 64 264193 32 264245 64 264329 40 264401 36 264473 64 264705 32 264757 64 264841 40 264913 36 264985 64 265217 32 265269 64 265353 40 265425 36 265497 64 265729 32 265781 64 265865 40 265937 36 266009 64 266241 32 266293 64 266377 40 266449 36 266521 64 266753 28 266805 72 266893 32 266969 8 267033 64 267265 28 267317 72 267405 32 267481 8 267545 64 267777 28 267829 72 267917 32 267993 8 268057 64 268289 28 268341 72 268429 32 268505 8 268569 64 268801 28 268853 72 268941 32 269017 8 269081 64 269313 24 269365 12 269385 56 269453 28 269593 52 269825 24 269877 12 269897 56 269965 28 270105 52 270337 24 270389 12 270409 56 270477 28 270617 52 270849 24 270901 12 270921 56 270989 28 271129 52 271361 24 271413 12 271433 56 271501 28 271641 52 271873 20 271925 12 271965 24 272017 24 272157 48 272385 20 272437 12 272477 24 272529 24 272669 48 272897 20 272949 12 272989 24 273041 24 273181 48 273409 20 273461 12 273501 24 273553 24 273693 48 273921 20 273973 12 274013 24 274065 24 274205 48 274433 20 274485 12 274525 24 274577 24 274717 48 274945 16 274997 8 275097 12 275245 28 275457 16 275509 8 275609 12 275757 28 275969 16 276021 8 276121 12 276269 28 276481 16 276533 8 276633 12 276781 28 276993 16 277045 8 277145 12 277293 28 277505 12 277809 24 278017 12 278321 24 278529 12 278833 24 279041 12 279345 24 279553 12 279857 24 280069 4 280373 16 280581 4 280885 16 281093 4 281397 16 281605 4 281909 16 282117 4 282421 16 282629 4 282933 16 283449 12 283961 12 284473 12 284985 12 285497 12 286013 4 286525 4 287037 4 287549 4 288061 4
0f1f896d9ae5a04752d3239c690402c022db4d72c0d2c087d73380896f72c466,13925 24 14437 24 14949 24 15461 24 15973 24 16401 12 16477 36 16913 12 16989 36 17425 12 17501 36 17937 12 18013 36 18449 12 18525 36 18961 20 19029 44 19473 20 19541 44 19985 20 20053 44 20497 20 20565 44 21009 20 21077 44 21521 28 21585 48 22033 28 22097 48 22545 28 22609 48 23057 28 23121 48 23569 28 23633 48 24081 28 24145 48 24597 36 24653 48 25109 36 25165 48 25621 36 25677 48 26133 36 26189 48 26645 36 26701 48 27157 40 27209 52 27669 40 27721 52 28181 40 28233 52 28693 40 28745 52 29205 40 29257 52 29733 84 30245 84 30757 84 31269 84 31781 84 32293 84 32809 80 33321 80 33833 80 34345 80 34857 80 35369 76 35469 8 35881 76 35981 8 36393 76 36493 8 36905 76 37005 8 37417 76 37517 8 37949 56 38025 20 38461 56 38537 20 38973 56 39049 20 39485 56 39561 20 39997 56 40073 20 40509 56 40585 20 41021 56 41093 28 41533 56 41605 28 42045 56 42117 28 42557 56 42629 28 43069 56 43141 28 43585 96 44097 96 44609 96 45121 96 45633 96 46149 96 46661 96 47173 96 47685 96 48197 96 48709 96 49249 72 49761 72 50273 72 50785 72 51297 72 51805 64 51873 12 52317 64 52385 12 52829 64 52897 12 53341 64 53409 12 53853 64 53921 12 54361 56 54873 56 55385 56 55897 56 56409 56 56921 56 57433 52 57945 52 58457 52 58969 52 59481 52 59989 52 60501 52 61013 52 61525 52 62037 52 62549 52 63061 52 63573 52 64085 52 64597 52 65109 52 65621 56 66133 56 66645 56 67157 56 67669 56 68181 56 68693 56 69205 56 69717 56 70229 56 70741 56 71253 56 71765 56 72277 56 72789 56 73309 4 73321 36 73821 4 73833 36 74333 4 74345 36 74845 4 74857 36 75357 4 75369 36 75869 4 75881 36 76393 36 76905 36 77417 36 77929 36 78441 36 78953 32 79465 32 79977 32 80489 32 81001 32 81513 32 82025 32 82537 32 83049 32 83561 32 84073 32 84585 28 85097 28 85609 28 86121 28 86633 28 87145 24 87657 24 88169 24 88681 24 89193 24 89709 16 90221 16 90733 16 91245 16 91757 16 92269 16
0f1f896d9ae5a04752d3239c690402c022db4d72c0d2c087d73380896f72c466,288281 8 288793 8 289305 8 289817 8 290329 8 290841 8 291353 8 291865 8 292377 8 292889 8 293401 8 293913 4 294425 4 294937 4 295449 4 295961 4
0f1f896d9ae5a04752d3239c690402c022db4d72c0d2c087d73380896f72c466,128061 12 128573 12 129085 12 129597 12 130109 12 130613 24 131125 24 131637 24 132149 24 132661 24 133169 32 133681 32 134193 32 134705 32 135217 32 135729 32 136237 36 136749 36 137261 36 137773 36 138285 36 138793 40 139305 40 139817 40 140329 40 140841 40 141353 36 141865 36 142377 36 142889 36 143401 36 143913 36 144421 40 144933 40 145445 40 145957 40 146469 40 146981 32 147493 32 148005 32 148517 32 149029 32 149541 28 150053 28 150565 28 151077 28 151589 28 152101 28 152617 16 153129 16 153641 16 154153 16 154665 16 155181 4 155693 4 156205 4 156717 4 157229 4
0f1f896d9ae5a04752d3239c690402c022db4d72c0d2c087d73380896f72c466,138853 12 139365 12 139877 12 140389 12 140901 12 141409 28 141921 28 142433 28 142945 28 143457 28 143969 28 144477 32 144989 32 145501 32 146013 32 146525 32 147037 32 147549 32 148061 32 148573 32 149085 32 149593 32 150105 32 150617 32 151129 32 151641 32 152153 32 152669 8 153181 8 153693 8 154205 8 154717 8
0f1f896d9ae5a04752d3239c690402c022db4d72c0d2c087d73380896f72c466,92813 12 92869 28 93325 12 93381 28 93837 12 93893 28 94349 12 94405 28 94861 12 94917 28 95361 56 95425 36 95873 56 95937 36 96385 56 96449 36 96897 56 96961 36 97409 56 97473 36 97917 108 98429 108 98941 108 99453 108 99965 108 100477 108 100981 64 101049 48 101493 64 101561 48 102005 64 102073 48 102517 64 102585 48 103029 64 103097 48 103541 56 103609 48 104053 56 104121 48 104565 56 104633 48 105077 56 105145 48 105589 56 105657 48 106097 56 106169 44 106609 56 106681 44 107121 56 107193 44 107633 56 107705 44 108145 56 108217 44 108657 56 108729 44 109165 28 109197 24 109241 40 109677 28 109709 24 109753 40 110189 28 110221 24 110265 40 110701 28 110733 24 110777 40 111213 28 111245 24 111289 40 111721 28 111757 20 111801 40 112233 28 112269 20 112313 40 112745 28 112781 20 112825 40 113257 28 113293 20 113337 40 113769 28 113805 20 113849 40 114281 56 114361 36 114793 56 114873 36 115305 56 115385 36 115817 56 115897 36 116329 56 116409 36 116837 56 116921 40 117349 56 117433 40 117861 56 117945 40 118373 56 118457 40 118885 56 118969 40 119397 56 119481 40 119909 52 119997 40 120421 52 120509 40 120933 52 121021 40 121445 52 121533 40 121957 52 122045 40 122473 44 122585 12 122985 44 123097 12 123497 44 123609 12 124009 44 124121 12 124521 44 124633 12 125037 40 125145 8 125549 40 125657 8 126061 40 126169 8 126573 40 126681 8 127085 40 127193 8 127597 40 127705 8 128117 24 128629 24 129141 24 129653 24 130165 24
0f1f896d9ae5a04752d3239c690402c022db4d72c0d2c087d73380896f72c466,312933 8 313445 8 313957 8 314469 8 314981 8 315497 8 316009 8 316521 8 317033 8 317545 8 318057 8 318569 8 319081 8 319593 8 320105 8 320617 8
0f1f896d9ae5a04752d3239c690402c022db4d72c0d2c087d73380896f72c466,161 20 673 20 1185 20 1697 20 2209 20 2717 24 2761 20 3229 24 3273 20 3741 24 3785 20 4253 24 4297 20 4765 24 4809 20 5277 24 5321 20 5785 72 6297 72 6809 72 7321 72 7833 72 8345 76 8857 76 9369 76 9881 76 10393 76 10901 88 11413 88 11925 88 12437 88 12949 88 13461 88 13973 92 14485 92 14997 92 15509 92 16021 92 16533 96 17045 96 17557 96 18069 96 18581 96 19093 100 19605 100 20117 100 20629 100 21141 100 21653 100 22165 100 22677 100 23189 100 23701 100 24213 100 24725 20 24749 80 25237 20 25261 80 25749 20 25773 80 26261 20 26285 80 26773 20 26797 80 27289 12 27313 76 27801 12 27825 76 28313 12 28337 76 28825 12 28849 76 29337 12 29361 76 29877 44 29929 20 30389 44 30441 20 30901 44 30953 20 31413 44 31465 20 31925 44 31977 20 32437 44 32489 20 32961 28 33001 16 33473 28 33513 16 33985 28 34025 16 34497 28 34537 16 35009 28 35049 16 35525 16 35557 20 36037 16 36069 20 36549 16 36581 20 37061 16 37093 20 37573 16 37605 20 38085 52 38597 52 39109 52 39621 52 40133 52 40645 52 41157 48 41669 48 42181 48 42693 48 43205 48 43721 44 44233 44 44745 44 45257 44 45769 44 46281 40 46793 40 47305 40 47817 40 48329 40 48841 40 49349 44 49861 44 50373 44 50885 44 51397 44 51913 44 52425 44 52937 44 53449 44 53961 44 54477 40 54989 40 55501 40 56013 40 56525 40 57037 40 57549 40 58061 40 58573 40 59085 40 59597 40 60109 40 60621 40 61133 40 61645 40 62157 40 62665 44 63177 44 63689 44 64201 44 64713 44 65225 44 65737 44 66249 44 66761 44 67273 44 67785 44 68293 44 68805 44 69317 44 69829 44 70341 44 70849 44 71361 44 71873 44 72385 44 72897 44 73409 36 73921 36 74433 36 74945 36 75457 36 75969 36 76481 32 76993 32 77505 32 78017 32 78529 32 79041 28 79553 28 80065 28 80577 28 81089 28 81601 20 82113 20 82625 20 83137 20 83649 20 84161 20 84677 8 85189 8 85701 8 86213 8 86725 8
0f1f896d9ae5a04752d3239c690402c022db4d72c0d2c087d73380896f72c466,62633 12 63145 12 63657 12 64169 12 64681 12 65193 12 65697 20 66209 20 66721 20 67233 20 67745 20 68257 20 68769 20 69281 20 69793 20 70305 20 70817 20 71329 20 71841 20 72353 20 72865 20 73377 16 73889 16 74401 16 74913 16 75425 16 75937 16 76453 8 76965 8 77477 8 77989 8 78501 8
0f1f896d9ae5a04752d3239c690402c022db4d72c0d2c087d73380896f72c466,133285 8 133797 8 134309 8 134821 8 135333 8 135845 8 136361 4 136873 4 137385 4 137897 4 138409 4 138921 8 139433 8 139945 8 140457 8 140969 8 141481 16 141993 16 142505 16 143017 16 143529 16 144041 16 144557 8 145069 8 145581 8 146093 8 146605 8
0f1f896d9ae5a04752d3239c690402c022db4d72c0d2c087d73380896f72c466,331945 4 332457 4 332969 4 333481 4 333993 4
0f1f896d9ae5a04752d3239c690402c022db4d72c0d2c087d73380896f72c466,275129 4 275641 4 276153 4 276665 4 277177 4 277685 8 278197 8 278709 8 279221 8 279733 8 280245 12 280757 12 281269 12 281781 12 282293 12 282805 12 283313 16 283825 16 284337 16 284849 16 285361 16 285873 20 286385 20 286897 20 287409 20 287921 20 288437 16 288949 16 289461 16 289973 16 290485 16 290997 16 291509 16 292021 16 292533 16 293045 16 293557 16 294073 16 294585 16 295097 16 295609 16 296121 16 296633 16 297145 16 297657 16 298169 16 298681 16 299193 24 299705 24 300217 24 300729 24 301241 24 301753 24 302265 28 302777 28 303289 28 303801 28 304313 28 304829 28 305341 28 305853 28 306365 28 306877 28 307393 32 307905 32 308417 32 308929 32 309441 32 309953 32 310469 32 310981 32 311493 32 312005 32 312517 32 313033 32 313085 12 313545 32 313597 12 314057 32 314109 12 314569 32 314621 12 315081 32 315133 12 315597 60 316109 60 316621 60 317133 60 317645 60 318157 60 318677 48 319189 48 319701 48 320213 48 320725 48 321245 36 321757 36 322269 36 322781 36 323293 36 323813 24 324325 24 324837 24 325349 24 325861 24 326373 24 326885 16 327397 16 327909 16 328421 16 328933 16 329445 4 329957 4 330469 4 330981 4 331493 4 331997 8 332509 8 333021 8 333533 8 334045 8 334553 8 335065 8 335577 8 336089 8 336601 8 337113 8
0f1f896d9ae5a04752d3239c690402c022db4d72c0d2c087d73380896f72c466,73489 16 74001 16 74513 16 75025 16 75537 16 76049 16 76557 24 77069 24 77581 24 78093 24 78605 24 79113 28 79625 28 80137 28 80649 28 81161 28 81669 32 82181 32 82693 32 83205 32 83717 32 84229 32 84741 32 85253 32 85765 32 86277 32 86789 32 87301 28 87813 28 88325 28 88837 28 89349 28 89865 20 90377 20 90889 20 91401 20 91913 20 92425 20 92937 16 93449 16 93961 16 94473 16 94985 16 95497 12 96009 12 96521 12 97033 12 97545 12 98053 20 98565 20 99077 20 99589 20 100101 20 100613 20 101121 28 101633 28 102145 28 102657 28 103169 28 103677 32 104189 32 104701 32 105213 32 105725 32 106233 36 106745 36 107257 36 107769 36 108281 36 108793 36 109305 32 109817 32 110329 32 110841 32 111353 32 111865 24 112377 24 112889 24 113401 24 113913 24 114425 16 114937 16 115449 16 115961 16 116473 16 116985 8 117497 8 118009 8 118521 8 119033 8 119545 8
0f1f896d9ae5a04752d3239c690402c022db4d72c0d2c087d73380896f72c466,269 16 781 16 1293 16 1805 16 2317 16 2821 56 3333 56 3845 56 4357 56 4869 56 5381 56 5889 64 6401 64 6913 64 7425 64 7937 64 8445 76 8957 76 9469 76 9981 76 10493 76 11005 80 11517 80 12029 80 12541 80 13053 80 13565 80 14077 80 14589 80 15101 80 15613 80 16125 80 16641 8 16661 56 17153 8 17173 56 17665 8 17685 56 18177 8 18197 56 18689 8 18709 56 19209 68 19721 68 20233 68 20745 68 21257 68 21765 72 22277 72 22789 72 23301 72 23813 72 24325 72 24837 72 25349 72 25861 72 26373 72 26885 72 27397 76 27485 4 27909 76 27997 4 28421 76 28509 4 28933 76 29021 4 29445 76 29533 4 29957 104 30469 104 30981 104 31493 104 32005 104 32517 104 33029 104 33541 104 34053 104 34565 104 35077 104 35589 104 36101 104 36613 104 37125 104 37637 104 38149 100 38661 100 39173 100 39685 100 40197 100 40709 100 41221 12 41241 80 41733 12 41753 80 42245 12 42265 80 42757 12 42777 80 43269 12 43289 80 43801 76 44313 76 44825 76 45337 76 45849 76 46353 80 46865 80 47377 80 47889 80 48401 80 48913 80 49421 68 49933 68 50445 68 50957 68 51469 68 51977 68 52489 68 53001 68 53513 68 54025 68 54533 40 54585 16 55045 40 55097 16 55557 40 55609 16 56069 40 56121 16 56581 40 56633 16 57093 40 57145 16 57605 36 58117 36 58629 36 59141 36 59653 36 60165 32 60677 32 61189 32 61701 32 62213 32 62721 32 63233 32 63745 32 64257 32 64769 32 65281 32 65793 24 66305 24 66817 24 67329 24 67841 24 68353 20 68865 20 69377 20 69889 20 70401 20
0f1f896d9ae5a04752d3239c690402c022db4d72c0d2c087d73380896f72c466,302369 24 302881 24 303393 24 303905 24 304417 24 304929 24 305441 24 305953 24 306465 24 306977 24 307501 12 308013 12 308525 12 309037 12 309549 12 310061 12 310577 8 311089 8 311601 8 312113 8 312625 8
0f1f896d9ae5a04752d3239c690402c022db4d72c0d2c087d73380896f72c466,89925 4 90437 4 90949 4 91461 4 91973 4 92485 4 92993 8 93505 8 94017 8 94529 8 95041 8
0f1f896d9ae5a04752d3239c690402c022db4d72c0d2c087d73380896f72c466,253421 8 253933 8 254445 8 254957 8 255469 8 255977 12 256489 12 257001 12 257513 12 258025 12 258537 12 259045 16 259557 16 260069 16 260581 16 261093 16 261605 16 262117 16 262629 16 263141 16 263653 16 264161 16 264673 16 265185 16 265697 16 266209 16 266721 16 267233 16 267745 16 268257 16 268769 16 269281 16 269789 16 270301 16 270813 16 271325 16 271837 16 272349 16 272861 16 273373 16 273885 16 274397 16 274909 16 275417 16 275929 16 276441 16 276953 16 277465 16 277973 16 278485 16 278997 16 279509 16 280021 16 280529 16 281041 16 281553 16 282065 16 282577 16 283089 16 283597 12 284109 12 284621 12 285133 12 285645 12 286149 12 286661 12 287173 12 287685 12 288197 12 288697 20 289209 20 289721 20 290233 20 290745 20 291257 20 291769 20 292281 20 292793 20 293305 20 293817 20 294325 20 294837 20 295349 20 295861 20 296373 20 296885 16 297397 16 297909 16 298421 16 298933 16 299445 12 299957 12 300469 12 300981 12 301493 12 302005 12 302513 12 303025 12 303537 12 304049 12 304561 12 305053 28 305565 28 306077 28 306589 28 307101 28 307601 36 308113 36 308625 36 309137 36 309649 36 310161 36 310617 4 310661 44 311129 4 311173 44 311641 4 311685 44 312153 4 312197 44 312665 4 312709 44 313161 32 313209 56 313673 32 313721 56 314185 32 314233 56 314697 32 314745 56 315209 32 315257 56 315721 96 316233 96 316745 96 317257 96 317769 96 318281 96 318793 80 319305 80 319817 80 320329 80 320841 80 321357 60 321869 60 322381 60 322893 60 323405 60 323921 44 324433 44 324945 44 325457 44 325969 44 326481 44
0f1f896d9ae5a04752d3239c690402c022db4d72c0d2c087d73380896f72c466,2905 8 3417 8 3929 8 4441 8 4953 8 5465 8
0f1f896d9ae5a04752d3239c690402c022db4d72c0d2c087d73380896f72c466,255853 4 256365 4 256877 4 257389 4 257901 4 258413 4 258925 8 259437 8 259949 8 260461 8 260973 8 261485 12 261997 12 262509 12 263021 12 263533 12 264049 12 264561 12 265073 12 265585 12 266097 12 266609 12 267121 16 267633 16 268145 16 268657 16 269169 16 269685 16 270197 16 270709 16 271221 16 271733 16 272245 20 272757 20 273269 20 273781 20 274293 20 274805 20 275317 28 275829 28 276341 28 276853 28 277365 28 277881 24 278393 24 278905 24 279417 24 279929 24 280441 28 280953 28 281465 28 281977 28 282489 28 283001 28 283517 24 284029 24 284541 24 285053 24 285565 24 286081 24 286593 24 287105 24 287617 24 288129 24 288645 20 289157 20 289669 20 290181 20 290693 20 291213 16 291725 16 292237 16 292749 16 293261 16 293773 16 294289 8 294801 8 295313 8 295825 8 296337 8
0f1f896d9ae5a04752d3239c690402c022db4d72c0d2c087d73380896f72c466,212397 16 212909 16 213421 16 213933 16 214445 16 214957 16 215457 44 215969 44 216481 44 216993 44 217505 44 217973 12 218005 64 218485 12 218517 64 218997 12 219029 64 219509 12 219541 64 220021 12 220053 64 220533 16 220561 72 221045 16 221073 72 221557 16 221585 72 222069 16 222097 72 222581 16 222609 72 223093 16 223121 72 223605 16 223633 76 224117 16 224145 76 224629 16 224657 76 225141 16 225169 76 225653 16 225681 76 226165 108 226677 108 227189 108 227701 108 228213 108 228741 44 228797 40 229253 44 229309 40 229765 44 229821 40 230277 44 230333 40 230789 44 230845 40 231301 44 231357 40 231821 28 231877 36 232333 28 232389 36 232845 28 232901 36 233357 28 233413 36 233869 28 233925 36 234385 20 234441 32 234897 20 234953 32 235409 20 235465 32 235921 20 235977 32 236433 20 236489 32 236949 16 237009 24 237461 16 237521 24 237973 16 238033 24 238485 16 238545 24 238997 16 239057 24 239509 16 239569 24 240025 12 240537 12 241049 12 241561 12 242073 12
0f1f896d9ae5a04752d3239c690402c022db4d72c0d2c087d73380896f72c466,389 8 901 8 1413 8 1925 8 2437 8 2945 24 3457 24 3969 24 4481 24 4993 24 5505 24 6021 16 6533 16 7045 16 7557 16 8069 16 8589 4 9101 4 9613 4 10125 4 10637 4
0f1f896d9ae5a04752d3239c690402c022db4d72c0d2c087d73380896f72c466,204173 8 204685 8 205197 8 205709 8 206221 8 206733 8 207249 8 207761 8 208273 8 208785 8 209297 8 209813 8 210325 8 210837 8 211349 8 211861 8
0f1f896d9ae5a04752d3239c690402c022db4d72c0d2c087d73380896f72c466,112065 4 112577 4 113089 4 113601 4 114113 4 114621 12 115133 12 115645 12 116157 12 116669 12 117181 16 117693 16 118205 16 118717 16 119229 16 119741 16 120257 12 120769 12 121281 12 121793 12 122305 12 122825 12 123337 12 123849 12 124361 12 124873 12 125389 16 125901 16 126413 16 126925 16 127437 16 127949 16 128465 24 128977 24 129489 24 130001 24 130513 24 131025 32 131537 32 132049 32 132561 32 133073 32 133561 4 133581 36 134073 4 134093 36 134585 4 134605 36 135097 4 135117 36 135609 4 135629 36 136121 4 136141 36 136625 20 136653 36 137137 20 137165 36 137649 20 137677 36 138161 20 138189 36 138673 20 138701 36 139185 68 139697 68 140209 68 140721 68 141233 68 141745 20 141773 36 142257 20 142285 36 142769 20 142797 36 143281 20 143309 36 143793 20 143821 36 144305 20 144333 36 144817 16 144849 32 145329 16 145361 32 145841 16 145873 32 146353 16 146385 32 146865 16 146897 32 147377 16 147417 20 147889 16 147929 20 148401 16 148441 20 148913 16 148953 20 149425 16 149465 20 149941 12 150453 12 150965 12 151477 12 151989 12 152501 12 153013 12 153525 12 154037 12 154549 12 155061 12 155561 28 156073 28 156585 28 157097 28 157609 28 158117 12 158137 20 158629 12 158649 20 159141 12 159161 20 159653 12 159673 20 160165 12 160185 20 160701 32 161213 32 161725 32 162237 32 162749 32 163261 32 163777 48 164289 48 164801 48 165313 48 165825 48 166341 48 166853 48 167365 48 167877 48 168389 48 168909 40 169421 40 169933 40 170445 40 170957 40 171469 40 171993 28 172505 28 173017 28 173529 28 174041 28 174557 24 175069 24 175581 24 176093 24 176605 24 177121 12 177633 12 178145 12 178657 12 179169 12 179681 12
0f1f896d9ae5a04752d3239c690402c022db4d72c0d2c087d73380896f72c466,190913 24 191425 24 191937 24 192449 24 192961 24 193485 8 193997 8 194509 8 195021 8 195533 8 196045 8
0f1f896d9ae5a04752d3239c690402c022db4d72c0d2c087d73380896f72c466,185317 4 185829 4 186341 4 186853 4 187365 4 187877 4 188385 12 188897 12 189409 12 189921 12 190433 12 190949 12 191461 12 191973 12 192485 12 192997 12
1747f62148a919c8feb6d607faeebdf504b5e2ad42b6b1710b1189c37ebcdb2c,153601 8 154113 8 154625 8 155137 8 155649 8 156161 8 156673 8 157185 8 157697 8 158209 8 158721 8 159233 8 159745 8 160257 8 160769 8
1747f62148a919c8feb6d607faeebdf504b5e2ad42b6b1710b1189c37ebcdb2c,176645 16 177157 16 177669 16 178181 16 178693 16 179201 24 179713 24 180225 24 180737 24 181249 24 181761 28 182273 28 182785 28 183297 28 183809 28 184321 32 184833 32 185345 32 185857 32 186369 32 186881 36 187393 36 187905 36 188417 36 188929 36 189441 40 189953 40 190465 40 190977 40 191489 40 192001 40 192513 40 193025 40 193537 40 194049 40 194561 44 195073 44 195585 44 196097 44 196609 44 197121 44 197633 44 198145 44 198657 44 199169 44 199681 44 200193 44 200705 44 201217 44 201729 44 202241 44 202753 44 203265 44 203777 44 204289 44 204801 44 205313 44 205825 44 206337 44 206849 44 207361 44 207873 44 208385 44 208897 44 209409 44 209921 40 210433 40 210945 40 211457 40 211969 40 212481 40 212993 40 213505 40 214017 40 214529 40 215041 36 215553 36 216065 36 216577 36 217089 36 217605 28 218117 28 218629 28 219141 28 219653 28
1747f62148a919c8feb6d607faeebdf504b5e2ad42b6b1710b1189c37ebcdb2c,271365 4 271877 4 272389 4 272901 4 273413 4 273921 12 274433 12 274945 12 275457 12 275969 12 276481 16 276993 16 277505 16 278017 16 278529 16 279041 20 279553 20 280065 20 280577 20 281089 20 281601 20 282113 20 282625 20 283137 20 283649 20 284161 20 284673 20 285185 20 285697 20 286209 20 286721 20 287233 20 287745 20 288257 20 288769 20 289281 16 289793 16 290305 16 290817 16 291329 16 291845 8 292357 8 292869 8 293381 8 293893 8
1747f62148a919c8feb6d607faeebdf504b5e2ad42b6b1710b1189c37ebcdb2c,135713 32 136225 32 136737 32 137249 32 137761 32 138265 48 138777 48 139289 48 139801 48 140313 48 140821 60 141333 60 141845 60 142357 60 142869 60 143381 60 143893 60 144405 60 144917 60 145429 60 145941 60 146453 60 146965 60 147477 60 147989 60 148501 64 149013 64 149525 64 150037 64 150549 64 151061 64 151573 64 152085 64 152597 64 153109 64 153625 60 154137 60 154649 60 155161 60 155673 60 156185 56 156697 56 157209 56 157721 56 158233 56 158749 52 159261 52 159773 52 160285 52 160797 52 161309 52 161821 52 162333 52 162845 52 163357 52 163877 40 164389 40 164901 40 165413 40 165925 40 166449 20 166961 20 167473 20 167985 20 168497 20
1747f62148a919c8feb6d607faeebdf504b5e2ad42b6b1710b1189c37ebcdb2c,192065 4 192577 4 193089 4 193601 4 194113 4 194617 20 195129 20 195641 20 196153 20 196665 20 197177 24 197689 24 198201 24 198713 24 199225 24 199733 28 200245 28 200757 28 201269 28 201781 28 202297 24 202809 24 203321 24 203833 24 204345 24
1747f62148a919c8feb6d607faeebdf504b5e2ad42b6b1710b1189c37ebcdb2c,28349 24 28861 24 29373 24 29885 24 30397 24 30901 36 31413 36 31925 36 32437 36 32949 36 33457 40 33969 40 34481 40 34993 40 35505 40 36017 44 36529 44 37041 44 37553 44 38065 44 38577 48 39089 48 39601 48 40113 48 40625 48 41137 48 41649 48 42161 48 42673 48 43185 48 43701 44 44213 44 44725 44 45237 44 45749 44 46269 32 46781 32 47293 32 47805 32 48317 32 48833 20 49345 20 49857 20 50369 20 50881 20
1747f62148a919c8feb6d607faeebdf504b5e2ad42b6b1710b1189c37ebcdb2c,176833 28 177345 28 177857 28 178369 28 178881 28 179385 40 179897 40 180409 40 180921 40 181433 40 181941 44 182453 44 182965 44 183477 44 183989 44 184501 44 185013 44 185525 44 186037 44 186549 44 187061 48 187573 48 188085 48 188597 48 189109 48 189621 72 190133 72 190645 72 191157 72 191669 72 192177 84 192689 84 193201 84 193713 84 194225 84 194741 84 195253 84 195765 84 196277 84 196789 84 197301 88 197813 88 198325 88 198837 88 199349 88 199865 84 200377 84 200889 84 201401 84 201913 84 202429 80 202941 80 203453 80 203965 80 204477 80 204989 80 205501 80 206013 80 206525 80 207037 80 207545 84 208057 84 208569 84 209081 84 209593 84 210101 84 210613 84 211125 84 211637 84 212149 84 212661 80 213173 80 213685 80 214197 80 214709 80 215217 72 215729 72 216241 72 216753 72 217265 72 217777 68 218289 68 218801 68 219313 68 219825 68 220337 32 220377 24 220849 32 220889 24 221361 32 221401 24 221873 32 221913 24 222385 32 222425 24 222901 20 223413 20 223925 20 224437 20 224949 20
1747f62148a919c8feb6d607faeebdf504b5e2ad42b6b1710b1189c37ebcdb2c,2773 28 3285 28 3797 28 4309 28 4821 28 5329 40 5841 40 6353 40 6865 40 7377 40 7889 48 8401 48 8913 48 9425 48 9937 48 10445 56 10513 20 10957 56 11025 20 11469 56 11537 20 11981 56 12049 20 12493 56 12561 20 13005 56 13065 44 13517 56 13577 44 14029 56 14089 44 14541 56 14601 44 15053 56 15113 44 15565 120 16077 120 16589 120 17101 120 17613 120 18125 120 18637 120 19149 120 19661 120 20173 120 20689 116 21201 116 21713 116 22225 116 22737 116 23253 44 23305 60 23765 44 23817 60 24277 44 24329 60 24789 44 24841 60 25301 44 25353 60 25821 32 25869 56 26333 32 26381 56 26845 32 26893 56 27357 32 27405 56 27869 32 27917 56 28397 4 28433 52 28909 4 28945 52 29421 4 29457 52 29933 4 29969 52 30445 4 30481 52 31001 40 31513 40 32025 40 32537 40 33049 40 33577 16 34089 16 34601 16 35113 16 35625 16
1747f62148a919c8feb6d607faeebdf504b5e2ad42b6b1710b1189c37ebcdb2c,48941 36 49453 36 49965 36 50477 36 50989 36 51497 44 52009 44 52521 44 53033 44 53545 44 54049 56 54561 56 55073 56 55585 56 56097 56 56605 64 57117 64 57629 64 58141 64 58653 64 59161 72 59673 72 60185 72 60697 72 61209 72 61721 72 62233 72 62745 72 63257 72 63769 72 64277 76 64789 76 65301 76 65813 76 66325 76 66837 76 67349 76 67861 76 68373 76 68885 76 69393 80 69905 80 70417 80 70929 80 71441 80 71953 80 72465 80 72977 80 73489 80 74001 80 74513 80 75025 80 75537 80 76049 80 76561 80 77073 80 77585 80 78097 80 78609 80 79121 80 79633 76 80145 76 80657 76 81169 76 81681 76 82193 76 82705 76 83217 76 83729 76 84241 76 84757 72 85269 72 85781 72 86293 72 86805 72 87277 112 87789 112 88301 112 88813 112 89325 112 89829 116 90341 116 90853 116 91365 116 91877 116 92385 120 92897 120 93409 120 93921 120 94433 120 94945 116 95457 116 95969 116 96481 116 96993 116 97501 80 97593 20 98013 80 98105 20 98525 80 98617 20 99037 80 99129 20 99549 80 99641 20 100061 80 100573 80 101085 80 101597 80 102109 80 102621 80 103133 80 103645 80 104157 80 104669 80 105181 92 105693 92 106205 92 106717 92 107229 92 107745 100 108257 100 108769 100 109281 100 109793 100 110305 104 110817 104 111329 104 111841 104 112353 104 112865 104 113377 104 113889 104 114401 104 114913 104 115429 104 115941 104 116453 104 116965 104 117477 104 117993 100 118505 100 119017 100 119529 100 120041 100 120557 96 121069 96 121581 96 122093 96 122605 96 123129 20 123165 48 123641 20 123677 48 124153 20 124189 48 124665 20 124701 48 125177 20 125213 48 125729 44 126241 44 126753 44 127265 44 127777 44 128293 36 128805 36 129317 36 129829 36 130341 36 130861 24 131373 24 131885 24 132397 24 132909 24
1747f62148a919c8feb6d607faeebdf504b5e2ad42b6b1710b1189c37ebcdb2c,217909 4 218421 4 218933 4 219445 4 219957 4 220461 28 220973 28 221485 28 221997 28 222509 28 223013 40 223525 40 224037 40 224549 40 225061 40 225565 52 226077 52 226589 52 227101 52 227613 52 228097 80 228609 80 229121 80 229633 80 230145 80 230653 84 231165 84 231677 84 232189 84 232701 84 233209 88 233721 88 234233 88 234745 88 235257 88 235769 88 236281 88 236793 88 237305 88 237817 88 238325 92 238837 92 239349 92 239861 92 240373 92 240885 88 241397 88 241909 88 242421 88 242933 88 243445 80 243957 80 244469 80 244981 80 245493 80 246005 80 246517 80 247029 80 247541 80 248053 80 248569 76 249081 76 249593 76 250105 76 250617 76 251133 72 251645 72 252157 72 252669 72 253181 72 253705 60 254217 60 254729 60 255241 60 255753 60 256269 52 256781 52 257293 52 257805 52 258317 52 258829 48 259341 48 259853 48 260365 48 260877 48 261397 40 261909 40 262421 40 262933 40 263445 40 263969 20 264481 20 264993 20 265505 20 266017 20
1747f62148a919c8feb6d607faeebdf504b5e2ad42b6b1710b1189c37ebcdb2c,251233 16 251745 16 252257 16 252769 16 253281 16 253793 28 254305 28 254817 28 255329 28 255841 28 256349 36 256861 36 257373 36 257885 36 258397 36 258909 40 259421 40 259933 40 260445 40 260957 40 261469 44 261981 44 262493 44 263005 44 263517 44 264029 44 264541 44 265053 44 265565 44 266077 44 266589 44 267101 44 267613 44 268125 44 268637 44 269149 40 269661 40 270173 40 270685 40 271197 40 271709 40 272221 40 272733 40 273245 40 273757 40 274273 32 274785 32 275297 32 275809 32 276321 32 276833 28 277345 28 277857 28 278369 28 278881 28
1747f62148a919c8feb6d607faeebdf504b5e2ad42b6b1710b1189c37ebcdb2c,87433 28 87945 28 88457 28 88969 28 89481 28 89989 44 90501 44 91013 44 91525 44 92037 44 92545 52 93057 52 93569 52 94081 52 94593 52 95105 52 95617 52 96129 52 96641 52 97153 52 97665 56 98177 56 98689 56 99201 56 99713 56 100221 60 100733 60 101245 60 101757 60 102269 60 102785 56 103297 56 103809 56 104321 56 104833 56 105345 56 105857 56 106369 56 106881 56 107393 56 107905 52 108417 52 108929 52 109441 52 109953 52 110469 48 110981 48 111493 48 112005 48 112517 48 113029 44 113541 44 114053 44 114565 44 115077 44 115593 36 116105 36 116617 36 117129 36 117641 36 118157 28 118669 28 119181 28 119693 28 120205 28
1747f62148a919c8feb6d607faeebdf504b5e2ad42b6b1710b1189c37ebcdb2c,177081 32 177593 32 178105 32 178617 32 179129 32 179633 48 180145 48 180657 48 181169 48 181681 48 182193 52 182705 52 183217 52 183729 52 184241 52 184749 56 185261 56 185773 56 186285 56 186797 56 187309 56 187821 56 188333 56 188845 56 189357 56 189869 56 190381 56 190893 56 191405 56 191917 56 192401 84 192913 84 193425 84 193937 84 194449 84 194957 88 195469 88 195981 88 196493 88 197005 88 197513 88 198025 88 198537 88 199049 88 199561 88 200073 84 200585 84 201097 84 201609 84 202121 84 202633 76 203145 76 203657 76 204169 76 204681 76 205193 80 205705 80 206217 80 206729 80 207241 80 207753 80 208265 80 208777 80 209289 80 209801 80 210313 84 210825 84 211337 84 211849 84 212361 84 212873 84 213385 84 213897 84 214409 84 214921 84 215437 84 215949 84 216461 84 216973 84 217485 84 218001 80 218513 80 219025 80 219537 80 220049 80 220565 76 221077 76 221589 76 222101 76 222613 76 223141 56 223653 56 224165 56 224677 56 225189 56 225709 48 226221 48 226733 48 227245 48 227757 48 228285 28 228797 28 229309 28 229821 28 230333 28 230857 12 231369 12 231881 12 232393 12 232905 12
1747f62148a919c8feb6d607faeebdf504b5e2ad42b6b1710b1189c37ebcdb2c,125873 20 126385 20 126897 20 127409 20 127921 20 128425 32 128937 32 129449 32 129961 32 130473 32 130981 40 131493 40 132005 40 132517 40 133029 40 133541 44 134053 44 134565 44 135077 44 135589 44 136097 48 136609 48 137121 48 137633 48 138145 48 138661 40 139173 40 139685 40 140197 40 140709 40 141221 36 141733 36 142245 36 142757 36 143269 36 143781 40 144293 40 144805 40 145317 40 145829 40 146337 48 146849 48 147361 48 147873 48 148385 48 148897 52 149409 52 149921 52 150433 52 150945 52 151453 56 151965 56 152477 56 152989 56 153501 56 154013 56 154525 56 155037 56 155549 56 156061 56 156573 56 157085 56 157597 56 158109 56 158621 56 159133 56 159645 56 160157 56 160669 56 161181 56 161697 52 162209 52 162721 52 163233 52 163745 52 164257 48 164769 48 165281 48 165793 48 166305 48 166825 36 167337 36 167849 36 168361 36 168873 36 169401 12 169913 12 170425 12 170937 12 171449 12
1747f62148a919c8feb6d607faeebdf504b5e2ad42b6b1710b1189c37ebcdb2c,184821 12 185333 12 185845 12 186357 12 186869 12 187377 16 187889 16 188401 16 188913 16 189425 16 189937 16 190449 16 190961 16 191473 16 191985 16 192497 16 193009 16 193521 16 194033 16 194545 16 195057 16 195569 16 196081 16 196593 16 197105 16 197617 16 198129 16 198641 16 199153 16 199665 16 200177 16 200689 16 201201 16 201713 16 202225 16 202737 16 203249 16 203761 16 204273 16 204785 16 205301 8 205813 8 206325 8 206837 8 207349 8
17b9bf4356db24967c4677b8376ac38f826de73a88b93a8d73a8b452e399cdff,2565 8 2577 116 3077 8 3089 116 3589 8 3601 116 4101 8 4113 116 4613 8 4625 116 5125 8 5137 116 5637 132 6149 132 6661 132 7173 132 7685 132 8193 136 8705 136 9217 136 9729 136 10241 136 10753 132 11265 132 11777 132 12289 132 12801 132 13313 132 13825 128 14337 128 14849 128 15361 128 15873 128 16385 128 16897 128 17409 128 17921 128 18433 128 18945 128 19457 128 19969 128 20481 128 20993 128 21505 128 22017 128 22529 128 23041 128 23553 128 24065 128 24577 128 25089 128 25601 128 26113 128 26625 128 27141 128 27653 128 28165 128 28677 128 29189 128 29701 128 30213 128 30725 128 31237 128 31749 128 32261 128 32769 132 33281 132 33793 132 34305 132 34817 132 35329 72 35413 48 35841 72 35925 48 36353 72 36437 48 36865 72 36949 48 37377 72 37461 48 37889 68 37977 44 38401 68 38489 44 38913 68 39001 44 39425 68 39513 44 39937 68 40025 44 40449 68 40537 44 40961 48 41057 32 41473 48 41569 32 41985 48 42081 32 42497 48 42593 32 43009 48 43105 32 43521 44 43629 12 44033 44 44141 12 44545 44 44653 12 45057 44 45165 12 45569 44 45677 12 46085 32 46597 32 47109 32 47621 32 48133 32 48645 32 49157 32 49669 32 50181 32 50693 32 51205 32 51717 36 52229 36 52741 36 53253 36 53765 36 54277 36 54789 36 55301 36 55813 36 56325 36 56837 36 57345 40 57857 40 58369 40 58881 40 59393 40 59905 40 60417 40 60929 40 61441 40 61953 40 62465 36 62977 36 63489 36 64001 36 64513 36 65025 36 65537 32 66049 32 66561 32 67073 32 67585 32 68101 20 68613 20 69125 20 69637 20 70149 20 70661 16 71173 16 71685 16 72197 16 72709 16 73221 8 73733 8 74245 8 74757 8 75269 8 75781 8 76293 8 76805 8 77317 8 77829 8 78341 8
17b9bf4356db24967c4677b8376ac38f826de73a88b93a8d73a8b452e399cdff,109061 4 109573 4 110085 4 110597 4 111109 4
17b9bf4356db24967c4677b8376ac38f826de73a88b93a8d73a8b452e399cdff,84689 32 85201 32 85713 32 86225 32 86737 32 87245 32 87757 32 88269 32 88781 32 89293 32 89801 36 90313 36 90825 36 91337 36 91849 36 92361 36 92869 36 93381 36 93893 36 94405 36 94917 36 95425 40 95937 40 96449 40 96961 40 97473 40 97977 44 98489 44 99001 44 99513 44 100025 44 100537 44 101049 36 101561 36 102073 36 102585 36 103097 36 103605 36 104117 36 104629 36 105141 36 105653 36 106165 28 106677 28 107189 28 107701 28 108213 28 108725 28 109233 24 109745 24 110257 24 110769 24 111281 24 111769 40 112281 40 112793 40 113305 40 113817 40 114313 48 114825 48 115337 48 115849 48 116361 48 116869 48 117381 48 117893 48 118405 48 118917 48 119429 48 119941 40 120453 40 120965 40 121477 40 121989 40 122501 28 123013 28 123525 28 124037 28 124549 28 125061 12 125573 12 126085 12 126597 12 127109 12 127621 12 128129 12 128641 12 129153 12 129665 12 130177 12 130681 16 131193 16 131705 16 132217 16 132729 16 133237 20 133749 20 134261 20 134773 20 135285 20 135797 20 136305 20 136817 20 137329 20 137841 20 138353 20 138857 24 139369 24 139881 24 140393 24 140905 24 141409 28 141921 28 142433 28 142945 28 143457 28 143969 28 144477 28 144989 28 145501 28 146013 28 146525 28 147029 28 147541 28 148053 28 148565 28 149077 28 149577 36 150089 36 150601 36 151113 36 151625 36 152137 36 152641 32 153153 32 153665 32 154177 32 154689 32 155197 28 155709 28 156221 28 156733 28 157245 28 157753 16 158265 16 158777 16 159289 16 159801 16 160309 8 160821 8 161333 8 161845 8 162357 8 162869 8 163377 8 163889 8 164401 8 164913 8 165425 8 165917 28 166429 28 166941 28 167453 28 167965 28 168469 36 168981 36 169493 36 170005 36 170517 36 171029 36 171537 36 172049 36 172561 36 173073 36 173585 36 174105 28 174617 28 175129 28 175641 28 176153 28 176673 20 177185 20 177697 20 178209 20 178721 20 179233 20 179745 20 180257 20 180769 20 181281 20 181793 20 182301 20 182813 20 183325 20 183837 20 184349 20 184861 20 185373 20 185885 20 186397 20 186909 20 187421 20 187933 16 188445 16 188957 16 189469 16 189981 16 190493 12 191005 12 191517 12 192029 12 192541 12
17b9bf4356db24967c4677b8376ac38f826de73a88b93a8d73a8b452e399cdff,114205 4 114717 4 115229 4 115741 4 116253 4
17b9bf4356db24967c4677b8376ac38f826de73a88b93a8d73a8b452e399cdff,133169 8 133681 8 134193 8 134705 8 135217 8 135729 8 136241 4 136753 4 137265 4 137777 4 138289 4
17b9bf4356db24967c4677b8376ac38f826de73a88b93a8d73a8b452e399cdff,54365 8 54877 8 55389 8 55901 8 56413 8 56925 8 57441 4 57953 4 58465 4 58977 4 59489 4 60005 8 60517 8 61029 8 61541 8 62053 8 62565 16 63077 16 63589 16 64101 16 64613 16 65125 16 65637 16 66149 16 66661 16 67173 16 67685 16 68197 16 68709 16 69221 16 69733 16 70245 16 70757 16 71269 16 71781 16 72293 16 72805 16 73317 16 73829 16 74341 16 74853 16 75365 16 75877 16
17b9bf4356db24967c4677b8376ac38f826de73a88b93a8d73a8b452e399cdff,92785 4 93297 4 93809 4 94321 4 94833 4 95341 12 95853 12 96365 12 96877 12 97389 12 97897 20 98409 20 98921 20 99433 20 99945 20 100457 20 100965 24 101477 24 101989 24 102501 24 103013 24 103525 20 104037 20 104549 20 105061 20 105573 20 106089 12 106601 12 107113 12 107625 12 108137 12 108649 12 109165 4 109677 4 110189 4 110701 4 111213 4
17b9bf4356db24967c4677b8376ac38f826de73a88b93a8d73a8b452e399cdff,57485 16 57513 16 57997 16 58025 16 58509 16 58537 16 59021 16 59049 16 59533 16 59561 16 60045 44 60557 44 61069 44 61581 44 62093 44 62609 40 63121 40 63633 40 64145 40 64657 40 65169 40 65685 32 66197 32 66709 32 67221 32 67733 32 68245 32 68757 32 69269 32 69781 32 70293 32 70809 24 71321 24 71833 24 72345 24 72857 24 73373 16 73885 16 74397 16 74909 16 75421 16 75933 16
17b9bf4356db24967c4677b8376ac38f826de73a88b93a8d73a8b452e399cdff,8397 20 8909 20 9421 20 9933 20 10445 20 10949 32 11461 32 11973 32 12485 32 12997 32 13509 32 14013 44 14525 44 15037 44 15549 44 16061 44 16569 28 17081 28 17593 28 18105 28 18617 28 19129 16 19641 16 20153 16 20665 16 21177 16
17b9bf4356db24967c4677b8376ac38f826de73a88b93a8d73a8b452e399cdff,35517 12 35533 4 36029 12 36045 4 36541 12 36557 4 37053 12 37069 4 37565 12 37581 4 38073 36 38585 36 39097 36 39609 36 40121 36 40633 36 41145 44 41657 44 42169 44 42681 44 43193 44 43705 48 44217 48 44729 48 45241 48 45753 48 46269 44 46781 44 47293 44 47805 44 48317 44 48829 44 49361 20 49873 20 50385 20 50897 20 51409 20 51925 12 52437 12 52949 12 53461 12 53973 12
17b9bf4356db24967c4677b8376ac38f826de73a88b93a8d73a8b452e399cdff,68365 4 68877 4 69389 4 69901 4 70413 4 70917 12 71429 12 71941 12 72453 12 72965 12 73473 12 73985 12 74497 12 75009 12 75521 12 76033 12 76541 12 77053 12 77565 12 78077 12 78589 12 79101 12 79613 12 80125 12 80637 12 81149 12 81657 12 82169 12 82681 12 83193 12 83705 12 84217 12
17b9bf4356db24967c4677b8376ac38f826de73a88b93a8d73a8b452e399cdff,19233 12 19745 12 20257 12 20769 12 21281 12 21789 20 22301 20 22813 20 23325 20 23837 20 24349 20 24861 16 25373 16 25885 16 26397 16 26909 16 27425 12 27937 12 28449 12 28961 12 29473 12 29989 12 30501 12 31013 12 31525 12 32037 12 32549 12 33061 16 33573 16 34085 16 34597 16 35109 16 35617 20 36129 20 36641 20 37153 20 37665 20 38173 24 38685 24 39197 24 39709 24 40221 24 40733 24 41233 4 41245 20 41745 4 41757 20 42257 4 42269 20 42769 4 42781 20 43281 4 43293 20 43773 48 44285 48 44797 48 45309 48 45821 48 46333 48 46845 48 47357 48 47869 48 48381 48 48893 48 49405 44 49917 44 50429 44 50941 44 51453 44 51965 40 52477 40 52989 40 53501 40 54013 40 54529 32 55041 32 55553 32 56065 32 56577 32 57089 32 57605 24 58117 24 58629 24 59141 24 59653 24
17b9bf4356db24967c4677b8376ac38f826de73a88b93a8d73a8b452e399cdff,2861 12 3373 12 3885 12 4397 12 4909 12 5421 12 5937 8 6449 8 6961 8 7473 8 7985 8
17b9bf4356db24967c4677b8376ac38f826de73a88b93a8d73a8b452e399cdff,131061 12 131573 12 132085 12 132597 12 133109 12 133617 16 134129 16 134641 16 135153 16 135665 16 136177 16 136685 16 137197 16 137709 16 138221 16 138733 16 139241 16 139753 16 140265 16 140777 16 141289 16 141797 16 142309 16 142821 16 143333 16 143845 16 144357 16 144865 20 145377 20 145889 20 146401 20 146913 20 147421 24 147933 24 148445 24 148957 24 149469 24 149977 28 150489 28 151001 28 151513 28 152025 28 152537 28 153045 32 153557 32 154069 32 154581 32 155093 32 155601 36 156113 36 156625 36 157137 36 157649 36 158153 52 158665 52 159177 52 159689 52 160201 52 160705 60 161217 60 161729 60 162241 60 162753 60 163265 60 163769 68 164281 68 164793 68 165305 68 165817 68 166325 72 166837 72 167349 72 167861 72 168373 72 168885 72 169397 72 169909 72 170421 72 170933 72 171445 72 171953 76 172465 76 172977 76 173489 76 174001 76 174509 80 175021 80 175533 80 176045 80 176557 80 177061 80 177573 80 178085 80 178597 80 179109 80 179621 80 180133 76 180645 76 181157 76 181669 76 182181 76 182689 76 183201 76 183713 76 184225 76 184737 76 185249 76 185761 76 186273 76 186785 76 187297 76 187809 76 188317 36 188357 40 188829 36 188869 40 189341 36 189381 40 189853 36 189893 40 190365 36 190405 40 190877 88 191389 88 191901 88 192413 88 192925 88 193437 92 193949 92 194461 92 194973 92 195485 92 195997 92 196505 96 197017 96 197529 96 198041 96 198553 96 199057 104 199569 104 200081 104 200593 104 201105 104 201613 108 202125 108 202637 108 203149 108 203661 108 204169 108 204681 108 205193 108 205705 108 206217 108 206729 108 207237 28 207277 72 207749 28 207789 72 208261 28 208301 72 208773 28 208813 72 209285 28 209325 72 209797 24 209837 72 210309 24 210349 72 210821 24 210861 72 211333 24 211373 72 211845 24 211885 72 212353 32 212397 68 212865 32 212909 68 213377 32 213421 68 213889 32 213933 68 214401 32 214445 68 214913 32 214957 68 215421 36 215469 32 215517 20 215933 36 215981 32 216029 20 216445 36 216493 32 216541 20 216957 36 217005 32 217053 20 217469 36 217517 32 217565 20 217981 76 218085 12 218493 76 218597 12 219005 76 219109 12 219517 76 219621 12 220029 76 220133 12 220537 80 220645 12 221049 80 221157 12 221561 80 221669 12 222073 80 222181 12 222585 80 222693 12 223097 80 223205 12 223609 80 223709 24 224121 80 224221 24 224633 80 224733 24 225145 80 225245 24 225657 80 225757 24 226169 132 226681 132 227193 132 227705 132 228217 132 228725 28 228765 96 229237 28 229277 96 229749 28 229789 96 230261 28 230301 96 230773 28 230813 96 231285 28 231325 96 231797 28 231841 92 232309 28 232353 92 232821 28 232865 92 233333 28 233377 92 233845 28 233889 92 234357 28 234401 92 234869 28 234913 92 235381 28 235425 92 235893 28 235937 92 236405 28 236449 92 236917 28 236957 96 237429 28 237469 96 237941 28 237981 96 238453 28 238493 96 238965 28 239005 96 239477 28 239517 96 239989 28 240029 96 240501 28 240541 96 241013 28 241053 96 241525 28 241565 96 242037 28 242077 96 242549 24 242593 92 243061 24 243105 92 243573 24 243617 92 244085 24 244129 92 244597 24 244641 92 245109 20 245161 24 245193 52 245621 20 245673 24 245705 52 246133 20 246185 24 246217 52 246645 20 246697 24 246729 52 247157 20 247209 24 247241 52 247669 20 247721 24 247753 52 248181 20 248233 24 248265 52 248693 20 248745 24 248777 52 249205 20 249257 24 249289 52 249717 20 249769 24 249801 52 250229 20 250281 24 250313 52 250741 20 250789 24 250829 48 251253 20 251301 24 251341 48 251765 20 251813 24 251853 48 252277 20 252325 24 252365 48 252789 20 252837 24 252877 48 253301 20 253333 40 253389 48 253813 20 253845 40 253901 48 254325 20 254357 40 254413 48 254837 20 254869 40 254925 48 255349 20 255381 40 255437 48 255857 24 255893 40 255945 48 256369 24 256405 40 256457 48 256881 24 256917 40 256969 48 257393 24 257429 40 257481 48 257905 24 257941 40 257993 48 258417 24 258453 40 258505 48 258925 28 258965 40 259013 56 259437 28 259477 40 259525 56 259949 28 259989 40 260037 56 260461 28 260501 40 260549 56 260973 28 261013 40 261061 56 261481 32 261525 108 261993 32 262037 108 262505 32 262549 108 263017 32 263061 108 263529 32 263573 108 264041 28 264089 104 264553 28 264601 104 265065 28 265113 104 265577 28 265625 104 266089 28 266137 104 266601 28 266649 104 267109 28 267161 104 267621 28 267673 104 268133 28 268185 104 268645 28 268697 104 269157 28 269209 104 269669 28 269717 108 270181 28 270229 108 270693 28 270741 108 271205 28 271253 108 271717 28 271765 108 272225 28 272273 108 272737 28 272785 108 273249 28 273297 108 273761 28 273809 108 274273 28 274321 108 274785 28 274833 108 275297 28 275341 112 275809 28 275853 112 276321 28 276365 112 276833 28 276877 112 277345 28 277389 112 277857 28 277897 116 278369 28 278409 116 278881 28 278921 116 279393 28 279433 116 279905 28 279945 116 280417 28 280453 120 280929 28 280965 120 281441 28 281477 120 281953 28 281989 120 282465 28 282501 120 282977 28 283013 120 283489 24 283517 52 283581 64 284001 24 284029 52 284093 64 284513 24 284541 52 284605 64 285025 24 285053 52 285117 64 285537 24 285565 52 285629 64 286049 20 286077 48 286141 64 286561 20 286589 48 286653 64 287073 20 287101 48 287165 64 287585 20 287613 48 287677 64 288097 20 288125 48 288189 64 288609 20 288641 40 288697 72 289121 20 289153 40 289209 72 289633 20 289665 40 289721 72 290145 20 290177 40 290233 72 290657 20 290689 40 290745 72 291169 16 291201 40 291253 76 291681 16 291713 40 291765 76 292193 16 292225 40 292277 76 292705 16 292737 40 292789 76 293217 16 293249 40 293301 76 293729 16 293761 40 293813 76 294241 16 294277 124 294753 16 294789 124 295265 16 295301 124 295777 16 295813 124 296289 16 296325 124 296801 20 296829 132 297313 20 297341 132 297825 20 297853 132 298337 20 298365 132 298849 20 298877 132 299353 168 299865 168 300377 168 300889 168 301401 168 301913 168 302421 168 302933 168 303445 168 303957 168 304469 168 304981 168 305493 168 306005 168 306517 168 307029 168 307541 168 308053 168 308565 168 309077 168 309589 168 310101 168 310613 168 311125 168 311637 168 312149 168 312661 168 313173 104 313285 60 313685 104 313797 60 314197 104 314309 60 314709 104 314821 60 315221 104 315333 60 315737 168 316249 168 316761 168 317273 168 317785 168 318297 168 318809 168 319321 168 319833 168 320345 168 320857 168 321369 168 321881 168 322393 168 322905 168 323417 168 323925 172 324437 172 324949 172 325461 172 325973 172 326485 172 326985 184 327497 184 328009 184 328521 184 329033 184 329541 188 330053 188 330565 188 331077 188 331589 188 332097 192 332609 192 333121 192 333633 192 334145 192 334649 196 335161 196 335673 196 336185 196 336697 196 337209 196 337721 196 338233 196 338745 196 339257 196 339769 196 340277 200 340789 200 341301 200 341813 200 342325 200 342837 200 343349 200 343861 200 344373 200 344885 200 345397 200 345981 8 346029 8 346049 48 346493 8 346541 8 346561 48 347005 8 347053 8 347073 48 347517 8 347565 8 347585 48 348029 8 348077 8 348097 48
1879f4f4f05e2bada0ffeb46c128b8df7a79b14c84f38c3e216a69653495153b,263773 8 264285 8 264797 8 265309 8 265821 8
1879f4f4f05e2bada0ffeb46c128b8df7a79b14c84f38c3e216a69653495153b,23265 64 23777 64 24289 64 24801 64 25313 64 25813 84 26325 84 26837 84 27349 84 27861 84 28365 104 28877 104 29389 104 29901 104 30413 104 30921 116 31433 116 31945 116 32457 116 32969 116 33477 128 33989 128 34501 128 35013 128 35525 128 36033 140 36545 140 37057 140 37569 140 38081 140 38589 148 39101 148 39613 148 40125 148 40637 148 41145 44 41201 24 41233 68 41657 44 41713 24 41745 68 42169 44 42225 24 42257 68 42681 44 42737 24 42769 68 43193 44 43249 24 43281 68 43705 40 43765 12 43805 56 44217 40 44277 12 44317 56 44729 40 44789 12 44829 56 45241 40 45301 12 45341 56 45753 40 45813 12 45853 56 46265 36 46369 52 46777 36 46881 52 47289 36 47393 52 47801 36 47905 52 48313 36 48417 52 48825 32 48933 44 49337 32 49445 44 49849 32 49957 44 50361 32 50469 44 50873 32 50981 44 51385 32 51493 44 51897 32 52005 44 52409 32 52517 44 52921 32 53029 44 53433 32 53541 44 53945 32 54001 28 54053 44 54457 32 54513 28 54565 44 54969 32 55025 28 55077 44 55481 32 55537 28 55589 44 55993 32 56049 28 56101 44 56505 36 56553 44 56609 44 57017 36 57065 44 57121 44 57529 36 57577 44 57633 44 58041 36 58089 44 58145 44 58553 36 58601 44 58657 44 59065 40 59109 104 59577 40 59621 104 60089 40 60133 104 60601 40 60645 104 61113 40 61157 104 61625 148 62137 148 62649 148 63161 148 63673 148 64189 140 64701 140 65213 140 65725 140 66237 140 66749 140 67261 140 67773 140 68285 140 68797 140 69313 136 69825 136 70337 136 70849 136 71361 136 71877 132 72389 132 72901 132 73413 132 73925 132 74437 128 74949 128 75461 128 75973 128 76485 128 76997 128 77509 128 78021 128 78533 128 79045 128 79561 120 80073 120 80585 120 81097 120 81609 120 82125 116 82637 116 83149 116 83661 116 84173 116 84685 112 85197 112 85709 112 86221 112 86733 112 87249 108 87761 108 88273 108 88785 108 89297 108 89817 96 90329 96 90841 96 91353 96 91865 96 92389 76 92901 76 93413 76 93925 76 94437 76 94957 64 95469 64 95981 64 96493 64 97005 64 97525 48 98037 48 98549 48 99061 48 99573 48 100093 16 100605 16 101117 16 101629 16 102141 16
1879f4f4f05e2bada0ffeb46c128b8df7a79b14c84f38c3e216a69653495153b,143689 12 144201 12 144713 12 145225 12 145737 12 146241 32 146753 32 147265 32 147777 32 148289 32 148797 44 148865 4 149309 44 149377 4 149821 44 149889 4 150333 44 150401 4 150845 44 150913 4 151353 92 151865 92 152377 92 152889 92 153401 92 153909 100 154421 100 154933 100 155445 100 155957 100 156469 104 156981 104 157493 104 158005 104 158517 104 159029 108 159541 108 160053 108 160565 108 161077 108 161589 108 162101 108 162613 108 163125 108 163637 108 164149 112 164661 112 165173 112 165685 112 166197 112 166709 112 167221 112 167733 112 168245 112 168757 112 169265 116 169777 116 170289 116 170801 116 171313 116 171825 120 172337 120 172849 120 173361 120 173873 120 174385 120 174897 120 175409 120 175921 120 176433 120 176945 120 177457 120 177969 120 178481 120 178993 120 179505 120 180017 120 180529 120 181041 120 181553 120 182065 116 182577 116 183089 116 183601 116 184113 116 184625 116 185137 116 185649 116 186161 116 186673 116 187185 116 187697 116 188209 116 188721 116 189233 116 189749 112 190261 112 190773 112 191285 112 191797 112 192309 112 192821 112 193333 112 193845 112 194357 112 194873 104 195385 104 195897 104 196409 104 196921 104 197437 100 197949 100 198461 100 198973 100 199485 100 200001 96 200513 96 201025 96 201537 96 202049 96 202565 88 203077 88 203589 88 204101 88 204613 88 205133 80 205645 80 206157 80 206669 80 207181 80 207701 68 208213 68 208725 68 209237 68 209749 68 210265 56 210777 56 211289 56 211801 56 212313 56 212833 12 213345 12 213857 12 214369 12 214881 12
1879f4f4f05e2bada0ffeb46c128b8df7a79b14c84f38c3e216a69653495153b,84873 28 85385 28 85897 28 86409 28 86921 28 87425 44 87937 44 88449 44 88961 44 89473 44 89981 52 90493 52 91005 52 91517 52 92029 52 92537 56 93049 56 93561 56 94073 56 94585 56 95093 64 95605 64 96117 64 96629 64 97141 64 97649 68 98161 68 98673 68 99185 68 99697 68 100209 68 100721 68 101233 68 101745 68 102257 68 102765 72 103277 72 103789 72 104301 72 104813 72 105325 72 105837 72 106349 72 106861 72 107373 72 107881 76 108393 76 108905 76 109417 76 109929 76 110441 72 110953 72 111465 72 111977 72 112489 72 113001 72 113513 72 114025 72 114537 72 115049 72 115561 72 116073 72 116585 72 117097 72 117609 72 118121 68 118633 68 119145 68 119657 68 120169 68 120685 64 121197 64 121709 64 122221 64 122733 64 123245 64 123757 64 124269 64 124781 64 125293 64 125809 60 126321 60 126833 60 127345 60 127857 60 128373 56 128885 56 129397 56 129909 56 130421 56 130937 48 131449 48 131961 48 132473 48 132985 48 133505 36 134017 36 134529 36 135041 36 135553 36
1879f4f4f05e2bada0ffeb46c128b8df7a79b14c84f38c3e216a69653495153b,38777 28 39289 28 39801 28 40313 28 40825 28 41329 44 41841 44 42353 44 42865 44 43377 44 43889 52 44401 52 44913 52 45425 52 45937 52 46445 56 46957 56 47469 56 47981 56 48493 56 49005 60 49517 60 50029 60 50541 60 51053 60 51565 64 52077 64 52589 64 53101 64 53613 64 54125 64 54637 64 55149 64 55661 64 56173 64 56685 64 57197 64 57709 64 58221 64 58733 64 59245 64 59757 64 60269 64 60781 64 61293 64 61809 60 62321 60 62833 60 63345 60 63857 60 64373 52 64885 52 65397 52 65909 52 66421 52 66941 40 67453 40 67965 40 68477 40 68989 40
191b2b2205f2f5cc9da04702c5d422bc249faf8bca1107af792da63cccfba829,24085 6 24341 6 24597 10 24853 10 25109 10 25365 10 25623 8 25879 8
191b2b2205f2f5cc9da04702c5d422bc249faf8bca1107af792da63cccfba829,36891 10 37147 10 37399 16 37655 16 37911 16 38167 16 38421 20 38677 20 38933 20 39189 20 39445 20 39701 20 39957 20 40213 20 40469 20 40725 20 40981 18 41237 18 41495 16 41751 16 42007 16 42263 16 42523 10 42779 10
191b2b2205f2f5cc9da04702c5d422bc249faf8bca1107af792da63cccfba829,35909 4 36165 4 36417 10 36673 10 36929 10 37185 10 37441 10 37697 10 37955 6 38211 6
191b2b2205f2f5cc9da04702c5d422bc249faf8bca1107af792da63cccfba829,54351 8 54607 8 54859 16 55115 16 55369 18 55625 18 55879 20 56135 20 56391 20 56647 20 56901 22 57157 22 57413 22 57669 22 57925 22 58181 22 58437 20 58693 20 58949 20 59205 20 59461 18 59717 18 59975 14 60231 14
191b2b2205f2f5cc9da04702c5d422bc249faf8bca1107af792da63cccfba829,38997 4 39253 4 39503 14 39759 14 40013 18 40269 18 40525 18 40781 18 41035 20 41291 20 41547 20 41803 20 42059 20 42315 20 42571 20 42827 20 43083 18 43339 18 43595 18 43851 18 44109 14 44365 14 44623 10 44879 10
191b2b2205f2f5cc9da04702c5d422bc249faf8bca1107af792da63cccfba829,20585 10 20841 10 21095 14 21351 14 21607 14 21863 14 22119 14 22375 14 22629 16 22885 16 23141 16 23397 16 23653 16 23909 16 24165 14 24421 14 24677 14 24933 14 25191 10 25447 10 25705 6 25961 6
191b2b2205f2f5cc9da04702c5d422bc249faf8bca1107af792da63cccfba829,47763 4 48019 4 48271 12 48527 12 48779 18 49035 18 49291 18 49547 18 49801 20 50057 20 50313 20 50569 20 50825 20 51081 20 51337 20 51593 20 51849 18 52105 18 52363 16 52619 16 52875 14 53131 14 53389 10 53645 10
191b2b2205f2f5cc9da04702c5d422bc249faf8bca1107af792da63cccfba829,12481 10 12737 10 12989 16 13245 16 13501 16 13757 16 14013 18 14269 18 14523 20 14779 20 15035 20 15291 20 15547 20 15803 20 16059 18 16315 18 16573 16 16829 16 17085 16 17341 16 17599 12 17855 12
191b2b2205f2f5cc9da04702c5d422bc249faf8bca1107af792da63cccfba829,32461 6 32717 6 32971 10 33227 10 33483 10 33739 10 33997 8 34253 8 34509 8 34765 8
191b2b2205f2f5cc9da04702c5d422bc249faf8bca1107af792da63cccfba829,43747 2 44003 2 44251 14 44507 14 44761 18 45017 18 45271 20 45527 20 45781 22 46037 22 46293 22 46549 22 46805 22 47061 22 47317 22 47573 22 47829 22 48085 22 48341 20 48597 20 48855 16 49111 16 49369 10 49625 10
191b2b2205f2f5cc9da04702c5d422bc249faf8bca1107af792da63cccfba829,54491 2 54747 2 55001 6 55257 6 55513 8 55769 8 56025 6 56281 6
191b2b2205f2f5cc9da04702c5d422bc249faf8bca1107af792da63cccfba829,27889 6 28145 6 28399 12 28655 12 28909 16 29165 16 29421 16 29677 16 29931 18 30187 18 30443 18 30699 18 30955 18 31211 18 31467 18 31723 18 31979 18 32235 18 32493 16 32749 16 33005 14 33261 14 33519 10 33775 10
1962d0c5faf3e85cda80e0578e0cb7aca50826d781620e5c1c4cc586bc69f81a,5 8 21 41 70 20 520 93 1039 93 1558 65 1627 24 2077 61 2150 16 2596 65 2673 12 3115 65 3196 8 3634 65 3715 8 4153 65 4672 65 5191 65 5710 65 6229 65 6748 65 7267 65 7786 16 7806 45 8309 8 8325 45 8828 8 8844 45 9363 45 9882 45 10401 45 10920 45 11439 45 11958 45 12481 37 13000 29 13519 29 14042 21 14569 5
1962d0c5faf3e85cda80e0578e0cb7aca50826d781620e5c1c4cc586bc69f81a,18182 12 18701 12 19216 16 19735 20 20250 24 20769 24 21288 24 21803 32 21848 4 22322 32 22363 12 22837 36 22878 16 23356 36 23397 16 23875 61 24394 65 24913 69 25432 36 25477 24 25951 36 25996 24 26470 36 26515 28 26989 36 27038 28 27508 32 27557 28 28027 32 28080 24 28546 32 28599 24 29065 32 29118 24 29588 28 29641 20 30107 24 30160 20 30626 24 30683 16 31145 24 31202 16 31668 20 31721 16 32187 24 32240 16 32706 24 32763 12 33225 24 33282 12 33744 24 33801 12 34263 24 34324 8 34778 28 34843 4 35297 28 35816 28 36335 32 36854 32 37373 32 37892 32 38411 32 38930 32 39449 37 39968 41 40487 45 41006 45 41525 45 42048 45 42567 45 43086 45 43609 41 44132 37 44651 37 45170 41 45689 41 46208 41 46731 37 47254 33 47777 29 48296 29 48819 25 49338 25 49857 25 50380 21 50899 21 51418 21 51937 21 52461 16 52980 16 53499 16 54018 20 54537 20 55060 16 55579 16 56098 20 56625 16 57144 16 57663 16 58182 16 58705 12 59228 4
1962d0c5faf3e85cda80e0578e0cb7aca50826d781620e5c1c4cc586bc69f81a,68509 8 69028 12 69547 12 70066 12 70585 12 71104 16 71623 16 72142 16 72661 16 73180 16 73699 16 73740 16 74218 16 74254 25 74737 16 74769 29 75256 16 75288 29 75779 12 75807 33 76298 16 76322 37 76817 20 76841 37 77336 65 77855 65 78370 69 78889 69 79408 69 79927 69 80446 69 80965 69 81484 73 82003 73 82522 73 83041 73 83564 20 83592 37
1962d0c5faf3e85cda80e0578e0cb7aca50826d781620e5c1c4cc586bc69f81a,135 40 650 44 1169 44 1692 40 2211 40 2734 8 2754 16 3253 8 3273 16 3772 8 3792 16 4287 12 4311 16 4806 12 4830 20 5325 12 5349 20 5844 12 5868 20 6363 12 6387 20 6882 12 6906 20 7397 16 7425 20 7916 20 7944 20 8431 24 8467 16 8950 24 8986 16 9469 24 9505 12 9988 24 10028 12 10503 28 10547 12 11022 28 11066 12 11541 28 11585 12 12060 32 12100 20 12579 32 12619 16 13094 36 13138 16 13613 36 13657 16 14132 40 14176 16 14651 40 14695 16 15170 60 15689 56 16208 56 16727 56 17246 52 17765 52 18284 56 18803 56 19322 56 19841 56 20360 56 20879 56 21398 56 21917 56 22436 56 22959 52 23478 52 23997 52 24516 52 25035 52 25554 52 26073 52 26592 52 27111 52 27630 52 28149 52 28668 52 29191 48 29710 48 30229 48 30748 48 31267 48 31786 48 32305 48 32824 48 33343 48 33862 48 34381 48 34900 44 35419 44 35938 44 36457 44 36972 48 37491 48 38010 48 38529 48 39048 44 39567 44 40086 44 40588 9 40605 48 41107 9 41124 48 41622 69 42141 69 42660 69 43179 69 43694 73 44213 25 44242 44 44732 25 44761 48 45251 25 45280 48 45770 25 45799 48 46285 25 46318 48 46800 29 46841 44 47319 29 47360 44 47834 33 47879 44 48353 33 48398 44 48872 33 48921 40 49391 33 49440 40 49914 29 49963 36 50433 29 50482 36 50952 29 51001 36 51471 25 51520 32 51994 21 52043 28 52562 24 53081 24 53551 12 53600 24 53997 8 54066 16 54119 24 54512 16 54581 24 54634 24 55027 20 55096 28 55145 32 55546 20 55615 28 55664 32 56065 24 56134 28 56179 32 56584 29 56653 28 56698 28 57103 29 57172 28 57213 28 57622 33 57691 24 57732 28 58141 33 58210 24 58251 28 58660 33 58729 24 58770 28 59179 33 59248 24 59289 24 59698 33 59767 24 59812 20 60217 33 60266 4 60282 28 60331 16 60736 33 60785 4 60801 28 60850 16 61255 33 61300 12 61320 28 61369 16 61774 37 61815 20 61839 28 61888 12 62293 37 62334 48 62403 16 62808 41 62853 48 62914 20 63327 41 63372 48 63433 20 63846 41 63891 48 63947 25 64365 37 64406 77 64888 33 64925 69 65407 33 65444 69 65926 33 65963 69 66445 33 66486 61 66968 29 67005 65 67491 25 67528 61 68010 25 68047 61 68529 25 68566 61 69048 25 69089 65 69567 21 69608 69 70086 21 70127 69 70605 21 70646 69 71124 21 71169 69 71643 16 71692 65 72166 8 72215 61 72738 57 73257 57 73776 57 74295 61 74814 61 75333 61 75852 61 76371 61 76894 57 77413 53 77932 53 78451 53 78970 53 79489 49 80008 49 80527 49 81046 49 81565 49 82088 45 82607 45 83126 45 83645 41
1962d0c5faf3e85cda80e0578e0cb7aca50826d781620e5c1c4cc586bc69f81a,46780 8 47291 16 47810 16 48329 16 48852 12 49371 12
1962d0c5faf3e85cda80e0578e0cb7aca50826d781620e5c1c4cc586bc69f81a,6833 4 7352 8 7867 12 8386 12 8905 12 9424 12 9943 12 10462 12 10981 12 11500 12 12019 12 12538 12 13057 12 13576 12 14095 12 14614 12 15133 16 15652 12 16171 12 16690 12 17209 12 17728 12 18251 4 18770 4
1962d0c5faf3e85cda80e0578e0cb7aca50826d781620e5c1c4cc586bc69f81a,17834 8 18348 13 18867 13 19386 17 19905 17 20420 21 20939 25 21458 25 21981 21 22500 21 23019 21 23538 21 24057 25 24576 25 25095 25 25619 20 26138 20 26657 20 27176 24 27695 24 28214 24 28733 24 29252 24 29771 28 30290 28 30804 33 31323 33 31842 33 32357 37 32876 41 33395 41 33914 41 34433 41 34952 41 35471 41 35990 41 36509 37 37028 37 37093 16 37547 37 37608 25 38066 37 38127 25 38585 37 38646 25 39104 41 39165 29 39623 45 39684 29 40142 45 40203 29 40661 49 40722 33 41180 49 41241 33 41703 45 41760 33 42227 40 42279 33 42750 36 42798 33 43269 36 43317 33 43788 40 43836 33 44311 36 44355 33 44830 36 44874 33 45349 36 45393 33 45868 36 45912 33 46387 36 46431 33 46906 36 46950 33 47425 36 47469 33 47944 36 47988 33 48463 36 48507 33 48978 44 49026 33 49497 44 49545 33 50012 48 50064 33 50526 53 50583 33 51045 53 51102 33 51564 53 51621 33 52083 53 52140 33 52598 57 52659 37 53117 57 53178 37 53636 57 53697 41 54155 57 54216 45 54674 57 54739 45 55193 53 55258 45 55712 53 55777 45 56231 53 56296 45 56750 53 56819 41 57269 53 57338 45 57788 53 57857 45 58307 53 58376 45 58826 53 58895 45 59345 49 59414 45 59864 49 59933 45 60383 49 60452 45 60902 49 60971 45 61421 49 61490 45 61920 12 61944 45 62009 45 62435 20 62463 49 62528 45 62954 20 62982 53 63047 45 63473 20 63501 53 63566 45 63988 24 64020 57 64085 45 64507 24 64539 57 64604 45 65026 28 65063 52 65123 45 65545 28 65582 52 65642 45 66064 28 66101 56 66161 45 66583 28 66620 20 66648 28 66680 45 67098 32 67139 20 67167 28 67199 41 67617 32 67653 25 67686 28 67718 41 68136 32 68172 25 68205 28 68237 41 68655 32 68691 29 68724 28 68756 41 69174 28 69210 61 69275 41 69693 28 69725 65 69798 33 70212 28 70244 65 70317 33 70731 28 70763 65 70836 33 71250 28 71282 61 71355 33 71769 28 71801 61 71874 33 72288 28 72320 61 72393 33 72807 28 72839 61 72908 37 73326 28 73358 61 73427 37 73849 24 73877 61 73946 37 74368 20 74396 61 74465 37 74887 20 74915 61 74984 37 75406 20 75434 61 75503 37 75925 20 75953 61 76022 33 76440 24 76472 57 76541 33 76959 24 76991 57 77060 33 77478 28 77510 21 77535 73 77997 28 78029 21 78054 73 78516 28 78548 17 78573 73 79035 28 79067 17 79092 73 79554 28 79586 98 80073 130 80592 130 81107 81 81196 45 81626 81 81711 45 82145 77 82230 45 82664 77 82749 45 83183 77 83268 45 83706 69 83791 8 83807 21
1962d0c5faf3e85cda80e0578e0cb7aca50826d781620e5c1c4cc586bc69f81a,240 25 715 16 759 29 1234 16 1278 29 1753 16 1797 33 2272 16 2316 33 2791 16 2835 37 3310 20 3354 37 3829 20 3873 37 4348 20 4396 33 4867 20 4915 33 5386 20 5438 29 5905 20 5957 29 6424 20 6476 29 6939 24 6995 29 7458 24 7510 33 7973 28 8025 37 8492 28 8544 41 9011 28 9063 41 9530 28 9578 45 10049 24 10089 53 10568 24 10600 57 11087 24 11119 57 11610 85 12129 85 12652 73 13171 73 13690 73 14209 73 14732 69 15251 69 15770 69 16289 69 16808 69 17327 65 17850 61 18373 57 18892 57 19411 52 19934 48 20453 44 20976 40 21495 40 22014 36 22537 32 23056 28 23575 28 24094 28 24613 24 25136 20 25655 20 26174 20 26693 20 27212 20 27731 20 28250 20 28769 20 29288 20 29807 20 30326 20 30845 20 31364 20 31887 16 32406 16 32925 16 33444 16 33963 16 34486 8
1962d0c5faf3e85cda80e0578e0cb7aca50826d781620e5c1c4cc586bc69f81a,18438 12 18957 12 19472 16 19991 36 20510 40 21029 40 21548 40 22067 44 22586 44 23105 44 23624 44 24143 44 24662 48 25177 20 25205 24 25696 20 25724 24 26215 20 26243 24 26734 20 26758 28 27253 56 27776 52 28295 52 28814 52 29333 52 29852 52 30371 52 30890 52 31409 52 31928 52 32447 56 32966 56 33485 56 34004 56 34523 56 35046 52 35565 52 36084 52 36603 52 37126 48 37645 48 38164 48 38683 48 39206 44 39725 52 40248 48 40767 48 41286 48 41805 48 42328 44 42847 20 42883 8 43366 20 43402 8 43889 12 43925 4 44444 9 44963 9 45482 9 46001 9 46520 9 47039 9 47558 9
1962d0c5faf3e85cda80e0578e0cb7aca50826d781620e5c1c4cc586bc69f81a,832 12 1351 12 1870 16 2385 24 2904 24 3423 24 3942 24 4461 24 4980 24 5499 20 6018 16 6537 16 7052 20 7571 20 8090 20 8605 24 9124 24 9643 24 10158 28 10673 32 11192 32 11711 28 12226 32 12745 32 13264 32 13783 32 14302 32 14821 32 15340 28 15859 28 16378 28 16897 28 17420 20 17943 12
1962d0c5faf3e85cda80e0578e0cb7aca50826d781620e5c1c4cc586bc69f81a,46496 4 47011 12 47526 20 48045 20 48564 20 49083 20 49602 24 50121 24 50640 24 51159 24 51674 28 52193 28 52712 28 53231 28 53750 28 54269 28 54788 28 55311 24 55830 24 56349 24 56868 24 57391 20 57910 20 58429 20 58948 20 59467 20 59986 20 60509 16 61028 16 61547 16 62066 12 62090 17 62585 12 62609 21 63108 8 63128 21 63627 8 63647 21 64146 8 64166 25 64665 12 64685 25 65184 12 65204 25 65703 12 65723 25 66222 12 66242 25 66741 12 66761 29 67260 16 67280 29 67779 49 68298 49 68817 49 69340 45 69855 16 69875 29 70374 16 70394 33 70893 16 70913 33 71412 53 71931 53 72450 20 72474 29 72969 57 73488 57 74003 28 74036 28 74522 28 74555 28 75041 28 75078 24 75560 28 75597 24 76079 28 76116 28 76598 28 76635 28 77117 28 77158 24 77636 28 77677 28 78155 28 78196 28 78674 28 78715 28 79193 28 79238 24 79712 28 79757 24 80231 28 80280 24 80750 28 80799 24 81265 32 81318 24 81784 32 81837 24 82303 32 82360 20 82822 32 82879 20 83341 32 83398 20 83864 24 83921 12
1962d0c5faf3e85cda80e0578e0cb7aca50826d781620e5c1c4cc586bc69f81a,13313 8 13832 8 14346 17 14865 17 15384 17 15899 25 16418 25 16941 21 17460 21 17979 21 18498 21 19017 21 19536 21 20055 25 20574 25 21093 25 21612 25 22131 25 22650 25 23169 29 23688 29 24207 29 24726 29 25245 29 25764 29 26283 29 26802 29 27321 29 27840 29 28359 29 28878 29 29402 24 29921 24 30440 24 30959 24 31478 24 31997 28 32516 28 33035 28 33554 28 34073 28 34592 28 35111 28 35634 24 36153 24 36672 24 37191 24 37710 24 38229 24 38748 24 39271 24 39790 24 40313 20 40832 24 41351 24 41870 24 42393 20 42912 24 43431 24 43950 24 44469 24 44611 8 44988 24 45130 16 45507 24 45584 8 45649 20 46026 24 46103 8 46168 20 46545 24 46622 12 46687 20 47064 24 47137 20 47165 12 47206 20 47583 24 47656 20 47680 20 47725 20 48106 24 48175 44 48244 20 48625 24 48694 44 48763 20 49144 24 49213 44 49282 20 49663 24 49732 44 49801 20 50182 24 50251 48 50320 20 50701 24 50770 48 50827 8 50839 20 51220 24 51289 48 51346 8 51358 20 51743 20 51808 48 51860 17 51881 16 52262 24 52327 69 52404 12 52781 24 52846 73 52927 4 53300 24 53365 73 53446 4 53819 24 53880 77 54338 24 54395 81 54857 24 54914 81 55364 8 55376 28 55429 85 55883 8 55895 28 55948 85 56398 44 56467 85 56913 48 56986 85 57432 48 57505 89 57951 48 58024 89 58470 48 58543 89 58989 60 59062 89 59508 64 59581 89 60031 158 60550 16 60574 12 60590 122 61069 16 61093 12 61109 122 61632 118 62151 118 62670 118 63189 118 63708 118 64227 122 64746 122 65265 122 65784 122 66303 122 66822 49 66875 73 67345 45 67394 73 67864 45 67913 73 68383 45 68432 73 68890 4 68902 45 68951 73 69405 61 69470 73 69924 61 69989 73 70439 65 70508 73 70958 65 71027 73 71477 65 71546 69 71996 65 72065 69 72515 24 72543 37 72584 32 72620 33 73038 24 73066 33 73103 28 73144 28 73557 24 73585 33 73622 28 73663 28 74076 24 74104 65 74182 28 74599 20 74628 32 74664 24 74701 28 75118 20 75147 32 75183 24 75220 28 75637 20 75666 32 75702 24 75739 28 76156 20 76185 32 76221 24 76258 28 76675 24 76704 32 76740 20 76777 28 77194 24 77227 28 77259 20 77300 28 77713 24 77746 28 77778 20 77819 28 78232 24 78265 28 78297 20 78338 28 78751 24 78784 28 78816 24 78857 28 79270 24 79303 28 79335 24 79376 28 79789 20 79822 28 79854 24 79895 28 80312 16 80341 60 80414 28 80831 16 80860 60 80933 28 81350 16 81383 56 81452 28 81873 8 81910 48 81975 24 82429 48 82494 24 82952 20 82976 20 83013 20 83471 20 83495 20 83532 20 83990 16 84018 12 84055 16
1962d0c5faf3e85cda80e0578e0cb7aca50826d781620e5c1c4cc586bc69f81a,82859 4 83378 4 83897 4
1962d0c5faf3e85cda80e0578e0cb7aca50826d781620e5c1c4cc586bc69f81a,354 24 873 28 1392 28 1911 28 2430 28 2949 28 3468 28 3987 28 4506 28 5025 28 5544 24 6063 24 6582 24 7101 24 7620 24 8143 20 8662 20 9181 20 9700 20 10219 20 10738 24 11257 24 11776 32 12299 32 12830 20 13349 20 13868 20 14387 20 14906 20 15425 24 15948 20 16467 20 16986 20 17505 20 18024 20 18543 24 19062 24 19581 24 20100 24 20619 24 21138 24 21657 24 22176 24 22699 24 23218 24 23737 24 24256 24 24775 24 25294 24 25813 24 26332 24 26851 24 27370 24 27893 20 28412 25 28931 25 29450 25 29969 25 30488 25 31007 25 31526 25 32045 25 32568 21 33087 21 33606 21 34125 25 34644 25 35163 25 35682 25 36201 25 36720 29 37239 29 37758 29 38281 25 38800 25 39319 25 39838 25 40357 25 40876 25 41395 25 41918 21 42437 21 42956 17 43475 17 43994 17 44513 17 45036 9
1962d0c5faf3e85cda80e0578e0cb7aca50826d781620e5c1c4cc586bc69f81a,921 4 1440 4 1959 4
1962d0c5faf3e85cda80e0578e0cb7aca50826d781620e5c1c4cc586bc69f81a,443 12 463 16 496 24 962 41 1011 28 1481 41 1530 28 2000 41 2049 28 2519 41 2568 28 3038 41 3087 28 3557 45 3610 24 4076 45 4129 24 4595 45 4648 24 5114 45 5167 24 5633 45 5686 24 6156 41 6209 20 6675 41 6728 20 7194 41 7247 20 7713 45 7766 20 8232 45 8285 20 8755 41 8804 20 9274 41 9323 20 9793 41 9842 20 10312 41 10365 16 10831 41 10884 16 11350 41 11403 16 11873 33 11922 16 12392 33 12441 16 12915 29 12960 16 13438 21 13483 12 13957 21 14002 12 14472 25 14521 12 14991 25 15040 12 15506 29 15559 12 16025 29 16078 12 16544 29 16597 12 17063 33 17108 20 17582 33 17623 24 18101 65 18616 69 19135 69 19654 69 20173 37 20214 28 20692 33 20733 28 21211 33 21256 24 21730 33 21775 24 22249 33 22294 24 22768 33 22813 24 23287 33 23332 24 23806 33 23851 24 24325 37 24370 24 24848 65 25367 65 25886 65 26405 65 26924 65 27447 41 27492 16 27966 41 28011 16 28485 61 29004 61 29523 61 30042 61 30561 61 31084 57 31603 57 32122 57 32641 29 32678 20 33164 17 33197 20 33683 17 33716 20 34235 20 34758 16 35277 16 35796 16 36315 16 36838 12 37357 12
1962d0c5faf3e85cda80e0578e0cb7aca50826d781620e5c1c4cc586bc69f81a,30545 4 31064 8 31583 8 32102 12 32621 12 33140 16 33659 16 34182 12 34701 12 35220 12 35743 8 36262 8
1cdbfee1951356e7b0a215073828695fe1ead5f8b1add119b6645d2fdc8d844e,71681 12 72193 12 72705 12 73217 12 73729 12 74241 16 74753 16 75265 16 75777 16 76289 16 76801 20 77313 20 77825 20 78337 20 78849 20 79361 24 79873 24 80385 24 80897 24 81409 24 81921 28 82433 28 82945 28 83457 28 83969 28 84481 32 84993 32 85505 32 86017 32 86529 32 87041 32 87553 32 88065 32 88577 32 89089 32 89601 32 90113 32 90625 32 91137 32 91649 32 92161 28 92673 28 93185 28 93697 28 94209 28 94725 20 95237 20 95749 20 96261 20 96773 20
1cdbfee1951356e7b0a215073828695fe1ead5f8b1add119b6645d2fdc8d844e,158721 12 159233 12 159745 12 160257 12 160769 12 161281 12 161793 12 162305 12 162817 12 163329 12 163841 16 164353 16 164865 16 165377 16 165889 16 166401 16 166913 16 167425 16 167937 16 168449 16 168961 12 169473 12 169985 12 170497 12 171009 12 171521 12 172033 12 172545 12 173057 12 173569 12 174081 12 174593 12 175105 12 175617 12 176129 12 176641 8 177153 8 177665 8 178177 8 178689 8
1cdbfee1951356e7b0a215073828695fe1ead5f8b1add119b6645d2fdc8d844e,197121 8 197633 8 198145 8 198657 8 199169 8
1cdbfee1951356e7b0a215073828695fe1ead5f8b1add119b6645d2fdc8d844e,120337 4 120849 4 121361 4 121873 4 122385 4 122889 16 123401 16 123913 16 124425 16 124937 16 125449 20 125961 20 126473 20 126985 20 127497 20 128009 20 128521 20 129033 20 129545 20 130057 20 130573 12 131085 12 131597 12 132109 12 132621 12
1cdbfee1951356e7b0a215073828695fe1ead5f8b1add119b6645d2fdc8d844e,33 68 545 68 1057 68 1569 68 2081 68 2589 80 3101 80 3613 80 4125 80 4637 80 5149 84 5661 84 6173 84 6685 84 7197 84 7713 84 8225 84 8737 84 9249 84 9761 84 10273 84 10785 84 11297 84 11809 84 12321 84 12837 84 13349 84 13861 84 14373 84 14885 84 15405 76 15917 76 16429 76 16941 76 17453 76 17973 64 18485 64 18997 64 19509 64 20021 64 20549 44 21061 44 21573 44 22085 44 22597 44 23117 32 23629 32 24141 32 24653 32 25165 32 25689 16 26201 16 26713 16 27225 16 27737 16
1cdbfee1951356e7b0a215073828695fe1ead5f8b1add119b6645d2fdc8d844e,138297 12 138809 12 139321 12 139833 12 140345 12 140853 20 141365 20 141877 20 142389 20 142901 20 143413 24 143925 24 144437 24 144949 24 145461 24 145969 28 146481 28 146993 28 147505 28 148017 28 148533 12 149045 12 149557 12 150069 12 150581 12
1cdbfee1951356e7b0a215073828695fe1ead5f8b1add119b6645d2fdc8d844e,23185 12 23697 12 24209 12 24721 12 25233 12 25733 32 26245 32 26757 32 27269 32 27781 32 28289 40 28801 40 29313 40 29825 40 30337 40 30845 48 31357 48 31869 48 32381 48 32893 48 33405 52 33917 52 34429 52 34941 52 35453 52 35965 52 36477 52 36989 52 37501 52 38013 52 38525 52 39037 52 39549 52 40061 52 40573 52 41085 52 41597 52 42109 52 42621 52 43133 52 43645 52 44157 52 44669 52 45181 52 45693 52 46209 44 46721 44 47233 44 47745 44 48257 44 48769 40 49281 40 49793 40 50305 40 50817 40 51333 32 51845 32 52357 32 52869 32 53381 32
1cdbfee1951356e7b0a215073828695fe1ead5f8b1add119b6645d2fdc8d844e,112845 36 113357 36 113869 36 114381 36 114893 36 115401 48 115913 48 116425 48 116937 48 117449 48 117961 52 118473 52 118985 52 119497 52 120009 52 120517 64 121029 64 121541 64 122053 64 122565 64 123077 68 123589 68 124101 68 124613 68 125125 68 125637 72 126149 72 126661 72 127173 72 127685 72 128197 72 128709 72 129221 72 129733 72 130245 72 130757 72 131269 72 131781 72 132293 72 132805 72 133317 76 133829 76 134341 76 134853 76 135365 76 135877 72 136389 72 136901 72 137413 72 137925 72 138437 72 138949 72 139461 72 139973 72 140485 72 141001 68 141513 68 142025 68 142537 68 143049 68 143565 60 144077 60 144589 60 145101 60 145613 60 146129 52 146641 52 147153 52 147665 52 148177 52 148693 44 149205 44 149717 44 150229 44 150741 44 151261 32 151773 32 152285 32 152797 32 153309 32 153833 12 154345 12 154857 12 155369 12 155881 12
1cdbfee1951356e7b0a215073828695fe1ead5f8b1add119b6645d2fdc8d844e,261 28 773 28 1285 28 1797 28 2309 28 2817 48 3329 48 3841 48 4353 48 4865 48 5373 56 5885 56 6397 56 6909 56 7421 56 7933 60 8445 60 8957 60 9469 60 9981 60 10493 64 11005 64 11517 64 12029 64 12541 64 13057 60 13569 60 14081 60 14593 60 15105 60 15617 56 16129 56 16641 56 17153 56 17665 56 18185 48 18697 48 19209 48 19721 48 20233 48 20749 40 21261 40 21773 40 22285 40 22797 40 23325 20 23837 20 24349 20 24861 20 25373 20
1cdbfee1951356e7b0a215073828695fe1ead5f8b1add119b6645d2fdc8d844e,87325 24 87837 24 88349 24 88861 24 89373 24 89869 44 90381 44 90893 44 91405 44 91917 44 92425 56 92937 56 93449 56 93961 56 94473 56 94981 64 95493 64 96005 64 96517 64 97029 64 97541 68 98053 68 98565 68 99077 68 99589 68 100101 68 100613 68 101125 68 101637 68 102149 68 102657 72 103169 72 103681 72 104193 72 104705 72 105221 68 105733 68 106245 68 106757 68 107269 68 107781 64 108293 64 108805 64 109317 64 109829 64 110345 80 110857 80 111369 80 111881 80 112393 80 112917 76 113429 76 113941 76 114453 76 114965 76 115489 64 116001 64 116513 64 117025 64 117537 64 118069 44 118581 44 119093 44 119605 44 120117 44 120629 48 121141 48 121653 48 122165 48 122677 48 123185 52 123697 52 124209 52 124721 52 125233 52 125741 56 126253 56 126765 56 127277 56 127789 56 128301 56 128813 56 129325 56 129837 56 130349 56 130865 52 131377 52 131889 52 132401 52 132913 52 133421 56 133933 56 134445 56 134957 56 135469 56 135977 60 136489 60 137001 60 137513 60 138025 60 138533 64 139045 64 139557 64 140069 64 140581 64 141093 64 141605 64 142117 64 142629 64 143141 64 143653 64 144165 64 144677 64 145189 64 145701 64 146209 64 146721 64 147233 64 147745 64 148257 64 148769 64 149281 64 149793 64 150305 64 150817 64 151333 56 151845 56 152357 56 152869 56 153381 56 153893 52 154405 52 154917 52 155429 52 155941 52 156457 40 156969 40 157481 40 157993 40 158505 40
1cdbfee1951356e7b0a215073828695fe1ead5f8b1add119b6645d2fdc8d844e,269137 20 269649 20 270161 20 270673 20 271185 20 271689 36 272201 36 272713 36 273225 36 273737 36 274245 48 274757 48 275269 48 275781 48 276293 48 276801 56 277313 56 277825 56 278337 56 278849 56 279361 60 279873 60 280385 60 280897 60 281409 60 281921 60 282433 60 282945 60 283457 60 283969 60 284481 64 284993 64 285505 64 286017 64 286529 64 287041 64 287553 64 288065 64 288577 64 289089 64 289601 64 290113 64 290625 64 291137 64 291649 64 292161 64 292673 64 293185 64 293697 64 294209 64 294725 60 295237 60 295749 60 296261 60 296773 60 297285 56 297797 56 298309 56 298821 56 299333 56 299849 52 300361 52 300873 52 301385 52 301897 52 302413 44 302925 44 303437 44 303949 44 304461 44 304985 24 305497 24 306009 24 306521 24 307033 24
1cdbfee1951356e7b0a215073828695fe1ead5f8b1add119b6645d2fdc8d844e,212829 12 213341 12 213853 12 214365 12 214877 12 215381 32 215893 32 216405 32 216917 32 217429 32 217937 40 218449 40 218961 40 219473 40 219985 40 220497 44 221009 44 221521 44 222033 44 222545 44 223053 48 223565 48 224077 48 224589 48 225101 48 225613 52 226125 52 226637 52 227149 52 227661 52 228173 68 228685 68 229197 68 229709 68 230221 68 230737 72 231249 72 231761 72 232273 72 232785 72 233297 76 233809 76 234321 76 234833 76 235345 76 235857 76 236369 76 236881 76 237393 76 237905 76 238421 76 238933 76 239445 76 239957 76 240469 76 240985 72 241497 72 242009 72 242521 72 243033 72 243553 60 244065 60 244577 60 245089 60 245601 60 246121 52 246633 52 247145 52 247657 52 248169 52 248685 44 249197 44 249709 44 250221 44 250733 44 251249 36 251761 36 252273 36 252785 36 253297 36 253825 8 254337 8 254849 8 255361 8 255873 8
1cdbfee1951356e7b0a215073828695fe1ead5f8b1add119b6645d2fdc8d844e,74617 20 75129 20 75641 20 76153 20 76665 20 77173 28 77685 28 78197 28 78709 28 79221 28 79733 28 80245 28 80757 28 81269 28 81781 28 82293 28 82805 28 83317 28 83829 28 84341 28 84853 28 85365 28 85877 28 86389 28 86901 28 87413 28 87925 28 88437 28 88949 28 89461 28 89977 20 90489 20 91001 20 91513 20 92025 20
1cdbfee1951356e7b0a215073828695fe1ead5f8b1add119b6645d2fdc8d844e,307613 16 308125 16 308637 16 309149 16 309661 16 310165 40 310677 40 311189 40 311701 40 312213 40 312717 52 313229 52 313741 52 314253 52 314765 52 315277 60 315789 60 316301 60 316813 60 317325 60 317833 68 318345 68 318857 68 319369 68 319881 68 320393 68 320905 68 321417 68 321929 68 322441 68 322953 72 323465 72 323977 72 324489 72 325001 72 325513 68 326025 68 326537 68 327049 68 327561 68
1cdbfee1951356e7b0a215073828695fe1ead5f8b1add119b6645d2fdc8d844e,10673 24 11185 24 11697 24 12209 24 12721 24 13229 36 13741 36 14253 36 14765 36 15277 36 15785 48 16297 48 16809 48 17321 48 17833 48 18345 60 18857 60 19369 60 19881 60 20393 60 20909 60 21421 60 21933 60 22445 60 22957 60 23473 60 23545 4 23985 60 24057 4 24497 60 24569 4 25009 60 25081 4 25521 60 25593 4 26037 76 26549 76 27061 76 27573 76 28085 76 28597 76 29109 76 29621 76 30133 76 30645 76 31157 76 31669 76 32181 76 32693 76 33205 76 33717 76 34229 76 34741 76 35253 76 35765 76 36277 76 36789 76 37301 76 37813 76 38325 76 38841 72 39353 72 39865 72 40377 72 40889 72 41405 48 41457 16 41917 48 41969 16 42429 48 42481 16 42941 48 42993 16 43453 48 43505 16 43969 44 44021 12 44481 44 44533 12 44993 44 45045 12 45505 44 45557 12 46017 44 46069 12 46533 36 46585 8 47045 36 47097 8 47557 36 47609 8 48069 36 48121 8 48581 36 48633 8 49101 24 49613 24 50125 24 50637 24 51149 24
1cdbfee1951356e7b0a215073828695fe1ead5f8b1add119b6645d2fdc8d844e,128485 16 128997 16 129509 16 130021 16 130533 16 131033 36 131545 36 132057 36 132569 36 133081 36 133589 44 134101 44 134613 44 135125 44 135637 44 136149 44 136661 44 137173 44 137685 44 138197 44 138705 48 139217 48 139729 48 140241 48 140753 48 141261 52 141773 52 142285 52 142797 52 143309 52 143817 56 144329 56 144841 56 145353 56 145865 56 146373 60 146885 60 147397 60 147909 60 148421 60 148933 60 149445 60 149957 60 150469 60 150981 60 151493 60 152005 60 152517 60 153029 60 153541 60 154057 52 154569 52 155081 52 155593 52 156105 52 156621 32 157133 32 157645 32 158157 32 158669 32 159185 20 159697 20 160209 20 160721 20 161233 20
1d9eacb3161f1e2b45550389ecf7c535c7199c6b44b1c6a46303f7b965e508f1,19917 4 20441 4 20965 4 21485 12 22009 12 22533 12 23057 16 23581 16 24105 16 24130 20 24629 16 24654 20 25153 16 25178 20 25677 45 26201 45 26725 45 27249 45 27773 45 28297 45 28821 45 29345 45 29877 37 30401 37 30925 37 31453 29 31977 29 32501 29 33029 17 33553 17
1d9eacb3161f1e2b45550389ecf7c535c7199c6b44b1c6a46303f7b965e508f1,95369 12 95893 12 96417 12 96941 12 96966 16 97465 12 97490 16 97989 12 98014 16 98513 16 98533 21 99037 16 99057 21 99561 45 100085 45 100609 45 101133 12 101149 29 101657 12 101673 29 102181 12 102197 29 102705 12 102721 29 103229 12 103245 29 103753 8 103769 29 104277 8 104293 29 104801 8 104817 29 105345 21 105869 21 106393 21 106917 21 107441 21 107965 21 108494 12 109018 12
1d9eacb3161f1e2b45550389ecf7c535c7199c6b44b1c6a46303f7b965e508f1,113729 17 114253 17 114777 17 115297 25 115821 25 116345 25 116869 25 117393 25 117917 25 118437 29 118961 29 119485 29 120009 29 120533 29 121049 37 121573 37 122097 37 122617 37 123141 37 123665 37 124189 37 124713 37 125237 29 125761 29 126285 29 126809 29 127333 29 127857 29 128381 25 128905 25 129429 25 129953 25 130477 25 131005 16 131529 16 132053 16
1d9eacb3161f1e2b45550389ecf7c535c7199c6b44b1c6a46303f7b965e508f1,175025 8 175549 8 176073 8 176593 21 177117 21 177641 21 178161 25 178685 25 179209 25 179733 29 180257 29 180785 21 181309 21 181833 21
1d9eacb3161f1e2b45550389ecf7c535c7199c6b44b1c6a46303f7b965e508f1,69709 17 70233 17 70757 17 71273 29 71797 29 72321 29 72845 29 73369 29 73893 33 74417 33 74941 33 75465 33 75989 33 76513 33 77037 29 77561 29 78085 29 78613 21 79137 21 79665 13 80189 13 80713 13 81233 21 81757 21 82281 21 82801 25 83325 25 83849 29 84373 29 84897 29 85417 33 85941 33 86465 33 86989 33 87513 33 88037 33 88561 33 89085 33 89613 25 90137 25 90661 25 91189 17 91713 17 92237 17
1d9eacb3161f1e2b45550389ecf7c535c7199c6b44b1c6a46303f7b965e508f1,140977 17 141501 17 142025 17 142545 21 143069 21 143593 21 144113 29 144637 29 145161 29 145685 29 146209 29 146733 29 147257 29 147781 29 148305 29 148829 29 149357 21 149881 21 150405 21 150933 13 151457 13 151981 13
1d9eacb3161f1e2b45550389ecf7c535c7199c6b44b1c6a46303f7b965e508f1,37230 12 37754 12 38273 21 38797 21 39321 21 39845 21 40369 21 40893 21 41417 25 41941 25 42465 25 42989 25 43513 25 44042 24 44566 24 45090 24 45618 20 46142 20 46666 20 47190 20 47714 20 48238 20 48762 20 49286 20 49810 20 50334 20 50858 20 51382 20 51906 20 52430 20 52954 20 53478 20 54002 20 54526 20 55050 20 55574 20 56098 20 56622 20 57146 20 57670 20 58194 16 58718 16 59242 16 59766 12 60290 12 60814 12 61342 4 61866 4 62390 4
1d9eacb3161f1e2b45550389ecf7c535c7199c6b44b1c6a46303f7b965e508f1,136835 20 137359 20 137883 20 138398 29 138922 29 139438 41 139962 41 140486 41 141006 45 141530 45 142054 45 142578 45 143102 45 143626 45 144150 45 144674 45 145198 45 145722 45 146246 45 146774 41 147298 41 147822 41 148342 45 148866 45 149386 16 149411 24 149910 16 149935 24 150434 16 150459 24 150954 20 150983 24 151478 20 151507 24 152002 20 152031 24 152526 20 152559 16 153050 20 153083 16 153574 20 153607 16 154098 20 154622 20 155146 20 155670 20 156194 20 156702 20 156726 4 157226 20 157250 4 157750 20 157774 4 158269 25 158793 25 159317 25 159841 25 160365 25 160889 25 161413 25 161937 25 162461 25 162985 25 163509 25 164033 25 164557 25 165081 25 165605 25 166129 25 166658 16 167182 16 167706 16 168234 8 168758 8 169282 8
1d9eacb3161f1e2b45550389ecf7c535c7199c6b44b1c6a46303f7b965e508f1,30 24 554 24 1078 24 1602 28 2126 28 2650 28 3174 28 3698 28 4222 24 4746 24 5270 24 5794 24 6318 24 6842 24 7370 12 7894 12
1d9eacb3161f1e2b45550389ecf7c535c7199c6b44b1c6a46303f7b965e508f1,59807 4 60331 4 60855 4 61370 17 61894 17 62418 17 62938 25 63462 25 63986 25 64510 25 65034 25 65558 25 66082 25 66606 25 67130 25 67654 25 68174 29 68698 29 69222 29 69750 21 70274 21 70798 21 71322 21 71846 21 72370 21 72894 17 73418 17
1d9eacb3161f1e2b45550389ecf7c535c7199c6b44b1c6a46303f7b965e508f1,39899 8 40423 8 40947 8 41462 21 41986 21 42510 21 43034 25 43558 25 44078 29 44602 29 45126 29 45650 29 46174 29 46698 29 47222 29 47746 29 48274 21 48798 21 49322 21 49846 21 50370 21 50894 21 51423 12 51947 12 52471 12
1d9eacb3161f1e2b45550389ecf7c535c7199c6b44b1c6a46303f7b965e508f1,7419 12 7943 12 8463 20 8987 20 9511 20 10031 24 10555 24 11079 24 11603 28 12127 28 12651 24 13175 24 13699 24 14227 20 14751 20 15275 20 15799 12 16323 12 16847 12 17371 8 17895 8 18411 16 18935 16 19459 16 19978 25 20502 25 21026 25 21550 25 22074 25 22598 25 23122 25 23646 25 24170 25 24694 25 25218 25 25742 25 26266 25 26790 25 27319 16 27843 16 28367 16 28891 16 29415 16
1d9eacb3161f1e2b45550389ecf7c535c7199c6b44b1c6a46303f7b965e508f1,112731 16 113255 16 113774 25 114298 25 114822 25 115346 25 115870 25 116394 25 116918 25 117442 25 117966 25 118490 25 119014 25 119538 25 120062 25 120586 25 121110 21 121634 21 122158 21 122682 21 123206 21 123730 21 124263 8 124787 8
1d9eacb3161f1e2b45550389ecf7c535c7199c6b44b1c6a46303f7b965e508f1,79 16 603 16 1127 16 1647 24 2171 24 2703 12 3227 12 3751 12
1d9eacb3161f1e2b45550389ecf7c535c7199c6b44b1c6a46303f7b965e508f1,165143 16 165667 16 166191 16 166711 24 167235 24 167759 24 168283 24 168807 24 169331 24 169855 24 170379 24 170903 24 171427 24 171951 24 172475 24 172999 24 173523 24 174047 24 174571 24 175099 16 175623 16 176147 16
1d9eacb3161f1e2b45550389ecf7c535c7199c6b44b1c6a46303f7b965e508f1,169896 8 170420 8 170936 20 171460 20 171984 20 172508 20 173032 20 173556 20 174075 25 174599 25 175123 25 175647 25 176171 25 176700 20 177224 20 177748 20 178272 16 178796 16 179320 16
1d9eacb3161f1e2b45550389ecf7c535c7199c6b44b1c6a46303f7b965e508f1,95488 12 96012 12 96536 12 97056 20 97580 20 98104 20 98628 20 99152 20 99676 41 100200 41 100724 41 101248 45 101772 45 102296 45 102824 41 103348 41 103888 25 104412 25 104936 25 105460 25 105984 25 106508 25 107020 37 107544 37 108068 37 108592 33 109116 33 109636 32 110160 32 110684 32 111208 32 111732 32 112256 32 112780 32 113304 32 113832 28 114356 28 114880 28 115404 33 115928 33 116452 33 116976 33 117500 33 118024 33 118544 37 119068 37 119592 37 120116 37 120640 37 121160 41 121684 41 122208 41 122732 36 123256 36 123780 36 124304 32 124828 32 125352 28 125876 28 126400 28 126924 32 127448 32 127972 32 128496 32 129020 32 129548 32 130072 32 130596 32 131120 32 131644 32 132168 32 132696 33 133220 33 133744 33 134272 29 134796 29 135320 29 135844 29 136368 29 136892 24 137416 24 137940 24 138456 32 138980 32 139500 32 140024 32 140548 32 141072 28 141596 28 142120 28 142644 24 143168 24 143692 24 144216 24 144740 24 145264 20 145788 20 146312 20 146840 12 147364 12 147888 12
1d9eacb3161f1e2b45550389ecf7c535c7199c6b44b1c6a46303f7b965e508f1,17444 5 17968 5 18484 21 19008 21 19532 21 20052 29 20576 29 21100 29 21620 33 22144 33 22668 33 23192 33 23716 33 24236 41 24760 41 25284 41 25808 41 26332 41 26856 41 27376 45 27900 45 28420 24 28448 21 28944 24 28972 21 29468 24 29496 21 29992 16 30025 16 30516 16 30549 16 31040 16 31073 16 31560 20 31597 16 32084 20 32121 16 32608 20 32645 16 33132 20 33173 12 33656 20 33697 12 34180 20 34225 4 34704 20 34749 4 35228 20 35273 4 35752 20 35797 4 36276 20 36321 4 36800 20 36845 4 37324 20 37369 8 37848 20 37893 8 38372 16 38417 12 38896 16 38941 12 39420 16 39465 12 39944 12 39989 12 40468 12 40513 12 40992 12 41037 12 41516 12 41561 8 42040 12 42085 8 42564 12 42609 8 43092 4 43616 4
1d9eacb3161f1e2b45550389ecf7c535c7199c6b44b1c6a46303f7b965e508f1,158376 4 158900 4 159416 16 159940 16 160464 16 160988 20 161512 20 162036 20 162560 20 163084 20 163608 20 164132 20 164656 20 165180 16 165704 16 166228 16 166756 8 167280 8 167804 8
1d9eacb3161f1e2b45550389ecf7c535c7199c6b44b1c6a46303f7b965e508f1,45716 4 45728 4 46240 4 46252 4 46764 4 46776 4 47288 20 47317 8 47812 20 47841 8 48332 45 48856 45 49380 45 49904 49 50428 49 50952 49 51476 49 52000 49 52524 49 53048 49 53572 49 54096 49 54620 49 55144 49 55672 45 56196 45 56720 45 57244 41 57768 41 58292 16 58312 21 58816 16 58836 21 59340 16 59360 21 59868 8 59888 13 60392 8 60412 13 60916 8 60936 13
1d9eacb3161f1e2b45550389ecf7c535c7199c6b44b1c6a46303f7b965e508f1,77156 16 77680 16 78204 16 78724 24 79248 24 79772 28 80296 28 80820 28 81344 37 81868 37 82392 37 82916 41 83440 41 83964 41 84488 41 85012 41 85536 41 86060 41 86584 41 87112 37 87636 37 88160 37 88692 29 89216 29 89744 25 90268 25 90792 25 91320 17 91844 17 92368 17 92892 13 93416 13
1d9eacb3161f1e2b45550389ecf7c535c7199c6b44b1c6a46303f7b965e508f1,4328 16 4852 16 5376 16 5896 25 6420 25 6944 25 7464 29 7988 29 8512 29 9036 29 9560 29 10088 25 10612 25 11136 25 11664 12 12188 12
1d9eacb3161f1e2b45550389ecf7c535c7199c6b44b1c6a46303f7b965e508f1,63016 12 63540 12 64060 25 64584 25 65108 25 65628 33 66152 33 66676 33 67200 33 67724 33 68248 33 68772 33 69296 33 69820 33 70344 33 70868 33 71392 33 71916 33 72440 33 72964 29 73488 29 74016 16 74540 16 75064 16
1d9eacb3161f1e2b45550389ecf7c535c7199c6b44b1c6a46303f7b965e508f1,161016 13 161540 13 162064 13 162584 21 163108 21 163632 21 164156 21 164680 21 165204 21 165728 21 166252 21 166776 21 167300 21 167824 21 168352 13 168876 13 169400 13 169924 13 170448 13
1d9eacb3161f1e2b45550389ecf7c535c7199c6b44b1c6a46303f7b965e508f1,97113 8 97637 8 98161 8 98685 12 99209 12 99733 12 100257 12 100781 12 101301 16 101825 16 102349 16 102873 16 103397 16 103921 16 104445 16 104969 16 105493 16 106017 16 106541 16 107065 16 107589 16 108113 16 108637 16 109161 16 109685 16 110209 16 110733 16 111257 16 111781 16 112305 16 112829 16 113353 16 113881 20 114405 20 114929 20 115453 29 115977 29 116501 29 117025 29 117549 29 118073 29 118601 25 119125 25 119649 29 120173 29 120697 29 121225 25 121749 25 122273 25 122797 25 123321 25 123845 25 124369 25 124893 25 125417 25 125941 25 126465 25 126989 21 127513 21 128037 21 128565 17 129089 17 129617 9 130141 9 130665 9
1d9eacb3161f1e2b45550389ecf7c535c7199c6b44b1c6a46303f7b965e508f1,152669 13 153193 13 153717 13 154241 17 154765 17 155285 21 155809 21 156333 21 156857 21 157381 21 157905 21 158429 21 158953 21 159477 21 160001 21 160525 21 161049 21 161573 21 162097 21 162621 21 163145 21 163669 21 164193 21 164717 21 165241 21 165765 21 166289 21 166813 21 167337 21 167861 21 168385 21 168909 21 169433 21 169957 17 170481 17 171005 17 171529 17 172053 17 172581 8 173105 8 173629 8
1d9eacb3161f1e2b45550389ecf7c535c7199c6b44b1c6a46303f7b965e508f1,176781 5 177305 5 177829 5 178349 13 178873 13 179397 13 179917 17 180441 17
1d9eacb3161f1e2b45550389ecf7c535c7199c6b44b1c6a46303f7b965e508f1,23258 12 23782 12 24302 16 24826 16 25350 16 25874 16 26398 16 26922 16 27441 21 27965 21 28489 21 29013 21 29537 21 30061 21 30585 21 31109 21 31633 21 32157 21 32681 21 33205 21 33729 21 34253 21 34777 21 35301 21 35825 21 36349 21 36873 21 37397 21 37921 21 38445 21 38969 21 39493 21 40022 16 40546 16 41070 16 41594 16 42118 16 42642 16 43166 16 43690 16 44214 16 44738 16 45262 16 45786 16 46310 16 46834 16 47362 12 47886 12 48410 8 48934 8 49458 8
1d9eacb3161f1e2b45550389ecf7c535c7199c6b44b1c6a46303f7b965e508f1,74082 4 74606 4 75130 4 75654 8 76178 8 76702 8 77221 13 77745 13 78269 13 78798 4 79322 4
1d9eacb3161f1e2b45550389ecf7c535c7199c6b44b1c6a46303f7b965e508f1,14411 8 14935 8 15459 8 15983 8 16507 8 17031 8 17551 16 18075 16 18599 16 19123 16 19647 16 20171 16 20695 16 21219 16 21743 16 22267 16 22791 16 23311 16 23835 16 24359 16 24883 16 25407 16 25931 16 26455 16 26979 16 27503 16 28027 16 28551 16 29075 16 29599 16 30123 12 30647 12 31171 12 31695 12 32219 12 32743 12 33267 12 33791 12 34315 12 34839 12 35363 12 35887 12 36411 12 36935 12 37459 8 37983 8
1d9eacb3161f1e2b45550389ecf7c535c7199c6b44b1c6a46303f7b965e508f1,64187 4 64711 4 65235 4 65759 4 66283 4 66807 4 67331 4 67855 4 68379 4 68903 4 69427 4 69947 8 70471 8 70995 8 71519 8 72043 8 72567 8 73091 12 73615 12 74139 12 74663 12 75187 12 75711 12 76235 12 76759 12 77283 16 77807 16 78331 16 78855 16 79379 16 79903 16 80427 16 80951 16 81475 16 81999 16 82523 16 83047 16 83571 16 84099 12 84623 12 85147 12 85671 12 86195 12 86719 12 87243 12 87767 12 88291 12 88815 12 89339 12 89863 12 90387 12 90911 12 91435 12 91959 12 92483 12 93007 12 93531 12 94055 16 94579 16 95103 16 95627 16 96151 16 96675 16 97199 12 97723 12 98247 12 98767 16 99291 16 99815 16 100339 16 100863 16 101391 8 101915 8 102439 8 102963 8 103487 8
1d9eacb3161f1e2b45550389ecf7c535c7199c6b44b1c6a46303f7b965e508f1,99872 12 100396 12 100920 12 101440 21 101964 21 102488 21 103008 25 103532 25 104056 25 104580 25 105104 25 105628 25 106152 25 106676 25 107200 25 107724 25 108248 25 108776 21 109300 21 109824 16 110348 16 110872 16 111400 8 111924 8 112448 8
1d9eacb3161f1e2b45550389ecf7c535c7199c6b44b1c6a46303f7b965e508f1,2940 4 3464 4 3988 4 4508 8 5032 8 5556 8 6080 8 6604 8 7128 8 7652 13 8176 13 8700 8 9224 8 9748 8 10272 8 10796 8 11320 8 11844 8 12368 8 12892 8 13416 8 13940 8 14464 8 14988 8 15512 8 16036 8 16560 8 17084 8 17608 8 18132 8 18656 8 19180 8 19704 8 20228 8 20752 8 21276 8 21796 12 22320 12 22844 12 23368 12 23892 12 24416 12 24940 12 25464 12 25988 12 26512 12 27036 12 27560 12 28084 12 28608 12 29132 12 29656 12 30180 12 30704 12 31228 12 31752 12 32276 12 32800 12 33324 12 33848 12 34372 8 34896 8 35420 8 35944 8 36468 8 36992 8 37520 4 38044 4
1d9eacb3161f1e2b45550389ecf7c535c7199c6b44b1c6a46303f7b965e508f1,162777 4 163301 4 163825 4 164349 4 164873 4
1d9eacb3161f1e2b45550389ecf7c535c7199c6b44b1c6a46303f7b965e508f1,23413 8 23937 8 24457 12 24981 12 25505 12 26029 12 26553 12 27077 12 27601 12 28125 12 28645 16 29169 16 29693 16 30217 16 30741 16 31265 16 31789 16 32313 16 32837 16 33361 16 33885 16 34409 16 34933 16 35457 16 35977 20 36501 20 37025 20 37549 20 38073 20 38597 20 39121 20 39645 20 40173 16 40697 16 41221 16 41745 12 42269 12 42793 12
1d9eacb3161f1e2b45550389ecf7c535c7199c6b44b1c6a46303f7b965e508f1,47513 8 48037 8 48557 16 49081 16 49605 16 50129 16 50653 16 51177 16 51701 20 52225 20 52749 20 53269 24 53793 24 54317 24 54841 24 55365 24 55889 20 56413 20 56937 20 57461 20 57985 20 58509 20 59033 20 59557 20 60081 20 60605 20 61129 20 61653 20 62177 20 62701 20 63225 16 63749 16 64277 12 64801 12 65325 12 65849 8 66373 8 66897 8
1d9eacb3161f1e2b45550389ecf7c535c7199c6b44b1c6a46303f7b965e508f1,162826 8 163350 8 163874 8 164394 12 164918 12 165438 20 165962 20 166486 20 167010 16 167534 16 168058 16 168582 16 169106 16 169630 16 170150 20 170674 20 171198 16 171722 16 172246 16 172770 16 173294 16 173818 16 174337 21 174861 21 175381 25 175905 25 176429 25 176953 25 177477 25 178001 25 178525 25 179049 25 179573 25 180101 17 180625 17
1d9eacb3161f1e2b45550389ecf7c535c7199c6b44b1c6a46303f7b965e508f1,118838 5 119362 5 119878 13 120402 13 120926 13 121450 13 121974 13 122498 13 123018 17 123542 17 124066 17 124586 21 125110 21 125630 20 126154 20 126678 20 127202 20 127726 20 128250 20 128774 20 129298 20 129822 16 130346 16 130870 16 131390 20 131914 20 132438 20 132962 16 133486 16 134010 16 134538 8 135062 8
1d9eacb3161f1e2b45550389ecf7c535c7199c6b44b1c6a46303f7b965e508f1,147130 9 147654 9 148178 9 148698 17 149222 17 149746 17 150270 17 150794 17 151318 17 151842 17 152366 17 152886 21 153410 21 153934 21 154458 21 154982 21 155510 13 156034 13 156558 13 157082 17 157606 17 158130 17 158658 17 159182 17 159706 21 160230 21 160754 21 161278 25 161802 25 162326 25 162846 29 163370 29 163894 29 164418 29 164942 29 165466 29 165990 29 166514 29 167034 33 167558 33 168082 33 168610 29 169134 29 169658 29 170182 25 170706 25 171234 21 171758 21 172282 21 172815 4 173339 4 173863 4
1d9eacb3161f1e2b45550389ecf7c535c7199c6b44b1c6a46303f7b965e508f1,88983 8 89507 8 90027 16 90551 16 91075 16 91595 20 92119 20 92643 20 93167 24 93691 24 94215 24 94739 24 95263 24 95782 29 96306 29 96830 29 97354 29 97878 29 98402 29 98931 24 99455 24 99979 20 100503 20 101027 20 101559 4 102083 4 102607 4
1d9eacb3161f1e2b45550389ecf7c535c7199c6b44b1c6a46303f7b965e508f1,1995 12 2519 12 3039 16 3563 16 4087 16 4611 16 5135 16 5659 16 6187 12 6711 12 7235 12 7759 12 8283 12 8807 12 9331 12 9855 12
1d9eacb3161f1e2b45550389ecf7c535c7199c6b44b1c6a46303f7b965e508f1,55975 12 56499 12 57023 12 57543 20 58067 20 58591 20 59115 20 59639 20 60159 28 60683 28 61207 28 61731 28 62255 28 62779 28 63303 28 63827 28 64351 24 64875 24 65399 24 65927 20 66451 20 66975 20 67503 8 68027 8
1d9eacb3161f1e2b45550389ecf7c535c7199c6b44b1c6a46303f7b965e508f1,101579 4 102103 4 102627 4 103147 12 103671 12 104191 16 104715 16 105239 16 105759 20 106283 20 106807 20 107327 24 107851 24 108375 24 108899 24 109423 24 109947 20 110471 20 110995 20 111515 24 112039 24 112563 24 113087 24 113611 24 114135 20 114659 20 115183 20 115711 16 116235 16 116759 16 117287 12 117811 12 118335 12 118863 8 119387 8 119911 8 120435 8 120959 8 121479 12 122003 12 122527 12 123051 12 123575 12 124099 12 124623 12 125147 12 125675 4 126199 4 126723 4
1d9eacb3161f1e2b45550389ecf7c535c7199c6b44b1c6a46303f7b965e508f1,139831 8 140355 8 140879 8 141399 12 141923 12 142447 12 142967 16 143491 16 144015 16 144539 16 145063 16 145587 16 146111 16 146635 16 147159 16 147683 16 148207 16 148731 16 149255 16 149779 12 150303 12 150827 12
1d9eacb3161f1e2b45550389ecf7c535c7199c6b44b1c6a46303f7b965e508f1,71728 20 72252 20 72776 20 73296 28 73820 28 74339 37 74863 37 75387 37 75911 37 76435 37 76959 37 77483 37 78007 37 78531 37 79060 32 79584 32 80112 28 80636 28 81160 28 81684 28 82208 28 82732 28 83256 28 83780 28 84304 28 84828 28 85352 28 85876 24 86400 24 86924 24 87448 24 87972 24 88496 24 89024 16 89548 16 90072 12 90596 12 91120 12
1d9eacb3161f1e2b45550389ecf7c535c7199c6b44b1c6a46303f7b965e508f1,129924 4 130448 4 130972 4 131488 21 132012 21 132536 21 133060 21 133584 21 134108 21 134632 21 135156 21 135676 25 136200 25 136724 25 137248 25 137772 25 138296 25 138824 21 139348 21 139872 21 140396 21 140920 21 141440 21 141964 21 142488 21 143004 29 143528 29 144052 29 144572 28 145096 28 145616 24 146140 24 146664 24 147188 24 147712 24 148236 24 148760 24 149284 24 149808 20 150332 20 150856 20 151380 20 151904 20 152428 20 152952 16 153476 16 154000 16 154528 8 155052 8
1d9eacb3161f1e2b45550389ecf7c535c7199c6b44b1c6a46303f7b965e508f1,21980 9 22504 9 23028 9 23544 21 24068 21 24588 25 25112 25 25636 25 26156 33 26680 33 27204 33 27728 33 28252 33 28776 29 29300 29 29824 29 30348 29 30872 29 31396 29 31920 29 32444 29 32968 29 33492 29 34016 29 34540 29 35064 29 35588 29 36116 25 36640 25 37164 25 37688 21 38212 21 38736 21 39260 21 39784 21 40308 16 40832 16 41356 16 41876 16 42400 16 42924 16 43448 16 43972 16 44492 20 45016 20 45540 20 46064 20 46588 20 47112 20 47636 20 48160 20 48684 20 49208 20 49732 20 50252 24 50776 24 51300 24 51824 24 52348 24 52872 24 53396 20 53920 20 54444 20 54968 20 55492 20 56016 16 56540 16 57064 16 57588 16 58112 16 58640 8 59164 8 59688 8
1d9eacb3161f1e2b45550389ecf7c535c7199c6b44b1c6a46303f7b965e508f1,114204 13 114728 13 115252 13 115772 21 116296 21 116820 21 117344 21 117868 21 118392 21 118916 21 119440 21 119964 21 120488 21 121012 21 121540 13 122064 13 122588 13 123112 13 123636 13 124160 13
1d9eacb3161f1e2b45550389ecf7c535c7199c6b44b1c6a46303f7b965e508f1,155600 17 156124 17 156648 17 157172 21 157696 21 158220 21 158740 25 159264 25 159788 25 160312 25 160836 25 161360 25 161884 25 162408 25 162932 25 163456 25 163980 25 164504 21 165028 21 165552 21 166076 21 166600 21 167124 21 167648 21 168172 21 168700 13 169224 13 169748 13
1d9eacb3161f1e2b45550389ecf7c535c7199c6b44b1c6a46303f7b965e508f1,64433 16 64957 16 65481 16 66005 20 66529 20 67053 20 67572 25 68096 25 68620 25 69144 25 69668 25 70188 25 70712 25 71236 25 71760 25 72284 25 72808 25 73332 25 73856 25 74384 17 74908 17 75432 17 75961 8 76485 8 77009 8
1ef68e93964c2d9230100c1347c328f6385a7bc027879dc3d4c055e6fe80cb3c,11275 10 11531 10 11785 14 12041 14 12295 16 12551 16 12807 18 13063 18 13319 18 13575 18 13831 16 14087 16 14345 14 14601 14 14859 10 15115 10
1ef68e93964c2d9230100c1347c328f6385a7bc027879dc3d4c055e6fe80cb3c,5133 12 5389 12 5643 16 5899 16 6155 16 6411 16 6667 18 6923 18 7177 20 7433 20 7689 18 7945 18 8203 16 8459 16 8715 14 8971 14
1ef68e93964c2d9230100c1347c328f6385a7bc027879dc3d4c055e6fe80cb3c,40979 8 41235 8 41485 18 41741 18 41997 18 42253 18 42507 22 42763 22 43019 22 43275 22 43531 20 43787 20 44045 18 44301 18 44557 16 44813 16
1ef68e93964c2d9230100c1347c328f6385a7bc027879dc3d4c055e6fe80cb3c,17431 8 17687 8 17939 14 18195 14 18451 16 18707 16 18963 16 19219 16 19475 16 19731 16 19987 16 20243 16 20499 16 20755 16 21013 12 21269 12 21529 4 21785 4
1ef68e93964c2d9230100c1347c328f6385a7bc027879dc3d4c055e6fe80cb3c,31257 20 31513 20 31765 26 32021 26 32277 28 32533 28 32787 30 33043 30 33299 30 33555 30 33811 30 34067 30 34323 30 34579 30 34837 16 34855 10 35093 16 35111 10 35353 10 35371 4 35609 10 35627 4
1ef68e93964c2d9230100c1347c328f6385a7bc027879dc3d4c055e6fe80cb3c,11817 2 12073 2 12325 8 12581 8 12835 12 13091 12 13347 12 13603 12 13857 14 14113 14 14369 14 14625 14 14881 14 15137 14 15393 14 15649 14 15905 14 16161 14 16419 10 16675 10
1ef68e93964c2d9230100c1347c328f6385a7bc027879dc3d4c055e6fe80cb3c,62531 10 62787 10 63041 14 63297 14 63553 14 63809 14 64065 14 64321 14 64577 14 64833 14 65089 12 65345 12
1ef68e93964c2d9230100c1347c328f6385a7bc027879dc3d4c055e6fe80cb3c,7763 10 8019 10 8265 22 8521 22 8775 24 9031 24 9287 24 9543 24 9799 24 10055 24 10311 22 10567 22 10823 20 11079 20 11335 18 11591 18 11847 18 12103 18 12359 18 12615 18 12873 16 13129 16 13387 10 13643 10
1ef68e93964c2d9230100c1347c328f6385a7bc027879dc3d4c055e6fe80cb3c,18007 6 18263 6 18515 14 18771 14 19025 18 19281 18 19535 20 19791 20 20047 22 20303 22 20559 22 20815 22 21071 22 21327 22 21585 18 21841 18 22097 18 22353 18 22615 6 22871 6
1ef68e93964c2d9230100c1347c328f6385a7bc027879dc3d4c055e6fe80cb3c,11375 6 11631 6 11885 10 11901 6 12141 10 12157 6 12395 14 12411 12 12651 14 12667 12 12907 14 12923 12 13163 14 13179 12 13419 30 13675 30 13931 14 13947 14 14187 14 14203 14 14445 10 14459 14 14701 10 14715 14 14973 12 15229 12 15489 6 15745 6
1ef68e93964c2d9230100c1347c328f6385a7bc027879dc3d4c055e6fe80cb3c,653 6 909 6 1163 10 1419 10 1673 14 1929 14 2185 16 2441 16 2697 16 2953 16 3209 16 3465 16 3723 12 3979 12
1ef68e93964c2d9230100c1347c328f6385a7bc027879dc3d4c055e6fe80cb3c,16011 4 16267 4
1ef68e93964c2d9230100c1347c328f6385a7bc027879dc3d4c055e6fe80cb3c,19601 6 19857 6 20109 12 20365 12 20621 14 20877 14 21133 14 21389 14 21645 14 21901 14 22157 14 22413 14 22669 14 22925 14 23179 16 23435 16 23691 14 23947 14 24203 10 24459 10 24715 10 24971 10 25229 6 25485 6
1ef68e93964c2d9230100c1347c328f6385a7bc027879dc3d4c055e6fe80cb3c,8861 6 9117 6 9369 14 9625 14 9879 16 10135 16 10389 20 10645 20 10901 20 11157 20 11411 22 11667 22 11923 20 12179 20 12435 20 12691 20 12949 16 12969 6 13205 16 13225 6 13461 14 13477 12 13717 14 13733 12 13977 4 13989 12 14233 4 14245 12 14499 14 14755 14 15011 14 15267 14 15523 12 15779 12 16037 8 16293 8
1ef68e93964c2d9230100c1347c328f6385a7bc027879dc3d4c055e6fe80cb3c,17567 8 17823 8 18077 12 18333 12 18589 12 18845 12 19101 12 19357 12 19615 8 19871 8
1ef68e93964c2d9230100c1347c328f6385a7bc027879dc3d4c055e6fe80cb3c,23203 4 23459 4 23711 10 23967 10 24223 12 24479 12 24735 12 24991 12 25247 12 25503 12 25759 12 26015 12 26273 8 26529 8
1ef68e93964c2d9230100c1347c328f6385a7bc027879dc3d4c055e6fe80cb3c,165 12 421 12 675 16 931 16 1185 18 1441 18 1697 18 1953 18 2211 16 2467 16 2723 14 2979 14 3239 8 3495 8
1ef68e93964c2d9230100c1347c328f6385a7bc027879dc3d4c055e6fe80cb3c,4799 4 5055 4 5309 8 5565 8 5821 8 6077 8 6333 8 6589 8 6841 12 7097 12 7351 14 7607 14 7861 16 8117 16 8373 16 8629 16 8883 18 9139 18 9397 16 9653 16 9909 14 10165 14 10421 14 10677 14 10935 10 11191 10
1ef68e93964c2d9230100c1347c328f6385a7bc027879dc3d4c055e6fe80cb3c,213 14 469 14 723 16 979 16 1237 12 1493 12
1ef68e93964c2d9230100c1347c328f6385a7bc027879dc3d4c055e6fe80cb3c,5881 2 6137 2 6383 16 6639 16 6893 20 7149 20 7405 20 7661 20 7917 20 8173 20 8429 20 8685 20 8941 20 9197 20 9453 20 9709 20 9965 18 10221 18 10479 16 10735 16 10991 14 11247 14 11507 6 11763 6
1ef68e93964c2d9230100c1347c328f6385a7bc027879dc3d4c055e6fe80cb3c,20213 12 20469 12 20725 12 20981 12 21235 14 21491 14 21747 14 22003 14 22261 12 22517 12 22773 12 23029 12 23285 12 23541 12 23799 10 24055 10 24315 6 24571 6
1ef68e93964c2d9230100c1347c328f6385a7bc027879dc3d4c055e6fe80cb3c,1277 2 1533 2 1783 10 2039 10 2295 10 2551 10 2805 12 3061 12 3317 12 3573 12 3831 10 4087 10 4345 8 4601 8
259b35151d4a7a5ffdd7ab7f171b142db8cfe40beeee67277fac6adca4d042c4,97797 4 98309 4 98821 4 99333 4 99845 4 100357 4 100869 8 101381 8 101893 8 102405 8 102917 8 103429 12 103941 12 104453 12 104965 12 105477 12 105989 12 106501 12 107013 12 107525 12 108037 12 108549 12 109061 12 109573 12 110085 12 110597 12 111109 12 111617 16 112129 16 112641 16 113153 16 113665 16 114177 12 114689 12 115201 12 115713 12 116225 12 116737 12 117249 12 117761 12 118273 12 118785 12 119297 12 119813 4 120325 4 120837 4 121349 4 121861 4
259b35151d4a7a5ffdd7ab7f171b142db8cfe40beeee67277fac6adca4d042c4,196113 8 196625 8 197137 8 197649 8 198161 8 198661 28 199173 28 199685 28 200197 28 200709 28 201221 32 201733 32 202245 32 202757 32 203269 32 203781 32 204293 32 204805 32 205317 32 205829 32 206341 32 206853 36 207365 36 207877 36 208389 36 208901 36 209413 44 209925 44 210437 44 210949 44 211461 44 211969 52 212481 52 212993 52 213505 52 214017 52 214529 52 215041 56 215553 56 216065 56 216577 56 217089 56 217601 56 218113 56 218625 56 219137 56 219649 56 220165 52 220677 52 221189 52 221701 52 222213 52 222725 52 223237 52 223749 52 224261 52 224773 52 225285 52 225805 44 226317 44 226829 44 227341 44 227853 44 228389 20 228901 20 229413 20 229925 20 230437 20 230949 20
259b35151d4a7a5ffdd7ab7f171b142db8cfe40beeee67277fac6adca4d042c4,263685 12 264197 12 264709 12 265221 12 265733 12 266245 12 266757 16 267269 16 267781 16 268293 16 268805 16 269313 24 269825 24 270337 24 270849 24 271361 24 271873 24 271913 4 272385 24 272425 4 272897 24 272937 4 273409 24 273449 4 273921 24 273961 4 274433 24 274473 4 274949 20 274981 12 275461 20 275493 12 275973 20 276005 12 276485 20 276517 12 276997 20 277029 12 277509 20 277537 20 278021 20 278049 20 278533 20 278561 20 279045 20 279073 20 279557 20 279585 20 280069 48 280581 48 281093 48 281605 48 282117 48 282629 48 283141 48 283653 48 284165 48 284677 48 285189 48 285697 52 286209 52 286721 52 287233 52 287745 52 288257 48 288769 48 289281 48 289793 48 290305 48 290821 40 291333 40 291845 40 292357 40 292869 40 293381 40 293901 24 294413 24 294925 24 295437 24 295949 24
259b35151d4a7a5ffdd7ab7f171b142db8cfe40beeee67277fac6adca4d042c4,326665 4 327177 4 327689 4 328201 4 328713 4 329221 24 329733 24 330245 24 330757 24 331269 24 331781 28 332293 28 332805 28 333317 28 333829 28 334341 36 334853 36 335365 36 335877 36 336389 36 336901 36 337409 44 337921 44 338433 44 338945 44 339457 44 339973 44 340485 44 340997 44 341509 44 342021 44 342533 40 343045 40 343557 40 344069 40 344581 40 345093 40
259b35151d4a7a5ffdd7ab7f171b142db8cfe40beeee67277fac6adca4d042c4,302097 4 302609 4 303121 4 303633 4 304145 4 304649 12 305161 12 305673 12 306185 12 306697 12 307209 12 307721 12 308233 12 308745 12 309257 12 309769 12 310281 12 310793 12 311305 12 311817 12 312329 12
259b35151d4a7a5ffdd7ab7f171b142db8cfe40beeee67277fac6adca4d042c4,13873 28 14385 28 14897 28 15409 28 15921 28 16429 40 16941 40 17453 40 17965 40 18477 40 18985 48 19497 48 20009 48 20521 48 21033 48 21545 48 22057 48 22569 48 23081 48 23593 48 24105 48 24613 52 25125 52 25637 52 26149 52 26661 52 27169 56 27681 56 28193 56 28705 56 29217 56 29729 56 30241 56 30753 56 31265 56 31777 56 32289 56 32801 52 33313 52 33825 52 34337 52 34849 52 35361 48 35873 48 36385 48 36897 48 37409 48 37925 36 38437 36 38949 36 39461 36 39973 36 40485 36 41001 20 41513 20 42025 20 42537 20 43049 20
259b35151d4a7a5ffdd7ab7f171b142db8cfe40beeee67277fac6adca4d042c4,92705 4 93217 4 93729 4 94241 4 94753 4
259b35151d4a7a5ffdd7ab7f171b142db8cfe40beeee67277fac6adca4d042c4,149573 24 150085 24 150597 24 151109 24 151621 24 152133 24 152637 40 153149 40 153661 40 154173 40 154685 40 155193 52 155705 52 156217 52 156729 52 157241 52 157749 60 158261 60 158773 60 159285 60 159797 60 160305 68 160817 68 161329 68 161841 68 162353 68 162865 68 163373 76 163885 76 164397 76 164909 76 165421 76 165933 80 166445 80 166957 80 167469 80 167981 80 168493 80 169005 80 169517 80 170029 80 170541 80 171053 80 171565 80 172077 80 172589 80 173101 80 173613 80 174125 84 174637 84 175149 84 175661 84 176173 84 176681 88 177193 88 177705 88 178217 88 178729 88 179241 88 179753 84 180265 84 180777 84 181289 84 181801 84 182313 84 182825 84 183337 84 183849 84 184361 84 184873 80 185385 80 185897 80 186409 80 186921 80 187433 80 187949 76 188461 76 188973 76 189485 76 189997 76 190509 76 191021 76 191533 76 192045 76 192557 76 193069 80 193581 80 194093 80 194605 80 195117 80 195629 80 196145 80 196657 80 197169 80 197681 80 198193 80 198713 76 199225 76 199737 76 200249 76 200761 76 201277 76 201789 76 202301 76 202813 76 203325 76 203841 76 204353 76 204865 76 205377 76 205889 76 206401 76 206917 76 207429 76 207941 76 208453 76 208965 76 209481 76 209993 76 210505 76 211017 76 211529 76 212045 76 212557 76 213069 76 213581 76 214093 76 214605 76 215121 72 215633 72 216145 72 216657 72 217169 72 217677 76 218189 76 218701 76 219213 76 219725 76 220237 76 220749 76 221261 76 221773 76 222285 76 222797 76 223305 76 223817 76 224329 76 224841 76 225353 76 225861 84 226373 84 226885 84 227397 84 227909 84 228421 92 228933 92 229445 92 229957 92 230469 92 230981 92 231493 96 232005 96 232517 96 233029 96 233541 96 234057 96 234569 96 235081 96 235593 96 236105 96 236621 100 237133 100 237645 100 238157 100 238669 100 239181 100 239697 100 240209 100 240721 100 241233 100 241745 100 242253 104 242765 104 243277 104 243789 104 244301 104 244813 104 245325 104 245837 104 246349 104 246861 104 247373 104 247885 104 248397 104 248909 104 249421 104 249933 104 250445 104 250957 104 251469 104 251981 104 252493 104 253009 104 253521 104 254033 104 254545 104 255057 104 255569 100 256081 100 256593 100 257105 100 257617 100 258129 100 258637 104 259149 104 259661 104 260173 104 260685 104 261189 116 261701 116 262213 116 262725 116 263237 116 263745 120 264257 120 264769 120 265281 120 265793 120 266305 120 266817 120 267329 120 267841 120 268353 120 268865 120 269373 120 269885 120 270397 120 270909 120 271421 120 271937 116 272449 116 272961 116 273473 116 273985 116 274497 116 275013 112 275525 112 276037 112 276549 112 277061 112 277573 116 278085 116 278597 116 279109 116 279621 116 280141 112 280653 112 281165 112 281677 112 282189 112 282701 112 283217 116 283729 116 284241 116 284753 116 285265 116 285777 120 286289 120 286801 120 287313 120 287825 120 288341 120 288853 120 289365 120 289877 120 290389 120 290905 120 291417 120 291929 120 292441 120 292953 120 293465 120 293973 128 294485 128 294997 128 295509 128 296021 128 296529 128 297041 128 297553 128 298065 128 298577 128 299089 116 299601 116 300113 116 300625 116 301137 116 301649 116 302157 116 302669 116 303181 116 303693 116 304205 116 304713 120 305225 120 305737 120 306249 120 306761 120 307273 108 307785 108 308297 108 308809 108 309321 108 309833 108 310349 104 310861 104 311373 104 311885 104 312397 104 312913 96 313425 96 313937 96 314449 96 314961 96 315473 96 315985 96 316497 96 317009 96 317521 96 318033 96 318545 88 319057 88 319569 88 320081 88 320593 88 321093 100 321605 100 322117 100 322629 100 323141 100 323649 104 324161 104 324673 104 325185 104 325697 104 326209 104 326717 108 327229 108 327741 108 328253 108 328765 108 329277 112 329789 112 330301 112 330813 112 331325 112 331837 112 332349 112 332861 112 333373 112 333885 112 334397 108 334909 108 335421 108 335933 108 336445 108 336957 108 337473 100 337985 100 338497 100 339009 100 339521 100 340029 104 340541 104 341053 104 341565 104 342077 104 342593 76 343105 76 343617 76 344129 76 344641 76 345153 76 345701 24 346213 24 346725 24 347237 24 347749 24
259b35151d4a7a5ffdd7ab7f171b142db8cfe40beeee67277fac6adca4d042c4,237 36 749 36 1261 36 1773 36 2285 36 2761 72 3273 72 3785 72 4297 72 4809 72 5321 72 5821 80 6333 80 6845 80 7357 80 7869 80 8377 76 8889 76 9401 76 9913 76 10425 76 10933 72 11445 72 11957 72 12469 72 12981 72 13493 72 14005 68 14161 4 14517 68 14673 4 15029 68 15185 4 15541 68 15697 4 16053 68 16209 4 16569 56 16713 16 17081 56 17225 16 17593 56 17737 16 18105 56 18249 16 18617 56 18761 16 19129 52 19205 20 19265 28 19641 52 19717 20 19777 28 20153 52 20229 20 20289 28 20665 52 20741 20 20801 28 21177 52 21253 20 21313 28 21693 96 21797 60 22205 96 22309 60 22717 96 22821 60 23229 96 23333 60 23741 96 23845 60 24253 96 24357 60 24769 160 25281 160 25793 160 26305 160 26817 160 27253 12 27289 24 27333 160 27765 12 27801 24 27845 160 28277 12 28313 24 28357 160 28789 12 28825 24 28869 160 29301 12 29337 24 29381 160 29805 24 29841 40 29897 156 30317 24 30353 40 30409 156 30829 24 30865 40 30921 156 31341 24 31377 40 31433 156 31853 24 31889 40 31945 156 32365 24 32401 40 32457 156 32865 92 32969 156 33377 92 33481 156 33889 92 33993 156 34401 92 34505 156 34913 92 35017 156 35429 260 35941 260 36453 260 36965 260 37477 260 37993 256 38505 256 39017 256 39529 256 40041 256 40553 256 41085 236 41597 236 42109 236 42621 236 43133 236 43649 236 44161 236 44673 236 45185 236 45697 236 46209 160 46373 72 46721 160 46885 72 47233 160 47397 72 47745 160 47909 72 48257 160 48421 72 48769 160 48933 72 49277 72 49357 76 49445 40 49489 28 49789 72 49869 76 49957 40 50001 28 50301 72 50381 76 50469 40 50513 28 50813 72 50893 76 50981 40 51025 28 51325 72 51405 76 51493 40 51537 28 51829 76 51925 68 52005 36 52053 24 52341 76 52437 68 52517 36 52565 24 52853 76 52949 68 53029 36 53077 24 53365 76 53461 68 53541 36 53589 24 53877 76 53973 68 54053 36 54101 24 54385 80 54493 108 54613 24 54897 80 55005 108 55125 24 55409 80 55517 108 55637 24 55921 80 56029 108 56149 24 56433 80 56541 108 56661 24 56945 80 57053 108 57173 24 57453 80 57577 92 57685 24 57965 80 58089 92 58197 24 58477 80 58601 92 58709 24 58989 80 59113 92 59221 24 59501 80 59625 92 59733 24 60013 76 60161 68 60241 28 60525 76 60673 68 60753 28 61037 76 61185 68 61265 28 61549 76 61697 68 61777 28 62061 76 62209 68 62289 28 62569 48 62725 60 62801 28 63081 48 63237 60 63313 28 63593 48 63749 60 63825 28 64105 48 64261 60 64337 28 64617 48 64773 60 64849 28 65129 48 65285 60 65361 28 65641 44 65805 56 65869 32 66153 44 66317 56 66381 32 66665 44 66829 56 66893 32 67177 44 67341 56 67405 32 67689 44 67853 56 67917 32 68181 64 68377 16 68397 60 68693 64 68889 16 68909 60 69205 64 69401 16 69421 60 69717 64 69913 16 69933 60 70229 64 70425 16 70445 60 70733 76 70937 12 70969 48 71245 76 71449 12 71481 48 71757 76 71961 12 71993 48 72269 76 72473 12 72505 48 72781 76 72985 12 73017 48 73289 80 73497 12 73533 40 73801 80 74009 12 74045 40 74313 80 74521 12 74557 40 74825 80 75033 12 75069 40 75337 80 75545 12 75581 40 75849 80 76057 12 76093 40 76361 84 76569 8 76605 36 76873 84 77081 8 77117 36 77385 84 77593 8 77629 36 77897 84 78105 8 78141 36 78409 84 78617 8 78653 36 78917 88 79169 20 79429 88 79681 20 79941 88 80193 20 80453 88 80705 20 80965 88 81217 20 81481 84 81733 8 81993 84 82245 8 82505 84 82757 8 83017 84 83269 8 83529 84 83781 8 84041 84 84293 8 84553 84 84805 8 85065 84 85317 8 85577 84 85829 8 86089 84 86341 8 86601 84 86853 8 87113 80 87361 12 87625 80 87873 12 88137 80 88385 12 88649 80 88897 12 89161 80 89409 12 89677 76 89921 12 90189 76 90433 12 90701 76 90945 12 91213 76 91457 12 91725 76 91969 12 92237 76 92481 12 92741 80 92989 12 93253 80 93501 12 93765 80 94013 12 94277 80 94525 12 94789 80 95037 12 95301 72 95541 20 95813 72 96053 20 96325 72 96565 20 96837 72 97077 20 97349 72 97589 20 97861 60 98093 24 98373 60 98605 24 98885 60 99117 24 99397 60 99629 24 99909 60 100141 24 100421 60 100653 24 100933 48 101161 24 101445 48 101673 24 101957 48 102185 24 102469 48 102697 24 102981 48 103209 24 103497 40 103717 24 104009 40 104229 24 104521 40 104741 24 105033 40 105253 24 105545 40 105765 24 106057 44 106269 28 106569 44 106781 28 107081 44 107293 28 107593 44 107805 28 108105 44 108317 28 108617 44 108829 28 109129 48 109337 28 109641 48 109849 28 110153 48 110361 28 110665 48 110873 28 111177 48 111385 28 111685 56 111901 12 112197 56 112413 12 112709 56 112925 12 113221 56 113437 12 113733 56 113949 12 114241 64 114753 64 115265 64 115777 64 116289 64 116797 68 117309 68 117821 68 118333 68 118845 68 119357 68 119865 68 120377 68 120889 68 121401 68 121913 68 122421 72 122933 72 123445 72 123957 72 124469 72 124981 68 125493 68 126005 68 126517 68 127029 68 127541 68 128053 60 128565 60 129077 60 129589 60 130101 60 130613 52 131125 52 131637 52 132149 52 132661 52 133177 40 133689 40 134201 40 134713 40 135225 40 135737 40 136249 36 136761 36 137273 36 137785 36 138297 36 138817 20 139329 20 139841 20 140353 20 140865 20
259b35151d4a7a5ffdd7ab7f171b142db8cfe40beeee67277fac6adca4d042c4,10877 8 11389 8 11901 8 12413 8 12925 8 13437 8
259b35151d4a7a5ffdd7ab7f171b142db8cfe40beeee67277fac6adca4d042c4,138905 8 139417 8 139929 8 140441 8 140953 8 141457 24 141969 24 142481 24 142993 24 143505 24 144017 24 144525 24 145037 24 145549 24 146061 24 146573 24 147085 24 147597 24 148109 24 148621 24 149133 24 149641 20 150153 20 150665 20 151177 20 151689 20 152201 20 152713 16 153225 16 153737 16 154249 16 154761 16 155273 12 155785 12 156297 12 156809 12 157321 12 157833 8 158345 8 158857 8 159369 8 159881 8
259b35151d4a7a5ffdd7ab7f171b142db8cfe40beeee67277fac6adca4d042c4,97973 12 98485 12 98997 12 99509 12 100021 12 100533 12 101033 32 101545 32 102057 32 102569 32 103081 32 103589 28 104101 28 104613 28 105125 28 105637 28 106141 28 106653 28 107165 28 107677 28 108189 28 108701 28 109209 24 109721 24 110233 24 110745 24 111257 24 111769 20 112281 20 112793 20 113305 20 113817 20 114325 20 114837 20 115349 20 115861 20 116373 20 116885 20 117397 20 117909 20 118421 20 118933 20 119445 20 119957 16 120469 16 120981 16 121493 16 122005 16 122517 16 123029 16 123541 16 124053 16 124565 16 125081 8 125593 8 126105 8 126617 8 127129 8 127641 8
259b35151d4a7a5ffdd7ab7f171b142db8cfe40beeee67277fac6adca4d042c4,76449 4 76961 4 77473 4 77985 4 78497 4
259b35151d4a7a5ffdd7ab7f171b142db8cfe40beeee67277fac6adca4d042c4,231661 4 232173 4 232685 4 233197 4 233709 4 234205 24 234717 24 235229 24 235741 24 236253 24 236753 36 237265 36 237777 36 238289 36 238801 36 239313 36 239813 44 240325 44 240837 44 241349 44 241861 44 242373 40 242885 40 243397 40 243909 40 244421 40 244933 28 245445 28 245957 28 246469 28 246981 28 247493 24 248005 24 248517 24 249029 24 249541 24 250053 24 250561 24 251073 24 251585 24 252097 24 252609 24 253121 16 253633 16 254145 16 254657 16 255169 16 255689 8 256201 8 256713 8 257225 8 257737 8 258249 8
259b35151d4a7a5ffdd7ab7f171b142db8cfe40beeee67277fac6adca4d042c4,296685 16 297197 16 297709 16 298221 16 298733 16 299241 28 299753 28 300265 28 300777 28 301289 28 301801 28 302305 40 302817 40 303329 40 303841 40 304353 40 304865 40 305377 40 305889 40 306401 40 306913 40 307425 40 307937 40 308449 40 308961 40 309473 40 309985 40 310497 36 311009 36 311521 36 312033 36 312545 36 313057 32 313569 32 314081 32 314593 32 315105 32 315617 28 316129 28 316641 28 317153 28 317665 28 318177 28 318689 24 319201 24 319713 24 320225 24 320737 24 321253 16 321765 16 322277 16 322789 16 323301 16 323813 12 324325 12 324837 12 325349 12 325861 12 326373 12 326889 36 327401 36 327913 36 328425 36 328937 36 329445 40 329957 40 330469 40 330981 40 331493 40 332001 44 332513 44 333025 44 333537 44 334049 44 334557 44 335069 44 335581 44 336093 44 336605 44 337117 44 337629 36 338141 36 338653 36 339165 36 339677 36 340181 36 340693 36 341205 36 341717 36 342229 36 342741 28 343253 28 343765 28 344277 28 344789 28 345301 28
259b35151d4a7a5ffdd7ab7f171b142db8cfe40beeee67277fac6adca4d042c4,171749 20 172261 20 172773 20 173285 20 173797 20 174305 28 174817 28 175329 28 175841 28 176353 28 176861 32 177373 32 177885 32 178397 32 178909 32 179421 32 179933 28 180445 28 180957 28 181469 28 181981 28 182505 12 183017 12 183529 12 184041 12 184553 12
259b35151d4a7a5ffdd7ab7f171b142db8cfe40beeee67277fac6adca4d042c4,236833 36 237345 36 237857 36 238369 36 238881 36 239393 36 239897 44 240409 44 240921 44 241433 44 241945 44 242457 44 242969 44 243481 44 243993 44 244505 44 245017 44 245529 44 246041 44 246553 44 247065 44 247577 36 248089 36 248601 36 249113 36 249625 36 250137 36 250641 32 251153 32 251665 32 252177 32 252689 32 253197 16 253709 16 254221 16 254733 16 255245 16 255749 24 256261 24 256773 24 257285 24 257797 24 258309 24 258813 32 259325 32 259837 32 260349 32 260861 32 261373 32 261885 32 262397 32 262909 32 263421 32 263933 36 264445 36 264957 36 265469 36 265981 36 266493 36 267005 36 267517 36 268029 36 268541 36 269053 36 269561 32 270073 32 270585 32 271097 32 271609 32 272105 32 272617 32 273129 32 273641 32 274153 32 274665 32 275169 32 275681 32 276193 32 276705 32 277217 32 277729 24 278241 24 278753 24 279265 24 279777 24 280293 8 280805 8 281317 8 281829 8 282341 8 282853 8
259b35151d4a7a5ffdd7ab7f171b142db8cfe40beeee67277fac6adca4d042c4,81645 12 82157 12 82669 12 83181 12 83693 12 84205 12 84713 20 85225 20 85737 20 86249 20 86761 20 87269 36 87781 36 88293 36 88805 36 89317 36 89829 40 90341 40 90853 40 91365 40 91877 40 92389 40 92905 36 93417 36 93929 36 94441 36 94953 36 95469 8 95981 8 96493 8 97005 8 97517 8
259b35151d4a7a5ffdd7ab7f171b142db8cfe40beeee67277fac6adca4d042c4,272173 16 272685 16 273197 16 273709 16 274221 16 274733 16 275253 4 275765 4 276277 4 276789 4 277301 4
259b35151d4a7a5ffdd7ab7f171b142db8cfe40beeee67277fac6adca4d042c4,267101 4 267613 4 268125 4 268637 4 269149 4 269653 12 270165 12 270677 12 271189 12 271701 12 272213 12 272725 12 273237 12 273749 12 274261 12 274773 12 275285 12 275797 12 276309 12 276821 12 277333 12 277845 8 278357 8 278869 8 279381 8 279893 8 280405 8 280917 8 281429 8 281941 8 282453 8 282965 8 283473 12 283985 12 284497 12 285009 12 285521 12 286033 12 286545 12 287057 12 287569 12 288081 12 288589 16 289101 16 289613 16 290125 16 290637 16 291149 12 291661 12 292173 12 292685 12 293197 12 293709 12 294217 16 294729 16 295241 16 295753 16 296265 16 296777 16 297289 16 297801 16 298313 16 298825 16 299333 16 299845 16 300357 16 300869 16 301381 16 301893 16 302405 16 302917 16 303429 16 303941 16 304453 16 304965 12 305477 12 305989 12 306501 12 307013 12 307525 8 308037 8 308549 8 309061 8 309573 8 310085 8 310597 8 311109 8 311621 8 312133 8 312645 8 313153 12 313665 12 314177 12 314689 12 315201 12 315709 16 316221 16 316733 16 317245 16 317757 16 318269 16 318781 12 319293 12 319805 12 320317 12 320829 12 321341 12 321853 12 322365 12 322877 12 323389 12 323897 16 324409 16 324921 16 325433 16 325945 16 326457 16 326969 12 327481 12 327993 12 328505 12 329017 12 329529 12 330041 12 330553 12 331065 12 331577 12 332089 8 332601 8 333113 8 333625 8 334137 8 334649 8 335161 8 335673 8 336185 8 336697 8 337209 8 337721 8 338233 8 338745 8 339257 8 339769 8 340281 4 340793 4 341305 4 341817 4 342329 4
259b35151d4a7a5ffdd7ab7f171b142db8cfe40beeee67277fac6adca4d042c4,182613 20 183125 20 183637 20 184149 20 184661 20 185157 44 185669 44 186181 44 186693 44 187205 44 187717 44 188225 56 188737 56 189249 56 189761 56 190273 56 190785 60 191297 60 191809 60 192321 60 192833 60 193349 60 193861 60 194373 60 194885 60 195397 60 195909 60 196437 44 196949 44 197461 44 197973 44 198485 44 199005 40 199517 40 200029 40 200541 40 201053 40 201569 36 202081 36 202593 36 203105 36 203617 36 204133 32 204645 32 205157 32 205669 32 206181 32 206693 32 207205 32 207717 32 208229 32 208741 32 209253 32 209769 28 210281 28 210793 28 211305 28 211817 28 212329 28 212841 28 213353 28 213865 28 214377 28 214889 28 215405 24 215917 24 216429 24 216941 24 217453 24 217973 16 218485 16 218997 16 219509 16 220021 16 220533 12 221045 12 221557 12 222069 12 222581 12 223093 12 223605 12 224117 12 224629 12 225141 12 225653 12 226169 4 226681 4 227193 4 227705 4 228217 4
259b35151d4a7a5ffdd7ab7f171b142db8cfe40beeee67277fac6adca4d042c4,239985 4 240497 4 241009 4 241521 4 242033 4 242545 4 243057 4 243569 4 244081 4 244593 4 245105 8 245617 8 246129 8 246641 8 247153 8 247665 8 248177 8 248689 8 249201 8 249713 8 250225 8 250733 12 251245 12 251757 12 252269 12 252781 12 253289 16 253801 16 254313 16 254825 16 255337 16 255849 12 256361 12 256873 12 257385 12 257897 12 258409 12 258921 8 259433 8 259945 8 260457 8 260969 8
295682d9eb5acb5c1976a460c085734bfaf38482b0a3f02591c2bfdcd4128549,58449 8 58705 8 58959 12 59215 12 59469 16 59725 16 59981 16 60237 16 60493 16 60749 16 61005 16 61261 16 61519 12 61775 12 62033 10 62289 10
295682d9eb5acb5c1976a460c085734bfaf38482b0a3f02591c2bfdcd4128549,28281 2 28537 2 28783 14 29039 14 29293 14 29549 14 29803 14 30059 14 30315 12 30571 12 30827 10 31083 10 31341 6 31597 6
295682d9eb5acb5c1976a460c085734bfaf38482b0a3f02591c2bfdcd4128549,17021 6 17277 6 17531 10 17787 10 18041 14 18297 14 18553 14 18809 14 19065 12 19321 12 19579 10 19835 10
295682d9eb5acb5c1976a460c085734bfaf38482b0a3f02591c2bfdcd4128549,22675 4 22931 4 23183 12 23439 12 23693 16 23949 16 24205 18 24461 18 24719 16 24975 16 25231 18 25487 18 25745 16 26001 16 26259 14 26515 14 26773 12 27029 12 27285 10 27541 10 27799 6 28055 6
295682d9eb5acb5c1976a460c085734bfaf38482b0a3f02591c2bfdcd4128549,45209 2 45465 2 45719 8 45975 8 46229 10 46485 10 46741 10 46997 10 47253 8 47509 8
295682d9eb5acb5c1976a460c085734bfaf38482b0a3f02591c2bfdcd4128549,38553 8 38809 8 39063 12 39319 12 39575 12 39831 12 40087 14 40343 14 40599 14 40855 14 41111 14 41367 14 41623 14 41879 14 42135 14 42391 14 42647 14 42903 14 43161 12 43417 12 43675 10 43931 10 44187 8 44443 8
295682d9eb5acb5c1976a460c085734bfaf38482b0a3f02591c2bfdcd4128549,33447 8 33703 8 33957 12 34213 12 34469 12 34725 12 34981 12 35237 12 35493 12 35749 12 36005 12 36261 12 36515 14 36771 14 37027 14 37283 14 37539 14 37795 14 38051 14 38307 14 38565 10 38821 10
295682d9eb5acb5c1976a460c085734bfaf38482b0a3f02591c2bfdcd4128549,6331 2 6587 2 6839 10 7095 10 7349 12 7605 12 7859 14 8115 14 8371 14 8627 14 8883 12 9139 12 9395 10 9651 10 9903 12 10159 12 10413 12 10669 12 10923 12 11179 12 11435 14 11691 14 11947 14 12203 14 12457 28 12713 28 12969 30 13225 30 13481 30 13737 30 13993 32 14249 32 14505 32 14761 32 15019 6 15029 20 15275 6 15285 20 15541 20 15797 20 16055 18 16311 18 16581 4 16837 4
295682d9eb5acb5c1976a460c085734bfaf38482b0a3f02591c2bfdcd4128549,62675 14 62931 14 63185 18 63441 18 63695 22 63951 22 64207 22 64463 22 64719 22 64975 22 65233 18 65489 18
31f1fbe85b8899258ea5bcf5f93f7ac8238660c386aeab40649c715bd2e38a0a,27679 10 27935 10 28189 14 28445 14 28701 14 28957 14 29213 14 29469 14 29725 14 29981 14 30237 10 30493 10 30749 8 31005 8 31261 4 31517 4
31f1fbe85b8899258ea5bcf5f93f7ac8238660c386aeab40649c715bd2e38a0a,24621 8 24877 8 25131 12 25387 12 25643 14 25899 14 26155 16 26411 16 26667 16 26923 16 27179 16 27435 16 27693 12 27949 12 28205 10 28461 10
31f1fbe85b8899258ea5bcf5f93f7ac8238660c386aeab40649c715bd2e38a0a,15935 12 16191 12 16437 24 16693 24 16945 32 17201 32 17457 34 17713 34 17967 36 18223 36 18481 36 18737 36 18993 34 19249 34 19507 32 19763 32 20023 24 20279 24 20539 18 20795 18 21055 8 21311 8
31f1fbe85b8899258ea5bcf5f93f7ac8238660c386aeab40649c715bd2e38a0a,37455 10 37711 10 37965 14 38221 14 38475 18 38731 18 38985 20 39241 20 39497 20 39753 20 40009 20 40265 20 40521 20 40777 20 41035 16 41291 16
31f1fbe85b8899258ea5bcf5f93f7ac8238660c386aeab40649c715bd2e38a0a,14945 4 15201 4 15455 8 15711 8 15971 2 16227 2
31f1fbe85b8899258ea5bcf5f93f7ac8238660c386aeab40649c715bd2e38a0a,13939 14 14195 14 14447 20 14703 20 14959 20 15215 20 15469 22 15725 22 15981 22 16237 22 16495 18 16751 18 17009 14 17265 14
31f1fbe85b8899258ea5bcf5f93f7ac8238660c386aeab40649c715bd2e38a0a,37005 10 37261 10 37513 16 37769 16 38025 16 38281 16 38535 18 38791 18 39047 18 39303 18 39559 16 39815 16 40073 12 40329 12 40587 4 40843 4
31f1fbe85b8899258ea5bcf5f93f7ac8238660c386aeab40649c715bd2e38a0a,12027 6 12283 6 12539 6 12795 6 13049 8 13305 8 13561 8 13817 8 14073 8 14329 8 14587 6 14843 6
336d3e4105766f8ad328a7ee9571e743f376f8cbcf6a969ca7e353fe3235c523,20765 8 21284 8 21799 16 22318 16 22837 16 23356 20 23875 20 24394 20 24913 20 25432 24 25951 24 26470 24 26989 24 27508 24 28027 24 28546 24 29065 24 29584 24 30103 24 30622 28 31141 28 31660 28 32179 28 32698 28 33217 28 33736 24 34255 24 34774 24 35293 24 35812 24 36331 24 36850 24 37369 24 37892 16 38411 16 38934 8 39453 8
336d3e4105766f8ad328a7ee9571e743f376f8cbcf6a969ca7e353fe3235c523,53531 4 54050 4 54565 16 55084 16 55599 24 56118 24 56637 24 57156 24 57675 28 58194 28 58713 28 59232 28 59747 36 60266 36 60789 32 61308 32 61827 32 62346 32 62865 32 63384 32 63903 32 64422 32 64941 32 65460 32 65979 32 66498 32 67017 32 67536 32 68055 32 68578 28 69097 28 69596 44 70115 44 70630 44 71149 44 71664 32 72183 32 72702 32 73221 32 73740 36 74259 36 74778 36 75297 36 75816 36 76335 36 76854 36 77373 36 77892 36 78411 36 78930 36 79449 36 79972 32 80491 32 81010 32 81529 32 82048 32 82567 32 83086 36 83605 36 84124 36 84643 36 85162 36 85681 36 86200 40 86719 40 87238 40 87757 40 88276 40 88795 40 89314 40 89833 40 90352 44 90871 44 91394 40 91913 40 92407 21 92436 36 92926 21 92955 36 93441 29 93478 36 93960 29 93997 36 94479 29 94520 32 94998 29 95039 32 95517 33 95554 40 96036 33 96073 40 96555 77 97074 77 97593 77 98112 77 98631 81 99150 81 99669 81 100188 81 100707 81 101226 81 101745 81 102264 81 102787 77 103306 77 103825 77 104344 77 104863 77 105382 77 105901 77 106420 77 106939 77 107458 77 107953 16 107973 33 108030 24 108472 16 108492 33 108549 24 108991 53 109068 24 109510 57 109583 28 110029 57 110102 28 110548 57 110621 28 111067 57 111140 28 111586 57 111659 28 112105 57 112178 28 112624 57 112697 32 113143 57 113216 32 113662 57 113735 32 114181 57 114254 32 114700 57 114777 32 115219 57 115296 32 115738 57 115815 41 116257 57 116334 41 116776 53 116853 45 117295 53 117372 45 117814 53 117895 41 118333 53 118414 41 118852 28 118884 21 118937 41 119371 28 119403 21 119456 41 119890 28 119931 8 119975 41 120409 28 120450 8 120494 41 120928 24 121013 45 121447 24 121532 45 121966 24 122051 45 122485 24 122570 45 123004 20 123089 45 123523 20 123608 45 124042 16 124127 45 124561 16 124646 45 125080 12 125165 45 125599 12 125684 45 126118 12 126203 45 126637 12 126722 45 127156 12 127245 41 127675 12 127764 41 128194 12 128283 41 128713 12 128802 41 129232 8 129329 33 129751 8 129848 33 130371 25 130890 25
336d3e4105766f8ad328a7ee9571e743f376f8cbcf6a969ca7e353fe3235c523,25 21 544 21 1059 25 1578 25 2101 17 2620 17 3143 8 3662 8
336d3e4105766f8ad328a7ee9571e743f376f8cbcf6a969ca7e353fe3235c523,43106 8 43625 8 44140 17 44659 17 45174 25 45693 25 46212 25 46731 25 47250 29 47769 29 48288 29 48807 29 49326 29 49845 29 50364 29 50883 29 51402 29 51921 29 52440 29 52959 29 53478 29 53997 29 54516 29 55035 29 55554 29 56073 29 56592 29 57111 29 57630 29 58149 29 58668 29 59187 29 59706 29 60225 29 60744 25 61263 25 61786 21 62305 21 62824 17 63343 17
336d3e4105766f8ad328a7ee9571e743f376f8cbcf6a969ca7e353fe3235c523,124095 4 124614 4 125129 16 125648 16 126163 24 126682 24 127201 28 127720 28 128239 28 128758 28 129273 32 129792 32 130315 28 130834 28
336d3e4105766f8ad328a7ee9571e743f376f8cbcf6a969ca7e353fe3235c523,19780 12 20299 12 20814 20 21333 20 21852 24 22367 32 22886 32 23405 32 23924 32 24443 36 24962 36 25481 36 26000 36 26519 40 27038 40 27557 40 28076 40 28599 36 29118 36 29637 36 30156 36 30675 36 31194 36 31713 32 32232 32 32755 28 33274 28 33793 24 34312 24 34835 16 35354 16
336d3e4105766f8ad328a7ee9571e743f376f8cbcf6a969ca7e353fe3235c523,78 12 123 24 597 12 642 24 1112 16 1161 28 1631 16 1680 28 2150 16 2199 28 2669 16 2718 28 3188 16 3241 24 3707 16 3760 24 4226 16 4279 28 4745 16 4798 28 5260 20 5317 32 5779 20 5836 32 6298 24 6359 28 6817 24 6878 28 7336 32 7397 28 7855 32 7916 28 8374 32 8439 24 8893 32 8958 24 9408 40 9477 24 9927 40 9996 24 10446 40 10519 20 10965 40 11038 20 11484 44 11557 20 12003 44 12076 20 12522 20 12550 16 12599 16 13041 20 13069 16 13118 16 13564 16 13588 21 13637 20 14083 16 14107 21 14156 20 14602 12 14630 21 14675 20 15121 12 15149 21 15194 20 15668 21 15713 24 16187 21 16232 24 16706 25 16755 20 17225 25 17274 20 17748 25 17793 20 18267 25 18312 20 18786 29 18831 24 19305 29 19350 24 19824 29 19873 20 20343 29 20392 20 20866 29 20911 20 21385 29 21430 20 21904 29 21949 20 22427 29 22472 16 22946 29 22991 16 23465 29 23510 20 23984 29 24029 20 24508 24 24548 20 24585 4 25027 24 25067 20 25104 4 25546 28 25590 20 25614 21 26065 28 26109 20 26133 21 26588 24 26628 45 27107 24 27147 45 27626 24 27666 45 28145 24 28185 45 28664 28 28708 45 29183 28 29227 45 29706 24 29750 41 30225 24 30269 41 30744 24 30788 41 31263 24 31307 41 31786 20 31826 37 32305 20 32345 37 32824 24 32864 37 33343 24 33383 37 33866 20 33906 33 34385 20 34425 33 34904 20 34944 29 35423 20 35463 29 35942 24 35982 25 36461 24 36501 25 36984 20 37024 21 37503 20 37543 21 38022 24 38062 21 38541 24 38581 21 39064 24 39100 25 39583 24 39619 25 40102 24 40142 21 40621 24 40661 21 41144 24 41180 21 41663 24 41699 21 42182 24 42218 25 42701 24 42737 25 43224 20 43260 21 43743 20 43779 21 44262 20 44298 21 44781 20 44817 21 45304 16 45336 21 45823 16 45855 21 46342 20 46374 25 46861 20 46893 25 47380 20 47417 20 47899 20 47936 20 48418 20 48455 20 48937 20 48974 20 49456 20 49493 24 49975 20 50012 24 50486 32 50531 24 51005 32 51050 24 51520 40 51569 28 52039 40 52088 28 52558 77 53077 77 53596 77 54115 77 54630 85 55149 85 55672 85 56191 85 56710 53 56767 32 57229 53 57286 32 57748 53 57809 32 58267 53 58328 32 58790 12 58810 29 58851 32 59309 12 59329 29 59370 32 59852 25 59889 32 60371 25 60408 32 60890 25 60931 28 61409 25 61450 28 61928 25 61969 32 62447 25 62488 32 62966 25 63011 28 63485 25 63530 28 63960 12 64004 29 64049 28 64479 12 64523 29 64568 28 64990 28 65046 25 65087 28 65509 28 65565 25 65606 28 66028 28 66084 25 66129 24 66542 37 66603 25 66648 24 67061 37 67122 25 67167 24 67580 37 67641 29 67686 24 68099 37 68160 29 68205 24 68618 37 68679 29 68724 24 69137 37 69198 29 69243 24 69656 37 69717 29 69762 24 70175 37 70236 29 70281 24 70694 37 70755 29 70804 20 71213 37 71274 29 71323 20 71732 41 71789 33 71842 24 72251 41 72308 33 72361 24 72770 41 72827 37 72880 24 73289 41 73346 37 73399 24 73813 89 73918 28 74332 89 74437 28 74851 89 74960 24 75370 89 75479 24 75889 89 75998 24 76408 89 76517 24 76931 89 77036 24 77450 89 77555 24 77973 85 78074 24 78492 85 78593 24 79011 12 79031 40 79076 20 79112 24 79530 12 79550 40 79595 20 79631 24 80049 60 80118 20 80150 28 80568 60 80637 20 80669 28 81083 64 81156 20 81188 28 81602 64 81675 20 81707 28 82117 68 82194 24 82226 28 82636 68 82713 24 82745 28 83155 68 83236 20 83268 24 83674 68 83755 20 83787 24 84188 57 84274 20 84306 28 84707 57 84793 20 84825 28 85226 57 85312 20 85348 24 85745 57 85831 20 85867 24 86260 61 86350 20 86386 24 86779 61 86869 20 86905 24 87298 37 87339 20 87392 16 87428 24 87817 37 87858 20 87911 16 87947 24 88336 37 88381 12 88430 20 88466 24 88855 37 88900 12 88949 20 88985 24 89374 33 89468 20 89504 24 89893 33 89987 20 90023 24 90412 33 90510 16 90542 29 90931 33 91029 16 91061 29 91450 33 91515 4 91548 16 91580 29 91969 33 92034 4 92067 16 92099 29 92488 53 92545 20 92586 16 92614 33 93007 53 93064 20 93105 16 93133 33 93530 73 93624 20 93656 29 94049 73 94143 20 94175 29 94568 21 94593 53 94666 16 94702 25 95087 21 95112 53 95185 16 95221 25 95615 4 95631 53 95704 16 95740 25 96134 4 96150 53 96223 16 96259 25 96669 57 96742 16 96782 21 97188 57 97261 16 97301 21 97707 61 97780 16 97820 21 98226 61 98299 16 98339 21 98745 61 98818 16 98858 25 99264 61 99337 16 99377 25 99783 57 99856 16 99900 21 100302 57 100375 16 100419 21 100821 24 100849 29 100894 16 100938 21 101340 24 101368 29 101413 16 101457 21 101859 24 101887 33 101936 12 101976 21 102378 24 102406 33 102455 12 102495 21 102901 16 102925 37 102974 16 103014 25 103420 16 103444 37 103493 16 103533 25 103943 8 103963 37 104012 16 104052 25 104462 8 104482 37 104531 16 104571 25 105001 41 105050 16 105094 21 105520 41 105569 16 105613 21 106039 41 106088 20 106132 21 106558 41 106607 20 106651 21 107077 41 107130 16 107170 25 107596 41 107649 16 107689 25 108099 57 108168 20 108208 25 108618 57 108687 20 108727 25 109137 53 109206 20 109246 25 109287 12 109656 28 109692 17 109729 20 109769 25 109802 16 110175 28 110211 17 110248 20 110288 25 110321 16 110694 28 110767 20 110807 25 110836 24 111213 28 111286 20 111326 25 111355 24 111732 28 111805 20 111845 53 112251 28 112324 20 112364 53 112770 28 112843 24 112888 48 113289 28 113362 24 113407 48 113808 28 113885 20 113926 48 114327 28 114404 20 114445 48 114846 28 114923 36 114964 48 115365 28 115442 36 115483 48 115888 20 115961 36 116006 44 116407 20 116480 36 116525 44 116930 12 116999 36 117044 44 117449 12 117518 36 117563 44 118037 32 118086 40 118556 32 118605 40 119051 56 119124 40 119570 56 119643 40 120085 56 120162 36 120604 56 120681 36 121119 60 121204 48 121638 60 121723 48 122157 60 122242 28 122274 20 122676 60 122761 28 122793 20 123191 64 123280 28 123312 20 123710 64 123799 28 123831 20 124229 68 124318 24 124346 24 124748 68 124837 24 124865 24 125267 68 125356 24 125384 28 125786 68 125875 24 125903 28 126305 68 126398 20 126422 28 126824 68 126917 20 126941 28 127343 68 127436 52 127862 68 127955 52 128381 44 128429 24 128474 52 128900 44 128948 24 128993 52 129419 32 129471 16 129516 44 129938 32 129990 16 130035 44 130457 28 130509 12 130558 12 130578 20 130976 28 131028 12 131077 12 131097 20
336d3e4105766f8ad328a7ee9571e743f376f8cbcf6a969ca7e353fe3235c523,40073 17 40592 17 41111 21 41630 21 42149 21 42668 21 43183 25 43702 25 44221 29 44740 29 45259 29 45778 29 46297 29 46816 29 47335 29 47854 29 48373 29 48892 29 49411 29 49930 29 50449 29 50968 29 51483 29 52002 29 52521 29 53040 29 53559 29 54078 29 54597 25 55116 25 55635 25 56154 25 56677 17 57196 17 57719 9 58238 9
336d3e4105766f8ad328a7ee9571e743f376f8cbcf6a969ca7e353fe3235c523,179 13 698 13 1209 25 1728 25 2247 25 2766 25 3285 25 3804 25 4323 25 4842 25 5357 29 5876 29 6395 29 6914 29 7433 29 7952 29 8471 29 8990 29 9509 29 10028 29 10547 25 11066 25 11585 25 12104 25 12623 25 13142 25 13665 17 14184 17 14703 17 15222 17 15745 8 16264 8
336d3e4105766f8ad328a7ee9571e743f376f8cbcf6a969ca7e353fe3235c523,34993 16 35512 16 36027 24 36546 24 37065 28 37584 28 38099 32 38618 32 39137 32 39656 32 40175 32 40694 32 41213 32 41732 32 42251 32 42770 32 43289 32 43808 32 44327 32 44846 32 45369 24 45888 24 46411 20 46930 20 47453 12 47972 12
336d3e4105766f8ad328a7ee9571e743f376f8cbcf6a969ca7e353fe3235c523,252 33 771 33 1286 41 1805 41 2328 33 2847 33 3370 29 3889 29 4408 29 4927 29 5450 25 5969 25 6488 29 7007 29 7526 29 8045 29 8564 33 9083 33 9602 41 10121 41 10640 45 11159 45 11678 49 12197 49 12721 44 13240 44 13734 16 13771 32 14253 16 14290 32 14768 24 14809 32 15287 24 15328 32 15806 29 15847 32 16325 29 16366 32 16844 29 16885 32 17363 29 17404 32 17882 33 17923 32 18401 33 18442 32 18920 37 18961 32 19439 37 19480 32 19958 37 19999 32 20477 37 20518 32 20996 73 21515 73 22034 73 22553 69 23072 69 23595 65 24114 65 24633 61 25152 61 25675 33 25716 16 26194 33 26235 16 26713 29 27232 29 27755 25 28274 25 28801 13 29320 13
336d3e4105766f8ad328a7ee9571e743f376f8cbcf6a969ca7e353fe3235c523,49586 16 50105 16 50620 24 51139 24 51654 32 52173 32 52692 32 53211 32 53726 40 54245 40 54764 40 55283 40 55802 40 56321 40 56840 40 57359 40 57874 44 58393 44 58912 44 59431 44 59950 44 60469 44 60988 44 61507 44 62026 44 62545 44 63064 40 63583 40 64102 40 64621 40 65144 36 65663 36 66182 32 66701 32 67220 32 67739 28 68258 28 68781 20 69300 20 69823 12 70342 12
336d3e4105766f8ad328a7ee9571e743f376f8cbcf6a969ca7e353fe3235c523,91637 16 92156 16 92671 24 93190 24 93705 32 94224 32 94743 32 95262 32 95777 36 96296 36 96815 36 97334 36 97853 36 98372 36 98891 36 99410 36 99929 36 100448 36 100967 32 101486 32 102005 32 102524 32 103047 28 103566 28 104089 20 104608 20 105131 12 105650 12
336d3e4105766f8ad328a7ee9571e743f376f8cbcf6a969ca7e353fe3235c523,305 28 824 28 1343 33 1862 33 2381 33 2900 33 3419 33 3938 33 4457 37 4976 37 5495 37 6014 37 6533 37 7052 37 7575 33 8094 33 8613 33 9132 33 9651 33 10170 33 10693 29 11212 29 11731 25 12250 25 12773 21 13292 21 13815 12 14334 12
336d3e4105766f8ad328a7ee9571e743f376f8cbcf6a969ca7e353fe3235c523,65213 16 65732 16 66251 20 66765 25 67284 25 67803 25 68322 25 68837 29 69356 29 69875 29 70394 29 70913 29 71432 29 71951 29 72470 29 72985 29 73504 29 74023 29 74542 29 75061 29 75580 29 76095 33 76614 33 77133 33 77652 33 78171 33 78690 33 79209 33 79728 33 80247 33 80766 33 81285 41 81346 8 81804 41 81865 8 82323 41 82380 16 82842 41 82899 16 83365 41 83414 20 83884 41 83933 20 84407 69 84926 69 85454 60 85973 60 86496 56 87015 56 87534 56 88053 56 88572 56 89091 56 89610 56 90129 56 90648 56 91167 56 91686 56 92205 56 92724 56 93243 56 93758 56 94277 56 94796 56 95315 56 95838 48 96357 48 96876 48 97395 48 97918 44 98437 44 98960 40 99479 40 99998 40 100517 40 101036 40 101555 40 102074 40 102593 40 103112 40 103631 40 104150 40 104669 40 105192 36 105711 36 106230 36 106749 36 107268 36 107787 36 108306 36 108825 36 109344 36 109867 28 110386 28 110905 28 111424 28 111947 20 112466 20 112993 4 113512 4
336d3e4105766f8ad328a7ee9571e743f376f8cbcf6a969ca7e353fe3235c523,39271 12 39790 12 40305 20 40824 20 41339 28 41858 28 42372 33 42891 33 43410 37 43929 37 44448 37 44967 37 45486 37 46005 37 46520 41 47039 41 47558 41 48077 41 48596 41 49115 41 49634 41 50153 41 50676 37 51195 37 51714 37 52233 37 52752 33 53271 33 53795 28 54314 28 54833 24 55352 24 55875 16 56394 16
336d3e4105766f8ad328a7ee9571e743f376f8cbcf6a969ca7e353fe3235c523,354 24 873 24 1388 28 1907 28 2426 28 2945 28 3464 28 3983 28 4502 28 5021 28 5540 28 6059 28 6582 24 7101 24 7620 24 8139 24 8662 20 9181 20 9716 16 10235 16 10754 20 11273 20 11792 20 12311 20 12830 24 13349 24 13864 28 14383 28 14902 28 15421 28 15940 28 16459 28 16978 28 17497 28 18016 28 18535 28 19054 28 19573 28 20092 28 20611 28 21130 28 21649 28 22168 28 22687 28 23206 28 23725 24 24244 24 24763 24 25282 24 25801 24 26320 24 26839 24 27358 24 27877 24 28396 24 28915 20 29434 20 29957 12 30476 12
336d3e4105766f8ad328a7ee9571e743f376f8cbcf6a969ca7e353fe3235c523,115093 8 115612 8 116127 16 116646 16 117161 25 117680 25 118199 29 118718 29 119233 33 119752 33 120271 33 120790 33 121309 33 121828 33 122343 37 122862 37 123381 41 123900 41 124419 41 124938 41 125457 37 125976 37 126495 37 127014 37 127529 41 128048 41 128567 41 129086 41 129605 41 130124 41 130647 33 131166 33
336d3e4105766f8ad328a7ee9571e743f376f8cbcf6a969ca7e353fe3235c523,43496 8 44015 8 44530 16 45049 16 45564 20 46083 20 46602 24 47121 24 47640 24 48159 24 48678 24 49197 24 49711 29 50230 29 50749 29 51268 29 51787 29 52306 29 52825 29 53344 29 53863 29 54382 29 54901 29 55420 29 55939 29 56458 29 56977 29 57496 29 58015 29 58534 29 59053 29 59572 29 60091 25 60610 25 61129 25 61648 25 62167 21 62686 21 63189 37 63708 37 64223 33 64742 33 65257 33 65776 33 66295 33 66814 37 67333 37 67852 37 68371 37 68890 37 69409 37 69928 37 70447 37 70966 37 71485 37 72008 33 72527 33 73046 33 73565 33 74084 33 74603 33 75122 33 75641 33 76164 29 76683 29 77202 25 77721 25 78244 21 78763 21 79282 17 79801 17
336d3e4105766f8ad328a7ee9571e743f376f8cbcf6a969ca7e353fe3235c523,402 73 921 73 1436 77 1955 77 2478 77 2997 77 3545 48 4064 48 4591 40 5110 40 5633 32 6152 32 6671 32 7190 32 7709 32 8228 32 8747 32 9266 32 9785 32 10304 32 10823 32 11342 32 11861 36 12380 36 12895 40 13414 40 13933 40 14452 40 14971 40 15490 40 16009 40 16528 40 17047 40 17566 40 18085 45 18604 45 19123 45 19642 45 20161 45 20680 45 21203 41 21722 41 22241 41 22760 41 23279 41 23798 41 24317 41 24840 37 25359 37 25878 37 26397 37 26916 37 27435 37 27954 37 28473 37 28992 37 29511 37 30030 37 30549 37 31068 37 31587 37 32106 37 32625 37 33144 37 33663 37 34182 37 34701 37 35224 33 35743 33 36262 28 36781 28 37300 28 37819 28 38342 20 38861 20 39384 12 39903 12
336d3e4105766f8ad328a7ee9571e743f376f8cbcf6a969ca7e353fe3235c523,114104 12 114623 12 115138 20 115657 20 116172 28 116691 28 117206 32 117725 32 118244 32 118763 32 119278 36 119797 36 120316 36 120835 36 121354 36 121873 36 122388 40 122907 40 123426 36 123945 36 124464 36 124983 36 125502 36 126021 36 126540 36 127059 36 127578 32 128097 32 128616 32 129135 32 129654 28 130173 28 130696 20 131215 20
336d3e4105766f8ad328a7ee9571e743f376f8cbcf6a969ca7e353fe3235c523,55996 8 56515 8 57026 20 57545 20 58060 28 58579 28 59094 37 59613 37 60132 37 60651 37 61170 37 61689 37 62204 41 62723 41 63242 45 63761 45 64280 45 64799 45 65318 45 65837 45 66356 49 66875 49 67394 49 67909 53 68428 53 68947 53 69466 53 69981 57 70500 57 71019 57 71538 57 72057 53 72576 53 73095 53 73614 53 74137 49 74656 49 75175 49 75694 49 76213 45 76732 45 77259 32 77778 32 78309 16 78828 16
336d3e4105766f8ad328a7ee9571e743f376f8cbcf6a969ca7e353fe3235c523,83528 16 84047 16 84562 24 85081 24 85595 29 86114 29 86633 33 87152 33 87667 37 88186 37 88705 37 89224 37 89739 41 90258 41 90777 41 91296 41 91815 37 92334 37 92853 37 93372 37 93891 37 94410 37 94929 37 95448 37 95967 33 96486 33 97005 33 97524 33 98043 33 98562 33 99081 29 99600 29 100123 25 100642 25 101165 21 101684 21 102203 25 102722 25 103241 25 103760 25 104279 29 104798 29 105317 29 105836 29 106351 37 106870 37 107389 37 107908 37 108427 37 108946 37 109465 37 109984 37 110503 37 111018 41 111537 41 112056 41 112575 41 113094 41 113613 41 114132 41 114651 41 115170 41 115689 41 116208 41 116727 41 117246 41 117765 41 118284 37 118803 37 119326 33 119845 33 120364 33 120883 33 121402 33 121921 33 122444 25 122963 25 123487 20 124006 20 124533 8 125052 8
336d3e4105766f8ad328a7ee9571e743f376f8cbcf6a969ca7e353fe3235c523,30091 8 30610 8 31129 12 31648 12 32163 16 32682 16 33201 16 33720 16 34235 20 34754 20 35273 20 35792 20 36311 20 36830 20 37349 20 37868 20 38387 20 38906 20 39425 20 39944 20 40463 20 40982 20 41501 20 42020 20 42539 20 43058 20 43577 20 44096 20 44619 16 45138 16 45657 16 46176 16 46699 12 47218 12 47741 8 48260 8 48779 4 49298 4 49817 4 50336 4
336d3e4105766f8ad328a7ee9571e743f376f8cbcf6a969ca7e353fe3235c523,56045 4 56564 4 57083 8 57602 8 58117 12 58636 12 59151 16 59670 16 60189 16 60708 16 61227 16 61746 16 62261 20 62780 20 63299 20 63818 20 64337 20 64856 20 65375 20 65894 20 66417 16 66936 16 67455 16 67974 16 68493 16 69012 16 69531 16 70054 12 70573 12 71096 8 71615 8
38f5cfb55fc8b048e82a5c895b25fefae7a70c71ab9990c535d1030637bf6a1f,5 18 261 18 517 18 773 18 1029 18 1285 18 1545 12 1801 12
38f5cfb55fc8b048e82a5c895b25fefae7a70c71ab9990c535d1030637bf6a1f,41485 6 41741 6 41997 6 42253 6 42509 6 42765 6
38f5cfb55fc8b048e82a5c895b25fefae7a70c71ab9990c535d1030637bf6a1f,48155 8 48411 8 48667 10 48923 10 49177 14 49433 14 49689 14 49945 14 50201 14 50457 14 50713 14 50969 14 51225 14 51481 14 51739 12 51995 12 52253 8 52509 8
38f5cfb55fc8b048e82a5c895b25fefae7a70c71ab9990c535d1030637bf6a1f,22567 2 22823 2 23075 10 23331 10 23585 14 23841 14 24097 14 24353 14 24607 16 24863 16 25119 16 25375 16 25631 16 25887 16 26143 16 26399 16 26657 12 26913 12 27171 8 27427 8
38f5cfb55fc8b048e82a5c895b25fefae7a70c71ab9990c535d1030637bf6a1f,47159 2 47415 2 47667 10 47923 10 48177 14 48433 14 48689 14 48945 14 49199 16 49455 16 49711 16 49967 16 50223 16 50479 16 50735 16 50991 16 51249 14 51505 14 51763 10 52019 10
38f5cfb55fc8b048e82a5c895b25fefae7a70c71ab9990c535d1030637bf6a1f,25173 8 25429 8 25683 12 25939 12 26195 14 26451 14 26707 14 26963 14 27219 14 27475 14 27731 14 27987 14 28243 14 28499 14 28757 10 29013 10 29273 4 29529 4
38f5cfb55fc8b048e82a5c895b25fefae7a70c71ab9990c535d1030637bf6a1f,47709 8 47965 8 48217 14 48473 14 48729 14 48985 14 49239 16 49495 16 49751 16 50007 16 50263 14 50519 14 50775 12 51031 12 51289 8 51545 8
38f5cfb55fc8b048e82a5c895b25fefae7a70c71ab9990c535d1030637bf6a1f,64159 10 64415 10 64667 16 64923 16 65179 16 65435 16
38f5cfb55fc8b048e82a5c895b25fefae7a70c71ab9990c535d1030637bf6a1f,8887 4 9143 4 9395 12 9651 12 9905 16 10161 16 10417 16 10673 16 10927 18 11183 18 11439 20 11695 20 11951 20 12207 20 12465 18 12721 18 12977 16 13233 16 13491 14 13747 14 14005 10 14261 10
38f5cfb55fc8b048e82a5c895b25fefae7a70c71ab9990c535d1030637bf6a1f,53951 12 54207 12 54461 16 54717 16 54971 20 55227 20 55483 20 55739 20 55995 20 56251 20 56507 18 56763 18 57019 18 57275 18 57533 12 57789 12 58047 6 58303 6
38f5cfb55fc8b048e82a5c895b25fefae7a70c71ab9990c535d1030637bf6a1f,2763 8 3019 8 3273 12 3529 12 3785 14 4041 14 4297 14 4553 14 4809 14 5065 14 5321 14 5577 14 5833 14 6089 14 6347 10 6603 10
38f5cfb55fc8b048e82a5c895b25fefae7a70c71ab9990c535d1030637bf6a1f,36577 10 36833 10 37087 14 37343 14 37599 16 37855 16 38111 16 38367 16 38623 16 38879 16 39135 16 39391 16 39647 14 39903 14 40161 12 40417 12 40675 8 40931 8
38f5cfb55fc8b048e82a5c895b25fefae7a70c71ab9990c535d1030637bf6a1f,43261 4 43517 4 43773 4 44029 4 44285 4 44541 4 44797 4 45053 4 45309 4 45565 4
3c4c675825f7509877bc10497f498c9a2e3433bf922bd870914a2eb21a54fd26,142533 4 143057 4 143581 4 144105 4 144629 4 145153 4 145677 4 146201 4 146725 4 147249 4 147773 4 148297 4 148821 4
3c4c675825f7509877bc10497f498c9a2e3433bf922bd870914a2eb21a54fd26,150917 4 151441 4 151965 4 152489 4 153013 4 153537 4 154061 4 154585 4
3c4c675825f7509877bc10497f498c9a2e3433bf922bd870914a2eb21a54fd26,71290 12 71814 12 72338 12 72857 21 73381 21 73905 21 74429 21 74953 21 75473 29 75997 29 76521 29 77045 25 77569 25 78093 25 78617 25 79141 25 79665 25 80189 25 80713 25 81241 21 81765 21 82289 21 82813 17 83337 17
3c4c675825f7509877bc10497f498c9a2e3433bf922bd870914a2eb21a54fd26,145182 12 145706 12 146230 12 146754 24 147278 24 147802 24 148330 24 148854 24 149378 24 149902 24 150426 24 150950 28 151474 28 151998 28 152522 28 152567 8 153046 28 153091 8 153570 28 153615 8 154094 24 154135 16 154618 24 154659 16 155142 24 155179 20 155666 24 155703 20 156190 24 156227 20 156710 28 156751 24 157234 28 157275 24 157758 28 157799 24 158282 28 158323 24 158806 28 158847 24 159334 28 159367 28 159858 28 159891 28 160382 28 160415 28 160906 65 161430 65 161954 65 162478 65 163002 65 163526 65 164050 61 164574 61 165102 57 165626 57 166150 57 166678 53 167202 53 167726 53 168250 49 168774 49 169298 49 169818 24 169851 20 170342 24 170375 20 170866 24 170899 16 171390 24 171423 16 171914 24 171947 16 172438 20 172475 4 172962 20 172999 4 173486 20 173523 4 174010 20 174534 20 175062 12 175586 12 176110 12
3c4c675825f7509877bc10497f498c9a2e3433bf922bd870914a2eb21a54fd26,48287 8 48811 8 49335 8 49830 8 49855 12 50354 8 50379 12 50878 8 50903 12 51394 24 51427 16 51918 24 51951 16 52442 24 52475 16 52966 24 52995 20 53490 24 53519 20 54014 49 54538 49 55062 49 55582 53 56106 53 56630 53 57154 28 57187 20 57678 28 57711 20 58206 24 58235 16 58730 24 58759 16 59254 24 59283 16 59778 20 59807 16 60302 20 60331 16 60826 20 60855 16 61354 12 61383 8 61878 12 61907 8 62402 12 62431 8
3c4c675825f7509877bc10497f498c9a2e3433bf922bd870914a2eb21a54fd26,14198 12 14722 12 15246 12 15770 12 16294 12 16818 12 17338 16 17862 16 18386 16 18910 16 19434 16 19958 20 20482 20 21006 20 21530 20 22054 20 22578 20 23102 20 23626 20 24150 20 24674 20 25198 20 25722 20 26246 20 26770 20 27294 16 27818 16 28342 16 28866 16 29390 16 29918 8 30442 8 30966 8
3c4c675825f7509877bc10497f498c9a2e3433bf922bd870914a2eb21a54fd26,121094 21 121618 21 122142 21 122666 21 123190 21 123714 21 124234 25 124758 25 125282 25 125806 25 126330 25 126854 25 127378 25 127902 25 128426 25 128950 25 129474 20 129998 20 130522 20 131046 20 131570 20 132094 20 132622 12 133146 12 133670 12
3c4c675825f7509877bc10497f498c9a2e3433bf922bd870914a2eb21a54fd26,82863 4 83387 4 83911 8 84435 8 84959 8 85478 17 86002 17 86526 17 87050 17 87574 17 88098 17 88618 21 89142 21 89666 21 90190 21 90714 21 91238 21 91762 21 92286 21 92814 17 93338 17 93862 13 94386 13 94910 13 95439 4 95963 4 96487 4
3c4c675825f7509877bc10497f498c9a2e3433bf922bd870914a2eb21a54fd26,97039 8 97563 8 98087 8 98611 13 99135 13 99659 13 100183 13 100707 13 101227 21 101751 21 102275 21 102799 21 103323 21 103847 21 104371 21 104895 21 105419 21 105943 21 106467 21 106991 21 107515 21 108039 21 108559 25 109083 25 109607 25 110131 25 110655 25 111179 25 111703 25 112227 25 112747 29 113271 29 113795 33 114319 33 114843 33 115367 33 115891 33 116415 33 116939 29 117463 29 117987 29 118511 29 119035 29 119559 29 120083 29 120607 29 121135 21 121659 21 122183 21 122711 12 123235 12 123759 12 124287 4 124811 4
3c4c675825f7509877bc10497f498c9a2e3433bf922bd870914a2eb21a54fd26,170927 13 171451 13 171975 13 172495 21 173019 21 173543 21 174063 25 174587 25 175111 25 175635 25 176159 25 176679 29 177203 29 177727 29 178251 29 178775 29 179299 29 179827 21 180351 21
3c4c675825f7509877bc10497f498c9a2e3433bf922bd870914a2eb21a54fd26,28399 13 28923 13 29447 13 29971 13 30495 13 31019 13 31539 21 32063 21 32587 21 33111 21 33635 21 34159 21 34683 21 35207 21 35731 21 36255 21 36779 21 37303 21 37827 21 38351 21 38875 21 39399 21 39923 21 40447 21 40971 21 41495 21 42019 21 42543 21 43067 21 43591 21 44115 21 44639 21 45163 21 45687 17 46211 17 46735 17 47263 13 47787 13
3c4c675825f7509877bc10497f498c9a2e3433bf922bd870914a2eb21a54fd26,49912 4 50436 4 50960 4 51459 37 51504 17 51983 37 52028 17 52507 37 52552 17 53031 66 53555 66 54075 70 54599 70 55123 70 55647 70 56171 70 56695 70 57219 70 57743 70 58267 29 58300 33 58791 29 58824 33 59315 29 59348 33 59839 25 59872 33 60363 25 60396 33 60887 25 60920 33 61411 25 61448 29 61935 25 61972 29 62459 25 62496 29 62987 17 63024 21 63511 17 63548 21 64080 9 64604 9 65128 9
3c4c675825f7509877bc10497f498c9a2e3433bf922bd870914a2eb21a54fd26,2740 12 3264 12 3788 12 4308 28 4832 28 5356 28 5880 32 6404 32 6928 32 7452 28 7976 28 8500 28 9024 28 9548 28 10076 8 10600 8 11124 8 11648 12 12172 12 12692 20 13216 20 13740 20 14260 24 14784 24 15308 24 15832 24 16356 24 16880 24 17399 29 17923 29 18447 29 18971 29 19495 29 20024 20 20548 20 21072 20 21596 20 22120 20 22644 20 23172 8 23696 8
3c4c675825f7509877bc10497f498c9a2e3433bf922bd870914a2eb21a54fd26,152604 8 153128 8 153652 8 154172 16 154696 16 155216 24 155740 24 156264 24 156788 24 157312 24 157836 24 158360 24 158884 24 159408 28 159932 28 160456 28 160984 24 161508 24 162032 24 162560 24 163084 24 163608 24 164136 20 164660 20 165192 16 165716 16 166240 16 166768 16 167292 16 167816 16 168340 16 168864 16 169388 16 169912 21 170436 21 170960 21 171484 21 172008 21 172532 25 173056 25 173580 25 174104 25 174628 25 175152 25 175676 25 176200 25 176728 21 177252 21 177776 21 178304 13 178828 13 179352 13
3c4c675825f7509877bc10497f498c9a2e3433bf922bd870914a2eb21a54fd26,69808 12 70332 12 70856 12 71380 16 71904 16 72428 16 72952 16 73476 16 74000 20 74524 20 75048 20 75576 16 76100 16 76624 16 77148 16 77672 16 78196 16 78724 12 79248 12 79772 12 80296 12 80820 12 81348 12 81872 12 82396 12 82920 16 83444 16 83968 16 84492 16 85016 16 85540 16 86064 16 86588 16 87108 20 87632 20 88156 20 88680 20 89204 20 89728 20 90252 20 90776 20 91300 20 91824 20 92348 20 92872 20 93396 20 93920 20 94444 20 94968 20 95492 20 96016 20 96540 20 97064 16 97588 16 98112 16 98636 16 99160 16 99684 12 100208 12 100732 12 101260 4 101784 4 102308 4
3c4c675825f7509877bc10497f498c9a2e3433bf922bd870914a2eb21a54fd26,134272 8 134796 8 135316 16 135840 16 136364 16 136888 20 137412 20 137936 20 138456 24 138980 24 139504 24 140028 24 140552 24 141076 28 141600 28 142124 28 142652 24 143176 24 143700 24 144224 24 144748 24 145272 24 145796 24 146320 24 146844 24 147368 24 147892 24 148420 16 148944 16 149472 8 149996 8 150520 8
3c4c675825f7509877bc10497f498c9a2e3433bf922bd870914a2eb21a54fd26,28440 4 28964 4 29488 4 30008 17 30532 17 31056 17 31576 21 31609 4 32100 21 32133 4 32624 21 32657 4 33148 41 33672 41 34196 45 34720 45 35244 45 35764 49 36288 49 36812 49 37336 49 37860 49 38388 41 38912 41 39436 41 39960 41 40484 41 41008 41 41536 4 41548 25 42060 4 42072 25 42584 4 42596 25 43125 16 43649 16
3c4c675825f7509877bc10497f498c9a2e3433bf922bd870914a2eb21a54fd26,84029 4 84042 12 84553 4 84566 12 85077 4 85090 12 85593 33 86117 33 86641 33 87161 37 87685 37 88209 37 88733 37 89257 37 89781 37 90305 37 90829 37 91353 37 91877 37 92401 37 92925 37 93449 37 93973 33 94497 33 95021 33 95549 29 96073 29 96597 29 97121 4 97133 17 97645 4 97657 17 98169 4 98181 17 98689 12 98705 17 99213 12 99229 17 99733 33 100257 33 100781 33 101301 29 101825 29 102349 29 102873 24 103397 24 103921 24 104445 24 104969 24 105493 24 106017 24 106541 24 107065 20 107589 20 108113 20 108637 20 109161 20 109685 12 110209 12 110733 12 111249 16 111773 16 112297 16 112821 16 113345 16 113865 20 114389 20 114913 20 115437 20 115961 20 116485 20 117009 20 117533 20 118057 20 118581 20 119105 20 119629 20 120153 20 120677 20 121196 21 121720 21 122244 21 122764 25 123288 25 123812 25 124336 21 124860 21 125388 17 125912 17 126436 17 126960 13 127484 13 128008 13
3c4c675825f7509877bc10497f498c9a2e3433bf922bd870914a2eb21a54fd26,144269 8 144793 8 145313 12 145837 12 146361 12 146881 16 147405 16 147929 16 148453 12 148977 12 149501 12 150025 12 150549 12 151077 8 151601 8 152125 8
3c4c675825f7509877bc10497f498c9a2e3433bf922bd870914a2eb21a54fd26,12749 12 13273 12 13797 12 14317 16 14841 16 15365 16 15889 20 16413 20 16937 20 17457 24 17981 24 18505 24 19029 24 19553 24 20077 24 20601 24 21125 24 21649 20 22173 20 22697 20 23225 16 23749 16
3c4c675825f7509877bc10497f498c9a2e3433bf922bd870914a2eb21a54fd26,162625 4 162646 12 163149 4 163170 12 163673 4 163694 12 164193 12 164218 16 164717 12 164742 16 165237 45 165761 45 166285 45 166809 49 167333 49 167857 49 168381 49 168905 49 169429 49 169953 49 170477 49 171001 49 171525 49 172049 49 172577 45 173101 45 173625 45 174170 24 174694 24 175222 20 175746 20 176270 20 176794 20 177318 20 177842 20 178362 24 178886 24 179410 24 179934 20 180458 20
3c4c675825f7509877bc10497f498c9a2e3433bf922bd870914a2eb21a54fd26,58353 9 58877 9 59401 9 59921 17 60445 17 60969 17 61489 21 62013 21 62537 21 63065 17 63589 17 64113 13 64637 13 65161 13
3c4c675825f7509877bc10497f498c9a2e3433bf922bd870914a2eb21a54fd26,69877 17 70401 17 70925 17 71449 21 71973 21 72497 21 73017 25 73541 25 74065 25 74589 25 75113 25 75637 25 76161 25 76685 25 77209 21 77733 21 78257 21 78785 17 79309 17 79837 9 80361 9 80885 9
3c4c675825f7509877bc10497f498c9a2e3433bf922bd870914a2eb21a54fd26,111302 8 111826 8 112350 8 112870 16 113394 16 113901 33 114425 33 114949 33 115469 33 115993 33 116517 33 117041 17 117565 17 118089 17 118613 17 119137 17 119657 21 120181 21 120705 21 121229 17 121266 4 121753 17 121790 4 122277 17 122314 4 122801 17 122834 12 123325 17 123358 12 123849 17 123882 12 124373 21 124398 20 124897 21 124922 20 125417 49 125941 49 126465 49 126989 49 127513 49 128037 49 128561 49 129085 49 129617 37 130141 37 130665 37 131189 37 131713 37 132237 37 132765 29 133289 29 133813 29 134342 20 134866 20 135398 12 135922 12 136446 12
3c4c675825f7509877bc10497f498c9a2e3433bf922bd870914a2eb21a54fd26,155289 4 155813 4 156337 4 156857 12 157381 12 157905 12 158429 8 158953 8 159477 8 160001 8 160525 8
3c4c675825f7509877bc10497f498c9a2e3433bf922bd870914a2eb21a54fd26,43166 4 43690 4 44205 17 44729 17 45253 17 45777 17 46301 17 46825 17 47345 21 47869 21 48393 21 48917 21 49441 21 49965 21 50489 21 51013 21 51537 21 52061 21 52585 21 53109 17 53633 17 54161 13 54685 13 55209 13
3c4c675825f7509877bc10497f498c9a2e3433bf922bd870914a2eb21a54fd26,1798 21 2322 21 2842 25 3366 25 3890 25 4414 29 4938 29 5462 29 5986 29 6510 29 7034 29 7554 33 8078 33 8602 33 9126 33 9650 33 10174 29 10698 29 11222 29 11746 29 12270 29 12794 29 13318 29 13842 29 14366 29 14890 29 15414 29 15930 33 16454 33 16978 33 17498 32 18022 32 18546 24 19070 24 19594 24 20118 24 20642 24 21166 24 21690 24 22214 24 22738 24 23262 24 23786 24 24310 24 24342 13 24834 24 24866 13 25358 24 25390 13 25882 24 25910 21 26406 24 26434 21 26930 24 26958 21 27450 28 27482 21 27974 28 28006 21 28494 28 28530 25 29018 28 29054 25 29542 28 29578 25 30066 28 30102 25 30590 28 30626 25 31114 28 31150 25 31638 28 31674 25 32162 28 32198 25 32686 28 32722 25 33210 57 33734 57 34258 57 34782 57 35306 57 35834 45 36358 45 36882 45 37410 37 37934 37 38462 33 38986 33 39510 33 40034 33 40558 33 41082 33 41606 33 42130 33 42654 33 43178 33 43702 33 44230 29 44754 29 45278 29 45806 25 46330 25 46854 25 47382 21 47906 21 48434 12 48958 12 49482 12
3c4c675825f7509877bc10497f498c9a2e3433bf922bd870914a2eb21a54fd26,151130 4 151654 4 152178 4 152694 16 153218 16 153742 16 154266 37 154790 37 155314 41 155838 41 156362 41 156886 41 157410 41 157934 41 158458 12 158474 29 158982 12 158998 29 159526 29 160050 29 160574 29 161098 29 161622 29 162146 29 162674 29 163198 29 163722 29 164246 25 164770 25 165294 25 165818 25 166342 25 166870 21 167394 21 167918 21 168442 17 168966 17 169490 17 170023 4 170547 4
3c4c675825f7509877bc10497f498c9a2e3433bf922bd870914a2eb21a54fd26,98734 12 99258 12 99782 12 100306 12 100830 12 101354 12 101878 12 102402 12
3c4c675825f7509877bc10497f498c9a2e3433bf922bd870914a2eb21a54fd26,135430 13 135954 13 136478 13 136998 17 137522 17 138046 17 138566 25 139090 25 139614 25 140138 25 140662 25 141186 25 141710 25 142234 25 142758 21 143282 21 143806 21 144334 17 144858 17 145382 13 145906 13 146430 13
3c4c675825f7509877bc10497f498c9a2e3433bf922bd870914a2eb21a54fd26,288 8 312 21 812 8 836 21 1336 8 1360 21 1860 49 2384 49 2908 49 3432 49 3956 49 4480 49 5004 49 5528 49 6052 49 6576 49 7100 49 7628 45 8152 45 8684 45 9208 45 9732 45 10256 49 10780 49 11304 49 11828 49 12352 49 12880 16 12905 24 13404 16 13429 24 13928 16 13953 24 14477 24 15001 24 15525 24 16008 16 16049 24 16532 16 16573 24 17056 16 17097 24 17575 33 17621 28 18099 33 18145 28 18623 74 19147 74 19671 74 20195 74 20719 74 21243 74 21763 66 22287 66 22811 66 23335 58 23859 58 24383 58 24907 58 25431 58 25955 17 25988 21 26479 17 26512 21 27003 17 27036 21 27527 17 27564 21 28051 17 28088 21 28575 21 28620 21 29099 21 29144 21 29623 21 29668 21 30147 41 30192 25 30671 41 30716 25 31195 41 31240 25 31715 74 31838 12 32239 74 32362 12 32763 74 32886 12 33287 74 33406 20 33811 74 33930 20 34331 78 34454 25 34855 78 34978 25 35379 78 35502 25 35895 82 36026 25 36419 82 36550 25 36943 82 37074 25 37463 82 37598 20 37987 82 38122 20 38507 86 38646 20 39031 86 39170 20 39555 86 39694 20 40079 90 40218 20 40603 90 40742 20 41127 90 41266 20 41651 24 41684 61 41765 5 41786 20 42175 24 42208 61 42289 5 42310 20 42699 24 42732 61 42813 5 42834 20 43223 24 43260 57 43333 13 43358 20 43747 24 43784 57 43857 13 43882 20 44275 16 44304 65 44377 17 44406 20 44799 16 44828 65 44901 17 44930 20 45323 16 45352 65 45425 17 45454 20 45876 65 45949 17 45974 20 46400 65 46473 17 46498 20 46924 65 46997 17 47022 20 47443 70 47517 25 47546 20 47967 70 48041 25 48070 20 48491 70 48565 45 49015 70 49089 45 49539 70 49613 45 50063 119 50587 119 51111 119 51631 74 51709 45 52155 74 52233 45 52679 74 52757 45 53187 8 53203 74 53281 45 53711 8 53727 74 53805 45 54227 94 54329 45 54751 94 54853 45 55275 94 55377 45 55799 86 55905 37 56323 86 56429 37 56847 86 56953 37 57367 28 57399 50 57477 33 57891 28 57923 50 58001 33 58415 28 58456 45 58525 21 58939 28 58980 45 59049 21 59463 28 59504 45 59573 21 59987 24 60028 57 60097 21 60511 24 60552 57 60621 21 61035 24 61076 57 61145 21 61559 24 61600 57 61669 21 62083 24 62124 57 62193 21 62607 24 62648 57 62717 21 63135 16 63172 53 63245 13 63659 16 63696 53 63769 13 64187 8 64224 49 64293 13 64711 8 64748 49 64817 13 65235 8 65272 49 65341 13 65796 49 65869 5 66320 49 66393 5 66844 49 66917 5 67368 45 67892 45 68416 45 68940 45 69464 45 69984 49 70508 49 71032 49 71556 49 72080 49 72604 49 73128 45 73652 45 74176 24 74208 13 74700 24 74732 13 75224 24 75256 13 75752 20 75780 17 76276 20 76304 17 76800 20 76828 17 77324 49 77848 49 78372 49 78896 49 79420 49 79944 53 80468 53 80992 53 81512 57 82036 57 82560 57 83084 57 83608 57 84132 57 84656 57 85180 57 85708 53 86232 53 86756 53 87288 45 87812 45 88336 45 88864 41 89388 41 89920 33 90444 33 90968 33 91496 29 92020 29 92544 29 93048 12 93072 29 93572 12 93596 29 94096 16 94120 33 94620 16 94644 33 95144 16 95168 33 95664 61 96188 61 96712 61 97236 69 97760 69 98284 69 98808 73 99332 73 99856 78 100380 78 100904 78 101428 78 101952 78 102476 78 103004 74 103528 74 104048 78 104572 78 105096 78 105620 33 105661 37 106144 33 106185 37 106668 33 106709 37 107192 33 107233 37 107716 33 107757 37 108240 33 108281 37 108760 41 108809 33 109284 41 109333 33 109808 37 109873 17 110332 37 110397 17 110856 37 110921 17 111380 37 111445 12 111904 37 111969 12 112428 37 112493 12 112948 45 113472 45 113996 49 114520 49 115044 49 115568 61 116092 61 116616 61 117140 65 117664 65 118188 65 118712 65 119236 65 119760 69 120284 69 120808 69 121332 69 121856 69 122380 69 122904 73 123428 73 123952 73 124476 73 125000 73 125524 73 126048 73 126572 73 127096 73 127620 73 128144 73 128668 69 129192 69 129711 66 130235 66 130759 66 131279 66 131803 66 132327 66 132851 62 133375 62 133899 62 134423 62 134947 62 135467 66 135991 66 136515 66 137039 17 137068 4 137080 21 137563 17 137592 4 137604 21 138087 17 138116 4 138128 21 138611 13 138656 13 139135 13 139180 13 139659 13 139688 20 140183 13 140212 20 140707 13 140736 20 141231 13 141256 33 141755 13 141780 33 142279 13 142304 33 142799 21 142828 37 143323 21 143352 37 143847 21 143876 37 144367 25 144396 41 144891 25 144920 41 145415 25 145444 41 145939 25 145968 41 146463 25 146492 41 146983 29 147016 57 147507 29 147540 57 148031 29 148064 57 148555 25 148588 61 149079 25 149112 61 149603 25 149640 57 150127 25 150164 57 150651 25 150688 57 151175 25 151212 57 151699 25 151736 57 152223 25 152260 57 152747 20 152784 57 153271 20 153308 57 153795 20 153832 57 154323 12 154352 61 154847 12 154876 61 155400 61 155924 61 156448 61 156972 61 157496 61 158020 61 158544 61 159068 61 159575 9 159592 65 160099 9 160116 65 160623 9 160640 65 161143 17 161168 65 161667 17 161692 65 162191 17 162216 65 162711 98 163235 98 163759 98 164283 107 164807 107 165331 62 165401 41 165855 62 165925 41 166379 62 166449 41 166899 62 166973 41 167423 62 167497 41 167947 62 168021 41 168471 62 168549 37 168995 62 169073 37 169519 62 169597 37 170047 21 170072 86 170571 21 170596 86 171095 17 171124 82 171619 17 171648 82 172143 17 172172 82 172667 17 172696 82 173191 17 173220 82 173715 17 173744 82 174268 82 174792 82 175316 90 175840 90 176364 90 176888 94 177412 94 177936 94 178460 94 178984 94 179508 94 180032 57 180106 20 180556 57 180630 20 181084 45 181608 45 182132 45
3c4c675825f7509877bc10497f498c9a2e3433bf922bd870914a2eb21a54fd26,88815 8 89339 8 89859 16 90383 16 90907 16 91427 24 91951 24 92475 24 92999 24 93523 24 94047 24 94571 24 95095 24 95619 24 96143 24 96667 24 97191 28 97715 28 98239 28 98763 28 99287 28 99815 24 100339 24 100863 24 101391 24 101915 24 102439 24 102967 20 103491 20 104015 20 104539 20 105063 20 105587 20 106111 20 106635 20 107159 25 107683 25 108207 25 108731 25 109255 25 109779 20 110303 20 110827 20 111351 20 111875 20 112399 20 112923 20 113447 20 113971 16 114495 16 115019 16 115543 16 116067 16 116591 16 117119 4 117643 4 118167 4
3c4c675825f7509877bc10497f498c9a2e3433bf922bd870914a2eb21a54fd26,71539 8 72063 8 72587 8 73107 17 73631 17 74151 21 74675 21 75199 21 75723 21 76247 21 76771 21 77291 25 77815 25 78339 25 78863 25 79387 25 79911 25 80435 25 80959 25 81483 20 82007 20 82531 20 83055 16 83579 16 84103 16 84627 16 85151 16
3c4c675825f7509877bc10497f498c9a2e3433bf922bd870914a2eb21a54fd26,1921 8 2445 8
3c4c675825f7509877bc10497f498c9a2e3433bf922bd870914a2eb21a54fd26,70143 13 70667 13 71191 13 71711 17 72235 17 72759 17 73210 12 73279 25 73734 12 73803 25 74253 17 74282 8 74327 25 74777 17 74806 8 74851 25 75301 17 75330 8 75375 25 75825 21 75850 16 75895 29 76349 21 76374 16 76419 29 76873 21 76898 16 76943 29 77397 41 77455 41 77921 41 77979 41 78445 41 78503 41 78969 99 79493 99 80017 99 80541 99 81065 99 81594 73 81671 13 82118 73 82195 13 82642 73 82719 13 83166 8 83182 53 83690 8 83706 53 84230 53 84754 53 85278 53 85806 49 86330 49 86854 49 87378 20 87403 24 87902 20 87927 24 88426 20 88451 24 88954 16 88975 24 89478 16 89499 24 89986 12 90006 12 90027 16 90510 12 90530 12 90551 16 91034 12 91054 12 91075 16 91554 16 91578 8 91599 16 92078 16 92102 8 92123 16 92602 16 92626 8 92647 16 93126 20 93150 8 93650 20 93674 8 94174 32 94698 32 95222 32 95746 32 96270 32 96794 32 97318 28 97842 28 98366 28 98890 20 99414 20 99938 20 100462 20 100986 20 101510 20 102034 20 102558 20 103086 12 103610 12 104138 4 104662 4 105186 4
3c4c675825f7509877bc10497f498c9a2e3433bf922bd870914a2eb21a54fd26,124574 4 125098 4 125618 12 126142 12 126666 12 127186 16 127710 16 128234 16 128758 16 129282 16 129806 16 130330 16 130854 16 131378 16 131902 16 132426 16 132950 16 133474 16 133998 16 134522 16 135046 16 135570 16 136094 16 136618 16 137142 16 137666 16 138190 16 138718 8 139242 8
3c4c675825f7509877bc10497f498c9a2e3433bf922bd870914a2eb21a54fd26,6154 8 6174 9 6678 8 6698 9 7202 8 7222 9 7726 8 7746 13 8250 8 8270 13 8774 8 8790 17 9298 8 9314 17 9822 8 9838 17 10346 12 10362 17 10870 12 10886 17 11394 12 11410 17 11918 33 12442 33 12966 12 12982 17 13490 12 13506 17 14014 12 14030 17 14538 8 14554 17 15062 8 15078 17 15586 8 15602 17 16126 17 16650 17 17174 17 17702 9 18226 9
3c4c675825f7509877bc10497f498c9a2e3433bf922bd870914a2eb21a54fd26,157074 8 157598 8 158122 8 158642 12 159166 12 159686 20 160210 20 160734 20 161258 20 161782 20 162306 20 162830 20 163354 20 163878 20 164402 20 164926 20 165450 20 165974 20 166498 20 167022 20 167546 20 168070 20 168594 16 169118 16 169642 16 170170 12 170694 12 171218 12 171742 12 172266 12 172794 4 173318 4 173842 4
3c4c675825f7509877bc10497f498c9a2e3433bf922bd870914a2eb21a54fd26,108870 8 109394 8 109918 12 110442 12 110966 12 111486 16 112010 16 112534 16 113058 16 113582 16 114106 16 114630 16 115154 16 115678 12 116202 12 116726 12 117250 12 117774 12 118298 12 118822 12 119346 12 119874 8 120398 8 120922 8
3c4c675825f7509877bc10497f498c9a2e3433bf922bd870914a2eb21a54fd26,139803 12 140327 12 140851 12 141370 21 141894 21 142418 21 142942 21 143466 21 143990 21 144514 21 145038 21 145558 25 146082 25 146606 25 147130 25 147654 25 148178 25 148702 25 149226 25 149750 25 150274 25 150798 25 151322 25 151846 25 152370 25 152898 17 153422 17 153946 17 154470 17 154994 17 155527 4 156051 4 156575 4
3c4c675825f7509877bc10497f498c9a2e3433bf922bd870914a2eb21a54fd26,172815 12 172831 8 173339 12 173355 8 173863 12 173879 8 174387 28 174911 28 175430 33 175954 33 176478 33 177002 33 177526 33 178050 33 178574 13 178595 8 179098 13 179119 8 179622 13 179643 8
3c4c675825f7509877bc10497f498c9a2e3433bf922bd870914a2eb21a54fd26,54395 8 54919 8 55443 8 55963 16 56487 16 57011 16 57535 16 58059 16 58583 16 59107 16 59631 16 60155 16 60679 16 61203 16 61727 16 62251 16 62775 16 63299 16 63823 16 64347 16 64871 16 65395 16 65919 16 66443 16 66967 16 67491 12 68015 12 68539 12 69063 12 69587 12
3c4c675825f7509877bc10497f498c9a2e3433bf922bd870914a2eb21a54fd26,108895 8 109419 8 109943 12 110467 12 110991 12 111515 12 112039 12 112563 12 113083 16 113607 16 114131 12 114655 12 115179 12 115707 8 116231 8 116755 8 117279 4 117803 4 118327 4
3c4c675825f7509877bc10497f498c9a2e3433bf922bd870914a2eb21a54fd26,443 17 967 17 1491 17 2011 45 2535 45 3059 49 3583 49 4107 49 4631 49 5155 49 5679 49 6203 49 6727 49 7251 49 7779 45 8303 45 8844 24 9368 24 9892 24 10416 24 10940 24 11464 24 11988 24 12512 24 13036 24 13560 24 14084 24 14612 16 15136 16 15660 16 16184 12 16708 12 17232 12
3c4c675825f7509877bc10497f498c9a2e3433bf922bd870914a2eb21a54fd26,131439 4 131963 4 132487 4 133011 4 133535 4 134059 4 134583 4 135107 4
3c4c675825f7509877bc10497f498c9a2e3433bf922bd870914a2eb21a54fd26,87448 8 87972 8 88496 8 89016 16 89540 16 90059 21 90583 21 91107 21 91631 21 92155 21 92679 21 93203 21 93727 21 94247 21 94771 21 95295 21 95819 21 96343 21 96867 21 97391 21 97915 21 98439 21 98967 17 99491 17 100015 13 100539 13 101063 13
3c4c675825f7509877bc10497f498c9a2e3433bf922bd870914a2eb21a54fd26,37668 8 38192 8 38716 8 39240 8 39764 8 40284 12 40808 12 41332 12 41856 12 42380 12 42904 12 43428 12 43952 12 44476 12 45000 12 45524 12 46048 12 46572 12 47096 12 47624 4 48148 4
3c4c675825f7509877bc10497f498c9a2e3433bf922bd870914a2eb21a54fd26,154516 4 155040 4
3c4c675825f7509877bc10497f498c9a2e3433bf922bd870914a2eb21a54fd26,171288 16 171812 16 172336 16 172860 16 173384 16 173908 16 174428 24 174952 24 175476 24 176000 24 176524 24 177048 24 177572 24 178096 24 178620 24 179144 24 179668 24 180192 24 180716 24 181244 16 181768 16 182292 16
3c4c675825f7509877bc10497f498c9a2e3433bf922bd870914a2eb21a54fd26,119952 12 120476 12 121000 12 121520 16 122044 16 122568 16 123092 16 123616 16 124140 16 124664 16 125188 16 125708 20 126232 20 126756 20 127280 20 127804 20 128328 20 128852 20 129376 20 129900 16 130424 16 130948 16 131472 16 131996 16 132520 16 133040 20 133564 20 134088 20 134612 20 135136 20 135664 12 136188 12 136712 12 137236 8 137760 8 138284 8
3c4c675825f7509877bc10497f498c9a2e3433bf922bd870914a2eb21a54fd26,50276 4 50800 4 51324 4 51844 13 52368 13 52892 13 53412 17 53936 17 54460 21 54984 21 55508 21 56032 21 56556 21 57080 21 57604 21 58128 21 58652 21 59176 21 59700 21 60224 17 60748 17 61272 17 61796 17 62320 17 62844 17 63368 17 63892 17 64420 8 64944 8 65468 8
3c4c675825f7509877bc10497f498c9a2e3433bf922bd870914a2eb21a54fd26,31940 9 32464 9 32988 9 33508 17 34032 17 34552 25 35076 25 35600 25 36124 25 36648 25 37172 25 37696 25 38220 25 38748 21 39272 21 39796 21 40320 21 40844 21 41368 21 41896 9 42420 9 42944 9
3c4c675825f7509877bc10497f498c9a2e3433bf922bd870914a2eb21a54fd26,100069 8 100593 8 101117 8 101641 8 102165 8 102689 8 103213 8 103737 8 104257 12 104781 12 105305 12 105829 12 106353 12 106877 12 107401 16 107925 16 108449 16 108973 12 109497 12 110021 12 110545 12 111069 12 111597 4 112121 4 112645 4
3c4c675825f7509877bc10497f498c9a2e3433bf922bd870914a2eb21a54fd26,43485 4 44009 4
3c4c675825f7509877bc10497f498c9a2e3433bf922bd870914a2eb21a54fd26,117369 4 117893 4 118417 4 118941 8 119465 8 119989 8 120513 8 121037 8 121561 8 122085 8 122609 8 123133 4 123657 4 124181 4
432f367a4c5b5674de2e2977744d10289a064e5704b21af6607b4975be47c580,1561 12 2081 12 2601 12 3121 12 3641 12 4161 12 4681 12 5201 12 5721 12 6241 12 6761 12 7281 12 7801 12 8321 12 8841 12 9361 12 9881 12 10401 12 10921 12 11441 12 11961 12 12481 12 13001 12 13521 12 14041 12 14561 12 15081 12 15601 12 16121 12 16641 12 17161 8 17681 8
432f367a4c5b5674de2e2977744d10289a064e5704b21af6607b4975be47c580,21 21 54 73 541 21 574 73 1061 21 1094 73 1581 25 1614 69 2101 25 2134 69 2625 21 2658 61 3145 21 3178 61 3665 21 3698 61 4185 25 4222 53 4705 25 4742 53 5225 25 5262 53 5745 25 5790 45 6265 25 6310 45 6785 25 6830 45 7305 25 7350 49 7825 25 7870 49 8345 25 8394 45 8865 25 8914 45 9385 25 9434 45 9909 21 9966 33 10429 21 10486 33 10949 21 11006 33 11465 33 11526 33 11985 33 12046 33 12501 41 12562 49 13021 41 13082 49 13541 41 13602 49 14061 57 14122 57 14581 57 14642 57 15101 57 15162 57 15621 118 16141 118 16661 118 17181 118 17701 118 18233 61 18311 28 18753 61 18831 28 19273 61 19351 28 19777 12 19798 56 19871 28 20297 12 20318 56 20391 28 20817 12 20838 56 20911 28 21333 90 21431 24 21853 90 21951 24 22373 90 22471 24 22889 33 22926 16 22962 25 22995 20 23409 33 23446 16 23482 25 23515 20 23929 33 23970 12 24006 25 24039 12 24449 33 24490 12 24526 25 24559 12 24969 33 25010 12 25046 25 25079 12 25489 37 25530 12 25566 25 25599 16 26009 37 26050 12 26086 25 26119 16 26529 37 26570 12 26606 25 26639 16 27049 37 27094 8 27130 49 27569 37 27614 8 27650 49 28085 41 28134 4 28170 49 28605 41 28654 4 28690 49 29125 41 29174 4 29210 49 29645 41 29730 49 30165 41 30250 49 30685 41 30770 49 31205 53 31290 21 31315 20 31725 53 31810 21 31835 20 32245 53 32330 21 32355 20 32761 61 32850 21 32879 16 33281 61 33370 21 33399 16 33805 12 33821 45 33890 21 34325 12 34341 45 34410 21 34845 12 34861 45 34930 21 35365 24 35393 33 35442 29 35475 24 35885 24 35913 33 35962 29 35995 24 36405 24 36433 33 36482 29 36515 24 36929 20 36953 33 37002 21 37031 32 37449 20 37473 33 37522 21 37551 32 37977 12 37993 29 38042 12 38071 32 38497 12 38513 29 38562 12 38591 32 39017 12 39033 29 39082 12 39111 32 39525 20 39553 29 39602 12 39631 32 40045 20 40073 29 40122 12 40151 32 40565 20 40593 29 40642 12 40671 32 41081 61 41162 21 41191 32 41601 61 41682 21 41711 32 42121 61 42202 21 42231 32 42641 69 42718 65 43161 69 43238 65 43681 73 43758 65 44201 73 44278 65 44721 73 44798 65 45241 73 45318 61 45761 73 45838 61 46281 73 46358 61 46801 20 46833 41 46878 61 47321 20 47353 41 47398 61 47845 16 47873 41 47918 57 48365 16 48393 41 48438 57 48885 16 48913 41 48958 57 49405 20 49433 41 49482 41 49925 20 49953 41 50002 41 50445 20 50473 41 50522 41 50969 37 51010 20 51046 37 51489 37 51530 20 51566 37 52009 37 52050 20 52086 37 52525 41 52570 20 52627 16 53045 41 53090 20 53147 16 53561 45 53614 28 53671 12 54081 45 54134 28 54191 12 54601 45 54654 28 54711 12 55121 45 55186 37 55231 12 55641 45 55706 37 55751 12 56161 45 56226 37 56271 12 56681 45 56746 57 57201 45 57266 57 57721 45 57782 61 58241 45 58302 61 58761 45 58822 61 59285 4 59297 33 59346 57 59805 4 59817 33 59866 57 60325 4 60337 33 60386 57 60857 37 60906 57 60975 16 61377 37 61426 57 61495 16 61897 37 61946 57 62015 16 62413 41 62466 57 62535 20 62933 41 62986 57 63055 20 63449 45 63510 53 63575 24 63969 45 64030 53 64095 24 64489 45 64550 53 64615 24 65009 41 65074 16 65099 20 65135 24 65529 41 65594 16 65619 20 65655 24 66049 41 66114 16 66139 20 66175 24 66569 41 66618 4 66695 24 67089 41 67138 4 67215 24 67605 28 67650 16 67735 24 68125 28 68170 16 68255 24 68645 28 68690 16 68775 24 69165 24 69214 12 69250 17 69295 24 69685 24 69734 12 69770 17 69815 24 70205 24 70254 12 70290 17 70335 24 70725 24 70778 4 70806 25 70859 20 71245 24 71298 4 71326 25 71379 20 71765 24 71818 4 71846 25 71899 20 72285 24 72366 29 72419 16 72805 24 72886 29 72939 16 73325 24 73362 20 73390 8 73402 37 73447 20 73845 24 73882 20 73910 8 73922 37 73967 20 74365 24 74402 20 74430 8 74442 37 74487 20 74881 28 74922 77 75003 28 75401 28 75442 77 75523 28 75921 28 75962 77 76043 28 76441 28 76482 113 76961 28 77002 113 77481 28 77522 113 78001 28 78042 113 78521 28 78562 113 79041 28 79082 117 79561 28 79602 117 80081 28 80122 117 80601 28 80638 52 80694 65 81121 28 81158 52 81214 65 81641 28 81678 52 81734 65 82161 28 82193 33 82234 12 82259 12 82279 36 82681 28 82713 33 82754 12 82779 12 82799 36 83201 28 83233 29 83323 32 83721 28 83753 29 83843 32 84241 28 84273 29 84363 32 84761 24 84789 33 84887 24 85281 24 85309 33 85407 24 85801 24 85829 33 85927 24 86321 24 86349 29 86841 24 86869 29 87361 24 87389 29 87889 8 87913 25 88409 8 88433 25 88953 25 89473 25 89993 25 90518 28 91038 28 91558 28 92082 28 92602 28 93122 32 93642 32 94162 32 94665 4 94682 32 95185 4 95202 32 95705 4 95722 32 96217 21 96246 28 96737 21 96766 28 97257 21 97286 28 97773 25 97806 28 98293 25 98326 28 98813 29 98850 24 99333 29 99370 24 99853 29 99890 24 100373 29 100414 32 100893 29 100934 32 101413 29 101454 32 101937 25 101982 28 102457 25 102502 28 102969 33 103018 32 103071 8 103099 4 103489 33 103538 32 103591 8 103619 4 104009 33 104058 32 104111 8 104139 4 104521 32 104578 32 104623 20 104651 20 105041 32 105098 32 105143 20 105171 20 105561 32 105618 32 105663 20 105691 20 106081 20 106138 32 106183 24 106211 24 106601 20 106658 32 106703 24 106731 24 107121 20 107178 32 107223 24 107251 24 107641 20 107694 36 107739 56 108161 20 108214 36 108259 56 108681 20 108726 109 109201 20 109246 109 109721 20 109766 109 110241 20 110286 109 110761 20 110806 109 111281 20 111326 109 111801 20 111846 109 112321 20 112366 109 112845 12 112869 4 112886 69 112963 32 113365 12 113389 4 113406 69 113483 32 113885 12 113909 4 113926 69 114003 32 114417 25 114446 28 114478 37 114527 28 114937 25 114966 28 114998 37 115047 28 115457 25 115486 28 115518 37 115567 28 115973 33 116010 61 116091 24 116493 33 116530 61 116611 24 117013 33 117050 61 117131 24 117521 45 117570 61 117663 4 118041 45 118090 61 118183 4 118561 49 118614 57 119081 49 119134 57 119601 49 119654 57 120121 45 120178 49 120641 45 120698 49 121161 45 121218 49 121681 45 121738 49 122201 45 122258 49 122721 45 122778 49 123241 45 123306 37 123761 45 123826 37 124281 45 124350 8 124801 45 124870 8 125321 45 125390 8 125841 16 125865 21 126361 16 126385 21 126881 16 126905 21 127405 4 127429 13 127925 4 127949 13 128441 8 128473 5 128961 8 128993 5 129481 8 129513 5 130001 12 130521 12 131041 12 131561 12 132081 12 132601 12 133121 12 133641 12 134161 12 134681 12 135201 12 135721 12 136241 12 136761 12 137281 16 137801 16 138321 16 138841 16 139361 16 139881 12 140401 12 140921 12 141441 12 141961 12 142481 12 143005 4 143525 4 144049 12 144569 12 145089 12 145605 20 146125 20 146645 20 147165 20 147685 20 148205 20 148725 20 149245 20 149765 16 150285 16 150805 16 151329 4 151849 4 152369 4
432f367a4c5b5674de2e2977744d10289a064e5704b21af6607b4975be47c580,159657 16 160177 16 160697 16 161217 29 161737 29 162257 29 162773 37 163293 37 163817 37 164337 37 164857 37 165385 29 165905 29 166425 29 166945 29 167465 29 167985 29 168505 29 169025 29 169533 41 170053 41 170573 41 171089 45 171609 45 172129 45 172649 16 172669 25 173169 16 173189 25 173685 20 173730 12 174205 20 174250 12 174725 20 174770 12 175245 24 175290 12 175765 24 175810 12 176285 24 176330 12 176805 24 176850 12 177325 24 177370 12 177845 24 177890 12 178365 28 178406 16 178885 28 178926 16 179405 24 179925 24 180445 24
432f367a4c5b5674de2e2977744d10289a064e5704b21af6607b4975be47c580,128514 8 129034 8 129554 8 130070 12 130590 12 131110 12 131602 12 131622 20 132122 12 132142 20 132642 12 132662 20 133158 40 133678 40 134198 48 134718 48 135238 48 135758 61 136278 61 136798 61 137318 65 137838 65 138362 61 138882 61 139402 61 139938 41 140458 41 140978 41 141498 41 142018 41 142538 41 143058 12 143082 8 143578 12 143602 8 144090 20 144610 20 145130 20 145638 36 146158 36 146678 36 147193 41 147713 41 148233 41 148753 41 149273 41 149793 41 150313 41 150833 41 151353 41 151873 41 152393 41 152922 24 153442 24
432f367a4c5b5674de2e2977744d10289a064e5704b21af6607b4975be47c580,149846 17 150366 17 150886 17 151402 25 151922 25 152442 25 152962 41 153482 41 154002 45 154522 45 155042 45 155562 49 156082 49 156602 49 157126 49 157646 49 158150 12 158174 41 158670 12 158694 41 159190 12 159214 41 159706 20 159739 36 160226 20 160259 36 160746 20 160779 36 161266 20 161299 36 161786 20 161819 36 162306 20 162339 36 162826 24 162859 32 163346 24 163379 32 163866 65 164386 65 164906 65 165430 57 165950 57 166470 57 166990 29 167510 29 168030 29 168554 25 169074 25
432f367a4c5b5674de2e2977744d10289a064e5704b21af6607b4975be47c580,87979 8 88027 17 88056 12 88499 8 88547 17 88576 12 89010 25 89067 21 89092 20 89530 25 89587 21 89612 20 90050 25 90107 21 90132 20 90570 25 90619 53 91090 25 91139 53 91610 25 91659 53 92126 33 92167 65 92646 33 92687 65 93166 33 93207 61 93686 33 93727 61 94206 33 94247 61 94722 37 94767 61 95242 37 95287 61 95762 37 95807 61 96286 37 96327 61 96806 37 96847 61 97326 37 97367 61 97846 106 98366 106 98915 16 98935 57 99435 16 99455 57 99955 16 99975 57 100479 8 100507 45 100999 8 101027 45 101519 8 101547 45 102071 37 102591 37 103115 29 103635 29 104155 29 104679 17 105199 17 105719 17 106248 4 106768 4 107288 4 107808 8 108328 8 108848 8 109368 8 109888 8
432f367a4c5b5674de2e2977744d10289a064e5704b21af6607b4975be47c580,120239 12 120759 12 121279 12 121799 12 122319 12 122839 12 123363 8 123883 8 124395 12 124915 12 125435 12 125943 24 126463 24 126983 24 127499 32 128019 32 128539 32 129059 32 129579 32 130094 37 130614 37 131134 37 131659 28 132179 28 132699 28 133219 28 133739 28 134263 16 134783 16 135303 16
432f367a4c5b5674de2e2977744d10289a064e5704b21af6607b4975be47c580,171187 12 171707 12 172227 12 172743 20 173263 20 173779 24 174299 24 174819 24 175339 28 175859 28 176379 28 176899 28 177419 28 177939 28 178459 24 178979 24 179499 20 180019 20 180539 20
432f367a4c5b5674de2e2977744d10289a064e5704b21af6607b4975be47c580,84964 12 85484 12 86004 12 86516 24 86577 12 87036 24 87097 12 87556 24 87617 12 88076 28 88129 24 88596 28 88649 24 89116 28 89161 36 89636 28 89681 36 90156 28 90201 36 90676 28 90721 36 91196 28 91241 36 91716 28 91761 36 92236 28 92277 40 92756 28 92797 40 93276 28 93317 40 93796 28 93837 40 94316 28 94357 40 94840 24 94877 40 95360 24 95397 40 95880 24 95917 40 96404 69 96924 69 97444 69 97972 45 98492 45 99012 41 99065 12 99532 41 99585 12 100052 41 100105 12 100568 33 100621 20 101088 33 101141 20 101608 33 101661 20 102132 25 102177 28 102652 25 102697 28 103160 4 103172 25 103221 28 103680 4 103692 25 103741 28 104200 4 104212 25 104261 28 104712 20 104736 21 104781 28 105232 20 105256 21 105301 28 105752 20 105776 21 105821 28 106272 20 106333 41 106792 20 106853 41 107312 20 107373 41 107828 24 107889 45 108348 24 108409 45 108868 24 108925 44 109388 24 109445 44 109908 24 109965 44 110428 20 110485 36 110948 20 111005 36 111468 20 111525 36 111988 20 112045 32 112508 20 112565 32 113028 24 113089 28 113548 24 113609 28 114068 24 114129 28 114588 24 114649 28 115108 24 115169 28 115628 24 115689 28 116136 12 116152 20 116213 20 116656 12 116672 20 116733 20 117176 12 117192 20 117253 20 117688 24 117716 12 117769 24 118208 24 118236 12 118289 24 118728 24 118805 32 119248 24 119325 32 119768 24 119845 32 120288 24 120324 8 120365 32 120808 24 120844 8 120885 32 121328 24 121364 8 121405 32 121848 24 121876 28 121925 32 122368 24 122396 28 122445 32 122888 24 122916 28 122965 32 123379 12 123408 56 123485 32 123899 12 123928 56 124005 32 124415 20 124452 12 124472 37 124525 32 124935 20 124972 12 124992 37 125045 32 125455 20 125492 12 125512 37 125565 32 125975 41 126032 32 126089 28 126495 41 126552 32 126609 28 127015 41 127072 32 127129 28 127535 45 127592 32 127653 28 128055 45 128112 32 128173 28 128575 49 128636 20 128693 28 129095 49 129156 20 129213 28 129615 49 129676 20 129733 28 130135 49 130253 28 130655 49 130773 28 131175 49 131293 28 131699 41 131813 28 132219 41 132333 28 132739 41 132853 28 133259 37 133332 12 133377 24 133779 37 133852 12 133897 24 134307 25 134368 25 134417 20 134827 25 134888 25 134937 20 135347 25 135408 25 135457 20 135875 17 135904 12 135928 29 135965 8 135981 12 136395 17 136424 12 136448 29 136485 8 136501 12 136915 17 136944 12 136968 29 137005 8 137021 12 137431 21 137456 24 137484 57 137951 21 137976 24 138004 57 138471 114 138991 114 139511 114 140003 12 140027 118 140523 12 140547 118 141043 12 141067 118 141563 12 141583 33 141620 85 142083 12 142103 33 142140 85 142603 12 142623 33 142660 85 143119 16 143143 29 143180 28 143212 57 143639 16 143663 29 143700 28 143732 57 144159 53 144220 28 144252 61 144679 53 144740 28 144772 61 145199 53 145260 28 145292 61 145715 24 145743 29 145784 24 145816 17 145841 36 146235 24 146263 29 146304 24 146336 17 146361 36 146755 24 146783 29 146824 24 146856 17 146881 36 147275 24 147303 25 147348 16 147380 9 147401 36 147795 24 147823 25 147868 16 147900 9 147921 36 148319 20 148445 32 148839 20 148965 32 149359 20 149485 32 149883 12 150005 28 150403 12 150525 28 150923 12 151045 28 151565 28 152085 28 152605 28 153129 20 153649 20
432f367a4c5b5674de2e2977744d10289a064e5704b21af6607b4975be47c580,135 29 655 29 1175 29 1695 29 2215 29 2735 29 3255 29 3775 29 4299 20 4819 20 5339 20
432f367a4c5b5674de2e2977744d10289a064e5704b21af6607b4975be47c580,163947 17 164467 17 164987 17 165503 25 166023 25 166543 25 167059 33 167579 33 168099 33 168619 33 169139 33 169659 33 170179 33 170699 33 171219 33 171739 33 172259 33 172775 41 173295 41 173815 45 174335 45 174855 45 175375 49 175895 49 176415 49 176935 49 177455 49 177975 49 178495 45 179015 45 179539 8 179559 21 180059 8 180079 21 180579 8 180599 21
432f367a4c5b5674de2e2977744d10289a064e5704b21af6607b4975be47c580,212 21 342 17 363 28 732 21 862 17 883 28 1252 21 1382 17 1403 28 1768 29 1898 53 2288 29 2418 53 2808 29 2938 53 3328 29 3458 53 3848 29 3978 53 4368 29 4498 53 4888 29 5018 53 5408 29 5538 53 5928 29 6054 57 6448 29 6574 57 6968 29 7094 57 7444 32 7488 25 7614 57 7964 32 8008 25 8134 57 8479 41 8532 17 8654 57 8999 41 9052 17 9174 57 9519 41 9572 17 9694 57 10039 57 10214 25 10255 8 10559 57 10734 25 10775 8 11079 57 11254 25 11295 8 11595 65 11774 25 12115 65 12294 25 12635 65 12814 25 12867 12 13155 65 13334 25 13387 12 13675 65 13854 25 13907 12 14195 69 14374 20 14423 20 14715 69 14894 20 14943 20 15235 69 15414 20 15463 20 15755 65 15926 24 15963 8 15983 20 16275 65 16446 24 16483 8 16503 20 16795 65 16966 24 17003 8 17023 20 17315 65 17486 49 17543 24 17835 65 18006 49 18063 24 18355 37 18400 20 18526 49 18579 28 18875 37 18920 20 19046 49 19099 28 19395 37 19440 20 19566 49 19619 28 19915 37 19956 24 20086 81 20435 37 20476 24 20606 81 20955 37 20996 24 21126 81 21479 29 21516 28 21646 81 21999 29 22036 28 22166 81 22519 29 22556 28 22686 81 23076 28 23210 77 23596 28 23730 77 24116 37 24226 24 24254 69 24636 37 24746 24 24774 69 25156 37 25266 24 25294 69 25635 37 25676 45 25769 9 25786 24 25822 53 26155 37 26196 45 26289 9 26306 24 26342 53 26675 37 26716 45 26809 9 26826 24 26862 53 27191 49 27252 33 27301 16 27329 45 27382 53 27711 49 27772 33 27821 16 27849 45 27902 53 28235 45 28292 33 28337 24 28365 49 28418 57 28755 45 28812 33 28857 24 28885 49 28938 57 29275 45 29332 33 29377 24 29405 49 29458 57 29808 32 29852 33 29897 77 29978 57 30328 32 30372 33 30417 77 30498 57 30848 32 30892 33 30937 77 31018 57 31368 32 31408 37 31453 81 31538 57 31888 32 31928 37 31973 81 32058 57 32408 32 32448 37 32493 81 32578 57 32932 28 32964 41 33013 61 33082 8 33098 57 33452 28 33484 41 33533 61 33602 8 33618 57 33972 69 34053 61 34142 25 34179 12 34492 69 34573 61 34662 25 34699 12 35012 69 35093 61 35182 25 35219 12 35532 52 35617 57 35702 21 36052 52 36137 57 36222 21 36572 52 36657 57 36742 21 37092 52 37185 49 37266 13 37612 52 37705 49 37786 13 38119 9 38132 52 38229 41 38639 9 38652 52 38749 41 39159 9 39172 52 39269 41 39675 17 39696 53 39789 25 40195 17 40216 53 40309 25 40715 17 40736 53 40829 25 41235 74 41313 16 41349 25 41755 74 41833 16 41869 25 42275 74 42353 16 42389 25 42795 98 42905 24 43315 98 43425 24 43835 98 43945 16 44355 98 44465 16 44875 98 44985 16 45399 45 45448 45 45509 4 45919 45 45968 45 46029 4 46439 45 46488 45 46549 4 46968 32 47012 61 47488 32 47532 61 48008 32 48052 65 48121 17 48528 32 48572 65 48641 17 49048 32 49092 65 49161 17 49564 36 49608 25 49637 61 50084 36 50128 25 50157 61 50604 36 50648 25 50677 61 51124 36 51164 25 51209 49 51644 36 51684 25 51729 49 52164 36 52204 25 52249 49 52679 70 52769 49 53199 70 53289 49 53715 41 53760 29 53809 49 54235 41 54280 29 54329 49 54755 41 54800 29 54849 49 55267 49 55320 29 55369 49 55787 49 55840 29 55889 49 56307 49 56360 29 56409 49 56827 8 56848 28 56880 29 56925 49 57347 8 57368 28 57400 29 57445 49 57867 8 57904 12 57920 33 57961 48 58387 8 58424 12 58440 33 58481 48 58907 8 58944 12 58960 33 59001 48 59484 25 59521 44 60004 25 60041 44 60524 25 60561 44 61048 21 61077 52 61568 21 61597 52 62088 21 62117 52 62616 8 62637 57 63136 8 63157 57 63681 53 64201 53 64721 53 65241 53 65761 53 66281 53 66825 29 67345 29 67873 16 68393 16 68913 16
432f367a4c5b5674de2e2977744d10289a064e5704b21af6607b4975be47c580,61012 8 61532 8 62052 8 62568 16 63088 16 63608 20 64128 20 64648 20 65168 20 65688 20 66208 20 66728 20 67248 20 67768 20 68288 20 68808 20 69328 24 69360 12 69848 24 69880 12 70368 24 70400 12 70892 20 70916 20 71412 20 71436 20 71932 20 71956 20 72452 16 72472 24 72972 16 72992 24 73496 8 73512 24 74016 8 74032 24 74536 8 74552 24 75048 16 75072 24 75568 16 75592 24 76088 16 76112 24 76604 20 76632 20 77124 20 77152 20 77644 20 77672 20 78164 20 78196 16 78684 20 78716 16 79204 20 79724 20 80244 20 80764 20 81284 20 81804 20 82328 12 82848 12
432f367a4c5b5674de2e2977744d10289a064e5704b21af6607b4975be47c580,180 4 700 4 1220 4 1740 4 2260 4
432f367a4c5b5674de2e2977744d10289a064e5704b21af6607b4975be47c580,162956 8 163476 8 163992 16 164512 16 165032 16 165548 24 166068 24 166588 24 167108 24 167628 24 168148 24 168668 28 169188 28 169708 28 170228 28 170748 28 171268 28 171788 28 172308 28 172828 24 173348 24 173872 16 174392 16 174912 16
432f367a4c5b5674de2e2977744d10289a064e5704b21af6607b4975be47c580,151512 20 152032 20 152552 20 153072 24 153592 24 154112 28 154632 28 155152 28 155672 37 155725 20 156192 37 156245 20 156712 37 156765 20 157232 77 157752 77 158272 81 158792 81 159312 81 159836 77 160356 77 160876 77 161408 65 161928 65 162448 65 162972 57 163492 57 164020 45 164540 45 165060 45 165584 17 166104 17 166624 17
432f367a4c5b5674de2e2977744d10289a064e5704b21af6607b4975be47c580,171321 16 171841 16 172361 16 172877 24 173397 24 173913 28 174433 28 174953 28 175473 28 175993 28 176513 28 177033 28 177553 28 178073 28 178593 28 179113 28 179637 24 180157 24 180677 24
432f367a4c5b5674de2e2977744d10289a064e5704b21af6607b4975be47c580,245 8 277 25 318 12 765 8 797 25 838 12 1285 8 1317 25 1358 12 1801 16 1837 25 1878 16 2321 16 2357 25 2398 16 2841 16 2877 53 3361 16 3397 53 3881 16 3917 53 4401 20 4437 49 4921 20 4957 49 5441 20 5477 49 5961 85 6481 85 7001 85 7521 44 7578 32 8041 44 8098 32 8565 40 8618 32 9085 40 9138 32 9605 40 9658 32 10137 28 10178 28 10657 28 10698 28 11177 28 11218 28 11697 28 11742 24 12217 28 12262 24 12737 24 12786 16 13257 24 13306 16 13777 24 13826 16 14297 20 14334 20 14817 20 14854 20 15337 20 15374 20 15853 61 16373 61 16893 61 17413 61 17933 61 18449 65 18969 65 19489 65 20009 65 20529 65 21049 65 21569 61 22089 61 22609 61 23133 20 23161 17 23653 20 23681 17
432f367a4c5b5674de2e2977744d10289a064e5704b21af6607b4975be47c580,70969 16 70997 17 71489 16 71517 17 72009 16 72037 17 72529 20 72553 25 73049 20 73073 25 73569 53 74089 53 74609 53 75129 53 75649 53 76169 53 76689 49 77209 49 77729 49 78249 45 78769 45 79289 24 79317 8 79809 24 79837 8 80329 24 80357 8 80857 12 81377 12 81897 12
432f367a4c5b5674de2e2977744d10289a064e5704b21af6607b4975be47c580,148485 13 149005 13 149525 13 150041 25 150561 25 151081 25 151601 29 152121 29 152641 29 153157 33 153677 33 154197 37 154717 37 155237 37 155761 29 156281 29 156801 29 157321 29 157841 29 158369 13 158889 13 159409 13 159934 8 160454 8 160974 8 161489 17 162009 17 162529 17 163045 21 163565 21 164081 25 164601 25 165121 25 165641 25 166161 25 166681 25 167197 29 167717 29 168237 29 168753 33 169273 33 169793 33 170313 33 170833 33 171349 33 171869 33 172389 33 172913 29 173433 29 173953 25 174473 25 174993 25 175513 16 176033 16 176553 16 177073 25 177593 25 178113 25 178629 29 179149 29 179669 29 180189 29 180709 29
432f367a4c5b5674de2e2977744d10289a064e5704b21af6607b4975be47c580,124606 16 125126 16 125646 16 126162 24 126682 24 127202 24 127718 28 128238 28 128754 32 129274 32 129794 32 130314 32 130359 20 130834 32 130879 20 131354 32 131399 20 131874 32 131914 29 132394 32 132434 29 132914 32 132954 29 133434 32 133470 45 133954 32 133990 45 134474 28 134510 49 134994 28 135030 49 135514 28 135550 49 136034 24 136070 53 136554 24 136590 53 137074 24 137110 53 137565 13 137590 24 137630 53 138085 13 138110 24 138150 53 138601 53 138662 29 138695 28 139121 53 139182 29 139215 28 139641 53 139702 29 139735 28 140161 90 140259 24 140681 90 140779 24 141201 90 141299 24 141721 94 141823 20 142241 94 142343 20 142761 94 142863 20 143281 17 143306 69 143383 41 143801 17 143826 69 143903 41 144350 65 144427 41 144870 65 144947 41 145390 65 145467 41 145914 57 145987 41 146434 57 146507 41 146954 57 147027 41 147490 37 147547 41 148010 37 148067 41 148530 29 148583 45 149050 29 149103 45 149570 29 149623 45 150090 29 150135 53 150610 29 150655 53 151130 29 151175 53 151654 20 151687 44 152174 20 152207 44 152694 20 152727 44 153222 4 153243 48 153742 4 153763 48 154283 52 154803 52 155323 52 155826 13 155843 52 156346 13 156363 52 156866 13 156883 52 157382 73 157902 73 158422 69 158942 69 159462 69 159986 65 160506 65 161026 65 161546 41 161599 8 162066 41 162119 8 162586 41 162639 8 163106 41 163626 41 164146 37 164666 37 165186 37 165706 33 166226 33 166746 33 167270 29 167311 12 167790 29 167831 12 168310 29 168351 12 168830 57 169350 57 169862 65 170382 65 170902 65 171418 69 171938 69 172458 69 172974 69 173494 69 174010 69 174530 69 175050 69 175570 33 175619 16 176090 33 176139 16 176610 33 176659 16 177130 33 177650 33 178170 33 178690 29 179210 29 179738 16 180258 16 180778 16
432f367a4c5b5674de2e2977744d10289a064e5704b21af6607b4975be47c580,30092 20 30612 20 31132 20 31648 28 32168 28 32688 28 33204 36 33724 36 34203 4 34244 36 34723 4 34764 36 35243 4 35284 36 35755 20 35804 40 36275 20 36324 40 36795 20 36844 40 37315 24 37364 36 37835 24 37884 36 38355 24 38408 32 38875 24 38928 32 39395 24 39448 32 39911 28 39972 28 40431 28 40492 28 40951 28 41012 28 41471 28 41532 28 41589 12 41991 28 42052 28 42109 12 42511 28 42572 28 42629 12 43031 24 43064 20 43088 32 43149 12 43551 24 43584 20 43608 32 43669 12 44071 24 44104 56 44185 16 44591 24 44624 56 44705 16 45111 24 45144 56 45225 16 45631 24 45659 61 45745 16 46151 24 46179 61 46265 16 46671 24 46699 61 46785 16 47191 20 47215 65 47305 16 47711 20 47735 65 47825 16 48235 16 48255 65 48345 16 48755 16 48775 65 48865 16 49275 16 49295 65 49385 16 49767 20 49799 8 49815 65 49905 16 50287 20 50319 8 50335 65 50425 16 50807 20 50839 8 50855 65 50945 16 51327 24 51375 65 51465 16 51847 24 51895 65 51985 16 52367 24 52415 65 52505 16 52887 24 52935 37 52992 12 53025 16 53407 24 53455 37 53512 12 53545 16 53923 28 53963 49 54028 21 54065 16 54443 28 54483 49 54548 21 54585 16 54963 28 55003 49 55068 21 55105 16 55474 102 55584 25 55625 16 55994 102 56104 25 56145 16 56514 102 56624 25 56665 16 57030 106 57140 33 57185 16 57550 106 57660 33 57705 16 58070 37 58115 61 58180 33 58221 20 58590 37 58635 61 58700 33 58741 20 59110 37 59155 61 59220 33 59261 20 59630 33 59675 61 59740 61 60150 33 60195 61 60260 61 60670 33 60715 61 60780 61 61170 4 61190 29 61235 61 61304 57 61690 4 61710 29 61755 61 61824 57 62210 4 62230 29 62275 61 62344 57 62726 8 62754 25 62799 57 62860 61 63246 8 63274 25 63319 57 63380 61 63762 12 63799 24 63839 29 63876 16 63900 61 64282 12 64319 24 64359 29 64396 16 64420 61 64802 12 64839 24 64879 29 64916 16 64940 61 65306 20 65359 69 65456 65 65826 20 65879 69 65976 65 66346 20 66399 69 66496 65 66862 24 66923 65 67016 65 67382 24 67443 65 67536 65 67902 24 67963 61 68056 49 68422 24 68483 61 68576 49 68942 24 69003 61 69096 49 69462 28 69519 56 69584 12 69616 49 69982 28 70039 56 70104 12 70136 49 70502 28 70559 56 70624 12 70656 49 71026 32 71079 89 71180 45 71546 32 71599 89 71700 45 72066 32 72119 89 72220 45 72590 28 72639 93 72744 41 73110 28 73159 93 73264 41 73630 32 73679 24 73711 61 73796 29 74150 32 74199 24 74231 61 74316 29 74670 32 74719 24 74751 61 74836 29 75186 36 75239 20 75275 61 75360 21 75706 36 75759 20 75795 61 75880 21 76226 36 76279 20 76315 61 76400 21 76746 36 76803 12 76839 57 76929 32 77266 36 77323 12 77359 57 77449 32 77786 36 77843 12 77879 57 77969 32 78306 36 78419 33 78464 12 78484 37 78826 36 78939 33 78984 12 79004 37 79350 32 79468 24 79500 61 79870 32 79988 24 80020 61 80390 32 80508 24 80540 61 80914 57 81032 16 81056 65 81434 57 81552 16 81576 65 81954 57 82072 16 82096 65 82474 61 82559 4 82612 69 82994 61 83079 4 83132 69 83522 57 83591 20 83652 69 84042 57 84111 20 84172 69 84562 57 84631 20 84692 69 85082 57 85147 28 85208 69 85602 57 85667 28 85728 69 86122 57 86187 28 86248 69 86638 61 86707 28 86768 28 86804 25 87158 61 87227 28 87288 28 87324 25 87678 61 87747 28 87808 28 87844 25 88198 32 88239 20 88267 28 88332 20 88364 21 88718 32 88759 20 88787 28 88852 20 88884 21 89238 28 89279 20 89307 28 89400 13 89758 28 89799 20 89827 28 89920 13 90278 28 90319 20 90347 28 90440 13 90774 16 90798 28 90834 25 90867 24 90952 25 91294 16 91318 28 91354 25 91387 24 91472 25 91814 16 91838 28 91874 25 91907 24 91992 25 92329 25 92358 28 92390 25 92427 24 92508 37 92849 25 92878 28 92910 25 92947 24 93028 37 93369 25 93398 24 93430 25 93467 24 93548 41 93889 25 93918 24 93950 25 93987 24 94068 41 94409 25 94438 24 94470 25 94507 24 94588 41 94929 25 94962 20 94990 25 95027 28 95080 16 95108 41 95449 25 95482 20 95510 25 95547 28 95600 16 95628 41 95969 25 96002 20 96030 25 96067 28 96120 16 96148 41 96489 25 96522 20 96550 25 96587 28 96640 20 96668 41 97009 25 97042 20 97070 25 97107 28 97160 20 97188 41 97529 25 97562 20 97590 25 97627 28 97680 20 97708 41 98049 25 98090 4 98110 21 98143 32 98196 24 98228 41 98569 25 98610 4 98630 21 98663 32 98716 24 98748 41 99089 33 99134 4 99154 65 99236 28 99268 41 99609 33 99654 4 99674 65 99756 28 99788 41 100129 33 100174 4 100194 65 100276 28 100308 41 100649 57 100723 52 100796 69 101169 57 101243 52 101316 69 101689 57 101763 52 101836 69 102226 44 102283 52 102356 65 102746 44 102803 52 102876 65 103266 44 103323 56 103396 65 103786 44 103843 56 103916 65 104306 44 104363 56 104436 65 104826 44 104883 61 104956 40 105004 21 105346 44 105403 61 105476 40 105524 21 105866 44 105923 61 105996 40 106044 21 106382 48 106443 61 106516 36 106564 21 106902 48 106963 61 107036 36 107084 21 107422 48 107483 61 107556 36 107604 21 107938 52 108007 57 108084 20 108120 25 108458 52 108527 57 108604 20 108640 25 108982 8 109010 16 109034 13 109051 20 109079 25 109128 16 109164 21 109189 12 109502 8 109530 16 109554 13 109571 20 109599 25 109648 16 109684 21 109709 12 110022 8 110050 16 110074 13 110091 20 110119 25 110168 16 110204 21 110229 12 110542 12 110578 4 110590 21 110639 29 110724 37 111062 12 111098 4 111110 21 111159 29 111244 37 111582 12 111618 4 111630 21 111679 29 111764 37 112106 16 112150 25 112199 29 112289 32 112626 16 112670 25 112719 29 112809 32 113142 32 113190 29 113239 29 113329 32 113662 32 113710 29 113759 29 113849 32 114182 32 114230 29 114279 29 114369 32 114694 40 114750 29 114803 25 114856 8 114884 37 115214 40 115270 29 115323 25 115376 8 115404 37 115734 40 115790 29 115843 25 115896 8 115924 37 116254 40 116310 29 116363 29 116420 4 116440 41 116774 40 116830 29 116883 29 116940 4 116960 41 117294 40 117350 29 117403 29 117460 4 117480 41 117809 45 117874 25 117923 33 117980 61 118329 45 118394 25 118443 33 118500 61 118849 17 118874 12 118914 25 118951 53 119020 61 119369 17 119394 12 119434 25 119471 53 119540 61 119889 17 119914 12 119954 25 119991 53 120060 61 120479 16 120507 61 120580 57 120999 16 121027 61 121100 57 121519 16 121547 61 121620 57 122043 8 122063 65 122136 49 122563 8 122583 65 122656 49 123083 8 123103 65 123176 49 123599 16 123623 45 123676 69 124119 16 124143 45 124196 69 124639 16 124663 41 124724 61 125159 16 125183 41 125244 61 125679 16 125703 41 125764 61 126199 16 126223 36 126284 32 126329 12 126719 16 126743 36 126804 32 126849 12 127239 16 127263 36 127324 32 127369 12 127783 36 127848 16 127889 16 127909 12 128303 36 128368 16 128409 16 128429 12 128827 32 128884 20 128924 37 129347 32 129404 20 129444 37 129867 32 129924 20 129964 37 130407 21 130444 24 130484 37 130927 21 130964 24 131004 37 131447 21 131484 24 131524 37 131967 25 132000 32 132044 37 132487 25 132520 32 132564 37 133007 25 133040 32 133084 37 133527 25 133560 81 134047 25 134080 81 134567 25 134596 85 135087 25 135116 85 135607 25 135636 85 136127 25 136156 85 136647 25 136676 85 137167 25 137196 85 137691 17 137716 85 138211 17 138236 85 138756 85 139276 85 139796 85 140320 28 140352 29 140840 28 140872 29 141360 28 141392 29 141884 16 141916 25 142404 16 142436 25 142924 16 142956 25 143476 29 143996 29 144520 29 145040 29 145560 29 146076 41 146596 41 147116 41 147636 45 148156 45 148676 45 149196 45 149716 45 150220 8 150240 41 150740 8 150760 41 151260 8 151280 41 151772 24 151800 41 152292 24 152320 41 152812 24 152840 41 153328 32 153364 37 153848 32 153884 37 154368 32 154417 24 154888 32 154937 24 155408 32 155457 24 155928 36 155977 24 156448 36 156497 24 156968 36 157017 24 157488 36 157541 20 158008 36 158061 20 158528 36 158585 12 159048 36 159105 12 159568 36 159625 12 160088 36 160608 36 161128 36 161648 32 162168 32 162688 32 163208 32 163728 32 164248 32 164768 32 165288 32 165812 24 166332 24 166852 24 167384 4 167904 4 168424 4
432f367a4c5b5674de2e2977744d10289a064e5704b21af6607b4975be47c580,41390 12 41910 12 42430 12 42946 20 43466 20 43982 32 44502 32 45022 32 45542 32 46062 32 46582 32 47102 36 47622 36 48146 32 48666 32 49186 32 49710 28 50230 28 50750 28 51270 28 51790 28 52310 28 52834 20 53354 20 53878 16 54398 16 54918 16 55442 8 55962 8 56482 8
432f367a4c5b5674de2e2977744d10289a064e5704b21af6607b4975be47c580,161518 16 162038 16 162558 16 163074 24 163594 24 164114 24 164634 24 165154 24 165674 24 166194 24 166714 24 167234 24 167754 24 168274 24 168794 24 169314 24 169834 20 170354 20 170874 20 171398 8 171918 8 172438 8
432f367a4c5b5674de2e2977744d10289a064e5704b21af6607b4975be47c580,178674 12 179194 12 179714 12 180234 12 180754 12
432f367a4c5b5674de2e2977744d10289a064e5704b21af6607b4975be47c580,37287 16 37807 16 38323 20 38843 20 39363 20 39883 24 40403 24 40923 24 41443 24 41963 24 42483 24 43003 24 43523 24 44043 20 44563 20 45083 20 45607 12 46127 12 46647 12
432f367a4c5b5674de2e2977744d10289a064e5704b21af6607b4975be47c580,25887 12 26407 12 26927 12 27447 17 27967 17 28483 21 29003 21 29523 21 30047 12 30567 12 31087 12
432f367a4c5b5674de2e2977744d10289a064e5704b21af6607b4975be47c580,407 29 448 69 927 29 968 69 1447 29 1488 69 1967 114 2487 114 3011 110 3531 110 4051 110 4584 4 4592 73 4673 8 5104 4 5112 73 5193 8 5624 4 5632 73 5713 8 6156 16 6192 21 6676 16 6712 21 7196 16 7232 21 7716 16 8236 16 8760 12 9280 12 9800 12
432f367a4c5b5674de2e2977744d10289a064e5704b21af6607b4975be47c580,167335 17 167855 17 168375 17 168891 25 169411 25 169931 25 170451 25 170971 25 171491 29 172011 29 172531 29 173051 29 173571 29 174091 25 174611 25 175131 25 175651 25 176171 25 176691 25 177215 17 177735 17 178255 17
432f367a4c5b5674de2e2977744d10289a064e5704b21af6607b4975be47c580,11864 8 12384 8 12899 17 13419 17 13939 17 14459 21 14979 21 15499 21 16015 25 16535 25 17055 25 17575 25 18095 25 18615 25 19135 25 19655 25 20175 25 20695 25 21215 25 21735 25 22255 25 22775 25 23299 17 23819 17
432f367a4c5b5674de2e2977744d10289a064e5704b21af6607b4975be47c580,11896 16 12416 16 12932 24 13452 24 13972 24 14488 28 15008 28 15528 28 16048 32 16568 32 17088 32 17608 32 18128 32 18648 28 19168 28 19688 28 20208 28 20728 28 21248 28 21768 24 22288 24 22808 24 23328 20 23848 20 24368 16 24888 16 25408 16
432f367a4c5b5674de2e2977744d10289a064e5704b21af6607b4975be47c580,169980 12 170500 12 171020 12 171532 24 172052 24 172572 24 173092 24 173612 24 174132 24 174652 24 175172 24 175692 24 176212 24 176732 24 177252 20 177772 20 178292 20 178812 16 179332 16
432f367a4c5b5674de2e2977744d10289a064e5704b21af6607b4975be47c580,27537 16 28057 16 28573 24 29093 24 29613 24 30129 32 30649 32 31169 32 31689 32 32209 32 32729 32 33249 28 33769 28 34289 28 34809 28 35329 28 35849 24 36369 24 36889 24 37413 16 37933 16
432f367a4c5b5674de2e2977744d10289a064e5704b21af6607b4975be47c580,164293 16 164813 16 165333 16 165849 24 166369 24 166889 24 167409 24 167929 24 168449 24 168969 24 169489 24 170009 24 170529 24 171049 24 171573 20 172093 20 172613 20 173133 16 173653 16
432f367a4c5b5674de2e2977744d10289a064e5704b21af6607b4975be47c580,177309 4 177829 4 178349 4 178861 20 179381 20 179901 20 180421 20 180941 20
432f367a4c5b5674de2e2977744d10289a064e5704b21af6607b4975be47c580,10393 8 10913 8 11433 8 11949 12 12469 12 12989 12 13509 12 14029 12 14549 12 15069 12 15589 12 16109 12 16629 12 17149 12 17669 12 18189 12 18713 8 19233 8 19753 8
43a71aeb641faa18742cb826772a8566c6c947d7050f9ab15459de6cc2b3b6af,846 8 1106 8 1364 12 1624 12 1884 12 2140 16 2400 16 2660 16 2918 18 3178 18 3438 18 3696 20 3956 20 4214 22 4474 22 4734 22 4994 22 5254 22 5514 22 5774 22 6034 22 6296 20 6556 20 6816 20 7078 18 7338 18 7598 18 7846 12 7862 14 8106 12 8122 14 8366 12 8382 14 8624 16 8644 12 8884 16 8904 12 9144 16 9168 6 9404 16 9428 6 9664 16 9688 6 9924 16 10184 16 10444 16 10706 12 10966 12 11238 16 11498 16 11758 16 12016 22 12276 22 12536 22 12796 22 13056 22 13316 22 13576 22 13836 22 14098 20 14358 20 14618 20 14876 20 15136 20 15396 20 15654 14 15670 22 15914 14 15930 22 16172 16 16192 20 16432 16 16452 20 16692 16 16712 20 16952 14 16972 22 17212 14 17232 22 17472 14 17492 22 17732 14 17754 20 17992 14 18014 20 18250 14 18272 22 18510 14 18532 22 18770 14 18792 22 19026 14 19054 18 19286 14 19314 18 19546 14 19574 18 19761 6 19804 28 19840 12 20021 6 20064 28 20100 12 20281 6 20324 28 20360 12 20541 16 20584 28 20801 16 20844 28 21061 16 21098 4 21104 30 21321 16 21358 4 21364 30 21581 16 21618 4 21624 30 21843 14 21876 38 22103 14 22136 38 22363 14 22396 38 22623 14 22656 8 22668 8 22682 12 22883 14 22916 8 22928 8 22942 12 23143 14 23173 13 23204 6 23403 14 23433 13 23464 6 23663 14 23693 13 23724 6 23923 16 23941 33 24183 16 24201 33 24443 16 24461 33 24705 51 24758 6 24965 51 25018 6 25225 51 25278 6 25481 61 25741 61 26001 57 26261 57 26521 57 26781 22 26824 14 27041 22 27084 14 27301 22 27344 14 27561 14 27600 16 27821 14 27860 16 28083 10 28113 21 28343 10 28373 21 28603 10 28633 21 28865 10 28889 23 29125 10 29149 23 29385 10 29409 23 29645 14 29663 25 29905 14 29923 25 30165 14 30183 25 30423 33 30683 33 30941 10 30953 18 31201 10 31213 18 31461 10 31473 18 31721 8 31731 18 31981 8 31991 18 32241 8 32251 18 32501 6 32511 16 32761 6 32771 16 33023 2 33033 8 33283 2 33293 8 33543 2 33553 8
43a71aeb641faa18742cb826772a8566c6c947d7050f9ab15459de6cc2b3b6af,34583 4 34843 4 35103 4 35361 8 35621 8 35881 10 36141 10 36401 10 36661 12 36921 12 37181 12 37441 12 37701 12 37961 10 38221 10 38481 10
43a71aeb641faa18742cb826772a8566c6c947d7050f9ab15459de6cc2b3b6af,42383 2 42643 2 42901 6 43161 6 43421 6 43681 6 43941 6 44201 6 44461 8 44721 8 44981 8 45241 8 45501 8 45761 8 46021 8 46281 8 46541 8 46801 8 47061 8 47321 10 47581 10 47841 12 48101 12 48361 12 48621 12 48881 12 49141 12 49401 10 49661 10 49921 8 50181 8 50441 8 50701 6 50961 6 51221 6 51481 6 51741 6 52001 6 52261 6 52521 6 52781 6 53041 6 53301 6 53561 4 53821 4 54081 4
43a71aeb641faa18742cb826772a8566c6c947d7050f9ab15459de6cc2b3b6af,54875 8 55135 8 55395 8 55653 10 55913 10 56173 10 56431 12 56691 12 56951 12 57211 12 57471 12 57731 16 57991 16 58251 16 58511 20 58771 20 59031 20 59291 20 59551 20 59811 20 60071 20 60331 20 60591 20 60851 20 61111 20 61371 18 61414 14 61631 18 61674 14 61891 18 61934 14 62153 16 62190 22 62413 16 62450 22 62671 18 62710 22 62931 18 62970 22 63191 18 63230 22 63443 2 63447 22 63490 24 63703 2 63707 22 63750 24 63963 2 63967 22 64010 24 64221 28 64270 24 64481 28 64530 24 64741 37 64790 24 65001 37 65050 24 65261 37 65310 24 65521 41 65570 24 65781 41 65830 24 66041 41 66090 24 66301 43 66346 26 66561 43 66606 26 66821 43 66866 26 67081 43 67126 20 67341 43 67386 20 67603 61 67863 61 68123 61 68387 20 68411 11 68424 22 68647 20 68671 11 68684 22 68907 20 68931 11 68944 22 69173 14 69204 20 69433 14 69464 20 69724 20 69984 20 70244 20 70506 12 70766 12 71026 12
43a71aeb641faa18742cb826772a8566c6c947d7050f9ab15459de6cc2b3b6af,74101 4 74361 4 74621 6 74881 6 75141 6 75401 6 75661 6 75921 6 76181 6 76441 6 76701 6 76961 6 77221 6 77485 10 77745 10 78005 10 78265 10 78525 10 78785 10 79045 10 79305 10 79565 10 79825 10 80085 10 80349 4 80609 4 80869 4
43a71aeb641faa18742cb826772a8566c6c947d7050f9ab15459de6cc2b3b6af,83203 2 83463 2 83723 2 83983 2 84243 2 84503 2 84763 2 85023 2 85283 2 85543 2 85803 2 86061 6 86321 6 86581 6 86841 6 87101 6 87361 6 87621 6 87881 6 88141 8 88401 8 88661 8 88921 6 89181 6 89441 6 89701 6 89961 6
43a71aeb641faa18742cb826772a8566c6c947d7050f9ab15459de6cc2b3b6af,783 12 1043 12 1303 12 1563 12 1823 12 2083 10 2343 10 2603 10 2863 8 3123 8 3383 8 3643 4 3903 4
43a71aeb641faa18742cb826772a8566c6c947d7050f9ab15459de6cc2b3b6af,7023 4 7283 4 7543 4 7803 2 8063 2 8323 2 8583 2 8843 2 9103 2 9363 2 9623 2 9883 2 10143 2 10403 2 10663 2 10923 2 11183 2 11443 2 11703 2
43a71aeb641faa18742cb826772a8566c6c947d7050f9ab15459de6cc2b3b6af,13543 6 13803 6 14057 14 14317 14 14577 14 14835 18 15095 18 15355 18 15613 20 15873 20 16133 20 16393 20 16653 20 16913 18 17173 18 17433 18 17695 12 17955 12
43a71aeb641faa18742cb826772a8566c6c947d7050f9ab15459de6cc2b3b6af,34605 8 34865 8 35125 8 35383 13 35643 13 35903 13 36163 13 36423 13 36681 15 36941 15 37201 15 37463 13 37723 13 37983 8 38243 8 38503 8 38757 6 39017 6 39277 6 39533 16 39793 16 40053 16 40313 20 40573 20 40833 20 41093 20 41353 20 41615 18 41875 18 42135 18 42397 16 42657 16 42919 14 43179 14 43439 14 43703 8 43963 8 44223 8
43a71aeb641faa18742cb826772a8566c6c947d7050f9ab15459de6cc2b3b6af,88155 12 88415 12 88675 12 88933 18 89193 18 89453 18 89713 18 89973 18
43a71aeb641faa18742cb826772a8566c6c947d7050f9ab15459de6cc2b3b6af,809 4 1069 4
43a71aeb641faa18742cb826772a8566c6c947d7050f9ab15459de6cc2b3b6af,81694 10 81954 10 82214 10 82470 16 82730 16 82990 16 83233 33 83493 33 83753 33 84011 35 84271 35 84531 33 84791 33 85051 33 85311 31 85571 31 85831 31 86091 23 86351 23 86613 23 86873 23 87133 23 87393 25 87653 25 87913 25 88176 24 88436 24 88696 24 88964 16 89224 16 89486 12 89746 12 90006 12
43a71aeb641faa18742cb826772a8566c6c947d7050f9ab15459de6cc2b3b6af,74138 20 74398 20 74656 24 74686 16 74916 24 74946 16 75176 24 75206 16 75433 53 75693 53 75953 53 76213 53 76473 53 76733 55 76993 55 77253 55 77513 55 77773 55 78033 55 78298 2 78316 32 78558 2 78576 32 78818 2 78836 32 79096 30 79356 30 79620 4 79628 16 79880 4 79888 16 80140 4 80148 16 80408 14 80668 14 80928 14 81188 12 81448 12 81710 8 81970 8 82230 8
43a71aeb641faa18742cb826772a8566c6c947d7050f9ab15459de6cc2b3b6af,46594 6 46854 6 47114 6 47370 14 47630 14 47888 18 48148 18 48408 18 48668 18 48928 18 49188 18 49448 18 49708 18 49968 18 50228 18 50488 18 50750 14 51010 14 51270 14 51530 12 51790 12 52050 12 52304 16 52564 16 52820 18 53080 18 53340 18 53600 18 53860 18 54120 18 54380 18 54640 18 54900 16 55160 16 55420 16 55682 8 55942 8 56202 8
43a71aeb641faa18742cb826772a8566c6c947d7050f9ab15459de6cc2b3b6af,24807 10 24837 12 25067 10 25097 12 25327 10 25357 12 25583 16 25613 20 25843 16 25873 20 26101 20 26131 24 26361 20 26391 24 26621 20 26651 24 26879 58 27139 58 27399 58 27620 6 27642 8 27654 63 27880 6 27902 8 27914 63 28138 12 28158 79 28398 12 28418 79 28658 12 28678 79 28916 14 28938 79 29176 14 29198 79 29436 14 29458 79 29696 14 29718 77 29956 14 29978 77 30216 14 30238 77 30476 14 30500 29 30537 36 30736 14 30760 29 30797 36 30990 16 31020 6 31028 21 31059 20 31089 4 31250 16 31280 6 31288 21 31319 20 31349 4 31510 16 31540 6 31548 21 31579 20 31609 4 31770 12 31794 10 31810 19 31839 38 32030 12 32054 10 32070 19 32099 38 32290 12 32314 10 32330 19 32359 38 32548 38 32619 38 32808 38 32879 38 33068 38 33139 40 33328 38 33399 40 33588 38 33659 40 33850 36 33921 12 33941 18 34110 36 34181 12 34201 18 34370 36 34441 12 34461 18 34632 32 34723 14 34892 32 34983 14 35152 32 35243 14 35422 20 35505 8 35682 20 35765 8
43a71aeb641faa18742cb826772a8566c6c947d7050f9ab15459de6cc2b3b6af,42430 4 42690 4 42952 2 43212 2 43472 2
43a71aeb641faa18742cb826772a8566c6c947d7050f9ab15459de6cc2b3b6af,37504 20 37764 20 38024 24 38284 24 38544 24 38804 24 39064 24 39324 24 39584 24 39844 24 40104 24 40366 22 40626 22 40888 18 41148 18 41408 18 41674 8 41934 8 42194 8
43a71aeb641faa18742cb826772a8566c6c947d7050f9ab15459de6cc2b3b6af,86142 12 86159 28 86402 12 86419 28 86654 57 86914 57 87174 57 87432 61 87692 61 87952 61 88210 69 88470 69 88730 69 88988 75 89248 75 89510 18 89532 23 89559 4 89571 6 89770 18 89792 23 89819 4 89831 6 90030 18 90052 23 90079 4 90091 6
43a71aeb641faa18742cb826772a8566c6c947d7050f9ab15459de6cc2b3b6af,37534 13 37794 13 38052 19 38312 19 38572 19 38832 19 39092 19 39352 19 39610 23 39870 23 40130 23 40392 21 40652 21 40912 21 41172 21 41432 21 41694 19 41954 19 42214 19 42476 15 42736 15 42996 15 43256 15 43516 15 43772 17 43813 10 44032 17 44073 10 44292 17 44333 10 44550 21 44589 14 44810 21 44849 14 45070 21 45109 14 45330 21 45353 10 45367 16 45590 21 45613 10 45627 16 45850 19 45871 32 46110 19 46131 32 46370 19 46391 32 46630 17 46651 30 46890 17 46911 30 47150 17 47171 30 47406 19 47433 26 47666 19 47693 26 47924 21 47955 20 48184 21 48215 20 48444 21 48475 20 48704 23 48745 4 48964 23 49005 4 49224 23 49265 4 49472 33 49732 33 49992 31 50252 31 50512 31 50770 16 51030 16 51290 16 51550 16 51810 16 52070 16 52332 14 52592 14 52856 4 53116 4 53376 4
43a71aeb641faa18742cb826772a8566c6c947d7050f9ab15459de6cc2b3b6af,69754 6 70014 6 70274 6 70532 10 70792 10 71052 10 71312 10 71572 10 71832 10 72092 10 72352 10 72614 6 72874 6 73134 6
43a71aeb641faa18742cb826772a8566c6c947d7050f9ab15459de6cc2b3b6af,51574 5 51625 10 51834 5 51885 10 52094 5 52145 10 52350 17 52389 30 52610 17 52649 30 52868 71 53128 71 53388 71 53650 69 53910 69 54170 69 54430 84 54690 84 54952 96 55212 96 55472 96 55747 81 56007 81 56267 81 56541 18 56575 35 56801 18 56835 35 57061 18 57095 35 57323 12 57355 33 57583 12 57615 33 57845 6 57869 12 57890 20 58105 6 58129 12 58150 20 58365 6 58389 12 58410 20 58649 12 58672 18 58909 12 58932 18 59169 12 59192 18 59429 12 59456 16 59689 12 59716 16 59949 12 59976 18 60209 12 60236 18 60469 12 60496 18 60733 4 60756 18 60993 4 61016 18 61253 4 61276 18 61536 18 61796 18 62056 18 62318 14 62578 14 62840 10 63100 10 63360 10
43a71aeb641faa18742cb826772a8566c6c947d7050f9ab15459de6cc2b3b6af,870 13 1130 13 1392 9 1652 9 1912 9
43a71aeb641faa18742cb826772a8566c6c947d7050f9ab15459de6cc2b3b6af,64314 17 64574 17 64832 21 65092 21 65352 21 65612 23 65872 23 66132 23 66392 23 66652 23 66912 23 67172 21 67432 21 67694 19 67954 19 68214 19 68481 8 68741 8 69001 8
43a71aeb641faa18742cb826772a8566c6c947d7050f9ab15459de6cc2b3b6af,70554 9 70814 9 71074 9 71332 11 71592 11 71852 11 72112 11 72372 11 72632 11 72892 11 73152 11 73416 5 73676 5 73936 5
43a71aeb641faa18742cb826772a8566c6c947d7050f9ab15459de6cc2b3b6af,74719 8 74979 8 75239 8 75496 13 75756 13 76016 13 76274 15 76534 15 76794 15 77054 15 77314 15 77574 15 77834 15 78094 15 78356 9 78616 9 78876 9 79132 11 79392 11 79652 11 79912 11 80172 11 80432 11 80692 11 80952 11 81212 11 81472 11
43a71aeb641faa18742cb826772a8566c6c947d7050f9ab15459de6cc2b3b6af,7919 6 8179 6 8439 6 8695 12 8955 12 9201 28 9461 28 9721 28 9979 32 10239 32 10499 32 10759 32 11019 32 11279 32 11539 32 11799 32 12061 14 12083 6 12321 14 12343 6 12581 14 12603 6
43a71aeb641faa18742cb826772a8566c6c947d7050f9ab15459de6cc2b3b6af,117 14 377 14 637 14 897 14 1157 14 1421 4 1681 4 1941 4
43a71aeb641faa18742cb826772a8566c6c947d7050f9ab15459de6cc2b3b6af,14165 4 14425 4 14685 4 14941 12 15201 12 15461 12 15721 14 15981 14 16239 16 16499 16 16759 16 17019 18 17279 18 17539 18 17799 16 18059 16 18321 10 18581 10 18841 10
43a71aeb641faa18742cb826772a8566c6c947d7050f9ab15459de6cc2b3b6af,36013 8 36273 8 36533 8 36791 12 37051 12 37311 12 37571 20 37831 20 38091 22 38351 22 38611 22 38873 6 38883 10 39133 6 39143 10 39393 6 39403 10 39665 6 39925 6 40185 6
43a71aeb641faa18742cb826772a8566c6c947d7050f9ab15459de6cc2b3b6af,67735 6 67995 6 68255 6 68515 10 68775 10 69035 10 69293 18 69553 18 69813 22 70073 22 70333 22 70595 20 70855 20 71115 20 71375 20 71635 20 71895 20 72157 18 72417 18 72681 12 72697 7 72941 12 72957 7 73201 12 73217 7 73473 15 73733 15 73993 15 74251 17 74511 17 74767 21 75027 21 75287 21 75543 25 75803 25 76063 25 76323 23 76583 23 76843 21 77103 21 77363 21 77623 18 77883 18 78143 18 78403 12 78663 12 78923 12 79177 14 79437 14 79693 20 79953 20 80213 20 80473 22 80733 22 80993 22 81251 24 81511 24 81771 24 82031 24 82291 24 82551 24 82811 24 83071 24 83333 20 83593 20 83853 20 84115 14 84375 14
43a71aeb641faa18742cb826772a8566c6c947d7050f9ab15459de6cc2b3b6af,9235 14 9495 14 9755 14 10013 28 10273 28 10533 28 10793 28 11053 28 11315 29 11575 29 11835 29 12097 24 12357 24 12617 24 12883 16 13143 16 13403 16 13663 14 13923 14 14181 20 14441 20 14701 20 14961 20 15221 20 15481 20 15743 21 16003 21 16267 14 16527 14 16787 14 17053 6 17313 6 17573 6
43a71aeb641faa18742cb826772a8566c6c947d7050f9ab15459de6cc2b3b6af,157 23 417 23 677 23 921 41 1181 41 1441 41 1701 41 1961 41 2225 35 2485 35 2745 35 3019 17 3279 17 3539 17
43a71aeb641faa18742cb826772a8566c6c947d7050f9ab15459de6cc2b3b6af,30636 10 30896 10 31154 15 31414 15 31674 15 31934 17 32194 17 32454 17 32714 17 32974 17 33234 19 33494 19 33754 19 34004 27 34264 27 34524 27 34780 31 35040 31 35300 31 35554 37 35814 37 36070 41 36330 41 36590 41 36848 32 36884 7 37108 32 37144 7 37368 32 37404 7 37628 30 37666 3 37888 30 37926 3 38146 28 38406 28 38666 28 38926 24 39186 24 39446 24 39706 18 39966 18 40226 18 40488 8 40748 8 40994 14 41254 14 41514 14 41768 20 42028 20 42288 20 42544 26 42804 26 43061 27 43321 27 43581 27 43841 27 44101 27 44361 27 44621 25 44881 25 45141 25 45401 29 45661 29 45915 35 46175 35 46435 35 46695 35 46955 35 47215 35 47475 35 47735 35 47997 7 48010 16 48257 7 48270 16 48517 7 48530 16
43a71aeb641faa18742cb826772a8566c6c947d7050f9ab15459de6cc2b3b6af,86739 23 86999 23 87259 23 87515 29 87775 29 88035 29 88295 29 88555 29 88815 29 89075 29 89335 29 89597 23 89857 23 90117 23
43a71aeb641faa18742cb826772a8566c6c947d7050f9ab15459de6cc2b3b6af,62821 9 63081 9 63341 9 63599 15 63859 15 64119 15 64377 21 64637 21 64897 25 65157 25 65417 25 65677 25 65937 25 66197 25 66457 25 66717 25 66977 25 67237 23 67497 23 67759 21 68019 21 68279 21 68541 17 68801 17 69061 17 69326 10 69586 10
43a71aeb641faa18742cb826772a8566c6c947d7050f9ab15459de6cc2b3b6af,27736 10 27996 10 28246 24 28506 24 28766 24 29024 26 29284 26 29544 26 29801 29 30061 29 30321 29 30584 20 30844 20
43a71aeb641faa18742cb826772a8566c6c947d7050f9ab15459de6cc2b3b6af,17880 4 18140 4 18390 18 18650 18 18910 18 19166 22 19426 22 19686 22 19944 24 20204 24 20464 24 20724 22 20984 22 21244 22 21504 22 21764 22 22024 22 22284 22 22544 22 22804 22 23064 22 23312 32 23572 32 23832 32 24086 38 24346 38 24606 38 24864 24 24892 12 25124 24 25152 12 25384 24 25412 12 25644 24 25670 16 25904 24 25930 16 26166 20 26190 16 26426 20 26450 16 26686 20 26710 16 26970 14 27230 14 27490 14 27752 10 28012 10
43a71aeb641faa18742cb826772a8566c6c947d7050f9ab15459de6cc2b3b6af,35528 8 35788 8 36046 12 36306 12 36566 12 36826 10 37086 10 37346 10 37608 8 37868 8
43a71aeb641faa18742cb826772a8566c6c947d7050f9ab15459de6cc2b3b6af,8750 14 9010 14 9268 24 9528 24 9788 24 10048 28 10308 28 10568 28 10828 28 11088 28 11350 26 11610 26 11870 26 12146 8 12406 8 12666 8
43a71aeb641faa18742cb826772a8566c6c947d7050f9ab15459de6cc2b3b6af,79734 4 79994 4 80254 4 80514 6 80774 6 81034 6 81294 8 81554 8 81816 4 82076 4 82336 4
43a71aeb641faa18742cb826772a8566c6c947d7050f9ab15459de6cc2b3b6af,68572 4 68832 4 69092 4 69344 18 69604 18 69860 22 70120 22 70380 22 70638 26 70898 26 71158 26 71418 24 71678 24 71938 24 72198 24 72458 24 72720 18 72980 18 73240 18 73504 8 73764 8 74024 8
43a71aeb641faa18742cb826772a8566c6c947d7050f9ab15459de6cc2b3b6af,81826 2 82086 2 82346 2
43a71aeb641faa18742cb826772a8566c6c947d7050f9ab15459de6cc2b3b6af,81310 2 81570 2
43a71aeb641faa18742cb826772a8566c6c947d7050f9ab15459de6cc2b3b6af,194 18 454 18 714 18 972 22 1232 22 1492 22 1752 22 2012 22 2274 18 2534 18 2794 18 3054 16 3314 16 3574 16
43a71aeb641faa18742cb826772a8566c6c947d7050f9ab15459de6cc2b3b6af,79815 4 80075 4 80335 4 80595 6 80855 6 81115 6 81373 8 81633 8 81893 8 82153 8 82413 8 82673 8 82933 8 83193 8 83414 2 83451 10 83674 2 83711 10 83934 2 83971 10 84192 8 84231 10 84452 8 84491 10 84708 16 84749 12 84968 16 85009 12 85228 16 85269 12 85480 26 85527 14 85740 26 85787 14 86000 26 86047 14 86256 65 86516 65 86776 65 87036 65 87296 65 87554 67 87814 67 88074 67 88334 67 88594 67 88854 67 89114 67 89374 67 89636 63 89896 63 90156 63
43a71aeb641faa18742cb826772a8566c6c947d7050f9ab15459de6cc2b3b6af,74308 10 74568 10 74820 20 75080 20 75340 20 75598 22 75858 22 76118 22 76376 24 76636 24 76896 22 77156 22 77416 22 77678 16 77938 16 78198 16
43a71aeb641faa18742cb826772a8566c6c947d7050f9ab15459de6cc2b3b6af,9310 6 9570 6 9830 6 10086 14 10346 14 10606 14 10864 18 11124 18 11382 22 11642 22 11902 22 12162 22 12422 22 12682 22 12942 24 13202 24 13462 24 13724 22 13984 22 14244 22 14504 22 14764 22 15028 16 15288 16 15548 16 15814 6 16074 6
43a71aeb641faa18742cb826772a8566c6c947d7050f9ab15459de6cc2b3b6af,39763 8 40023 8 40283 8 40535 24 40795 24 41053 28 41313 28 41573 28 41833 28 42093 28 42353 28 42613 28 42873 28 43120 41 43380 41 43640 41 43898 43 44158 43 44418 43 44676 19 44705 16 44936 19 44965 16 45196 19 45225 16 45454 19 45487 12 45714 19 45747 12 45972 21 46007 12 46232 21 46267 12 46492 21 46527 12 46750 21 46789 2 47010 21 47049 2 47270 21 47309 2 47530 21 47790 21 48050 19 48310 19 48570 19 48830 19 49090 19 49350 19 49612 12 49872 12
43a71aeb641faa18742cb826772a8566c6c947d7050f9ab15459de6cc2b3b6af,218 25 478 25 738 25 998 25 1258 25 1518 25 1778 25 2038 25 2298 11 2315 4 2558 11 2575 4 2818 11 2835 4
43a71aeb641faa18742cb826772a8566c6c947d7050f9ab15459de6cc2b3b6af,55860 6 56120 6 56380 6 56638 8 56898 8 57158 8 57420 6 57680 6
43a71aeb641faa18742cb826772a8566c6c947d7050f9ab15459de6cc2b3b6af,62889 12 63149 12 63409 12 63664 19 63924 19 64184 19 64442 21 64702 21 64962 19 65222 19 65482 19 65742 19 66002 19 66262 19 66524 13 66784 13 67044 13
43a71aeb641faa18742cb826772a8566c6c947d7050f9ab15459de6cc2b3b6af,76931 10 77191 10 77451 10 77709 14 77969 14 78229 14 78486 17 78746 17 79006 17 79266 17 79526 17 79789 14 80049 14 80309 14 80569 12 80829 12 81089 12 81353 6 81613 6
43a71aeb641faa18742cb826772a8566c6c947d7050f9ab15459de6cc2b3b6af,24947 12 25207 12 25467 12 25723 18 25983 18 26239 22 26499 22 26759 22 27017 22 27277 22 27537 22 27797 22 28057 22 28317 20 28577 20 28837 20 29099 16 29359 16 29619 16 29879 16 30139 16 30399 16 30659 16 30919 16 31179 16 31439 16 31699 16 31959 16 32219 16 32479 16 32739 16 32999 16 33259 14 33519 14 33779 14 34041 12 34301 12 34561 12 34821 12 35081 12 35341 12 35603 10 35863 10 36123 10 36383 10 36643 10 36903 8 37163 8 37423 8
43a71aeb641faa18742cb826772a8566c6c947d7050f9ab15459de6cc2b3b6af,249 10 509 10 769 10 1027 14 1287 14 1547 14 1807 14 2067 14 2329 12 2589 12 2849 12 3109 10 3369 10 3629 10 3885 14 4145 14 4401 20 4661 20 4921 20 5179 22 5439 22 5699 22 5959 22 6219 22 6479 20 6739 20 6999 20
43a71aeb641faa18742cb826772a8566c6c947d7050f9ab15459de6cc2b3b6af,12203 16 12463 16 12723 16 12981 18 13241 18 13501 18 13759 22 14019 22 14281 20 14541 20 14801 20 15061 20 15321 20 15581 20 15843 18 16103 18 16363 18 16623 18 16883 18 17145 16 17405 16 17665 16 17927 14 18187 14 18451 10 18711 10 18971 10 19237 2 19497 2 19757 2
43a71aeb641faa18742cb826772a8566c6c947d7050f9ab15459de6cc2b3b6af,50171 8 50431 8 50691 8 50949 12 51209 12 51469 12 51727 14 51987 14 52247 14 52507 14 52767 14 53025 16 53285 16 53545 16 53799 22 54059 22 54319 22 54583 18 54843 18 55105 16 55365 16 55625 16 55885 16 56145 16 56405 16 56663 18 56923 18 57183 18 57443 18 57703 18 57967 14 58227 14 58487 14 58747 14 59007 14 59267 14 59529 12 59789 12 60049 10 60309 10 60569 10 60831 8 61091 8 61351 8 61615 4 61875 4 62135 4 62395 4 62655 4
43a71aeb641faa18742cb826772a8566c6c947d7050f9ab15459de6cc2b3b6af,66551 10 66811 10 67071 10 67327 14 67587 14 67845 16 68105 16 68365 16 68625 16 68885 16 69145 16 69405 16 69665 16 69925 14 70185 14 70445 14 70705 10 70965 10 71225 10 71487 6 71747 6 72007 6 72273 8 72533 8 72793 8 73053 8 73313 8 73571 10 73831 10 74091 10 74351 10 74611 10 74873 8 75133 8 75393 8
44afae184c89e6ba55985b4d341acc1ae1e8b6ef96312064e0e6e630e022b078,5 28 517 28 1029 28 1541 28 2053 28 2561 36 3073 36 3585 36 4097 36 4609 36 5121 36 5633 36 6145 36 6657 36 7169 36 7681 36 8193 36 8705 36 9217 36 9729 36 10241 36 10757 32 11269 32 11781 32 12293 32 12805 32 13317 32 13829 28 14341 28 14853 28 15365 28 15877 28 16389 28 16901 28 17413 28 17925 28 18437 28 18949 24 19461 24 19973 24 20485 24 20997 24 21509 24 22021 24 22533 24 23045 24 23557 24 24069 24 24585 16 25097 16 25609 16 26121 16 26633 16
44afae184c89e6ba55985b4d341acc1ae1e8b6ef96312064e0e6e630e022b078,138921 20 139013 16 139433 20 139525 16 139945 20 140037 16 140457 20 140549 16 140969 20 141061 16 141477 32 141569 24 141989 32 142081 24 142501 32 142593 24 143013 32 143105 24 143525 32 143617 24 144037 32 144129 24 144549 36 144609 16 144641 28 145061 36 145121 16 145153 28 145573 36 145633 16 145665 28 146085 36 146145 16 146177 28 146597 36 146657 16 146689 28 147109 40 147165 64 147621 40 147677 64 148133 40 148189 64 148645 40 148701 64 149157 40 149213 64 149673 40 149721 72 150185 40 150233 72 150697 40 150745 72 151209 40 151257 72 151721 40 151769 72 152233 40 152281 72 152745 116 153257 116 153769 116 154281 116 154793 116 155309 112 155821 112 156333 112 156845 112 157357 112 157869 104 158381 104 158893 104 159405 104 159917 104 160429 88 160941 88 161453 88 161965 88 162477 88 162989 88 163501 84 164013 84 164525 84 165037 84 165549 84 166065 76 166577 76 167089 76 167601 76 168113 76 168625 72 169137 72 169649 72 170161 72 170673 72 171185 72 171645 12 171689 72 172157 12 172201 72 172669 12 172713 72 173181 12 173225 72 173693 12 173737 72 174177 8 174197 28 174245 68 174689 8 174709 28 174757 68 175201 8 175221 28 175269 68 175713 8 175733 28 175781 68 176225 8 176245 28 176293 68 176729 64 176801 68 177241 64 177313 68 177753 64 177825 68 178265 64 178337 68 178777 64 178849 68 179289 64 179361 68 179797 140 180309 140 180821 140 181333 140 181845 140 182357 132 182869 132 183381 132 183893 132 184405 132 184913 128 185425 128 185937 128 186449 128 186961 128 187473 128 187981 132 188493 132 189005 132 189517 132 190029 132 190533 136 191045 136 191557 136 192069 136 192581 136 193093 136 193605 136 194117 136 194629 136 195141 136 195653 136 196161 132 196673 132 197185 132 197697 132 198209 132 198721 60 198789 32 199233 60 199301 32 199745 60 199813 32 200257 60 200325 32 200769 60 200837 32 201217 16 201277 40 201353 20 201729 16 201789 40 201865 20 202241 16 202301 40 202377 20 202753 16 202813 40 202889 20 203265 16 203325 40 203401 20 203777 24 203837 40 204289 24 204349 40 204801 24 204861 40 205313 24 205373 40 205825 24 205885 40 206337 24 206397 40 206849 28 206909 40 207361 28 207421 40 207873 28 207933 40 208385 28 208445 40 208897 28 208957 40 209413 92 209925 92 210437 92 210949 92 211461 92 211969 96 212481 96 212993 96 213505 96 214017 96 214529 96 215041 92 215553 92 216065 92 216577 92 217089 92 217601 88 218113 88 218625 88 219137 88 219649 88 220161 84 220673 84 221185 84 221697 84 222209 84 222721 84 223233 72 223745 72 224257 72 224769 72 225281 72 225793 68 226305 68 226817 68 227329 68 227841 68 228353 68 228865 68 229377 68 229889 68 230401 68 230913 68 231425 68 231937 68 232449 68 232961 68 233473 68 233985 64 234497 64 235009 64 235521 64 236033 64 236545 64 237057 64 237569 64 238081 64 238593 64 239105 64 239617 24 239649 28 240129 24 240161 28 240641 24 240673 28 241153 24 241185 28 241665 24 241697 28 242177 12 242217 12 242689 12 242729 12 243201 12 243241 12 243713 12 243753 12 244225 12 244265 12
44afae184c89e6ba55985b4d341acc1ae1e8b6ef96312064e0e6e630e022b078,299065 20 299577 20 300089 20 300601 20 301113 20 301625 20 302129 28 302641 28 303153 28 303665 28 304177 28 304685 36 305197 36 305709 36 306221 36 306733 36 307241 40 307753 40 308265 40 308777 40 309289 40 309801 40 310313 36 310825 36 311337 36 311849 36 312361 36 312873 32 313385 32 313897 32 314409 32 314921 32 315417 20 315929 20 316441 20 316953 20 317465 20 317977 20 318481 32 318993 32 319505 32 320017 32 320529 32 321037 36 321549 36 322061 36 322573 36 323085 36 323593 40 324105 40 324617 40 325129 40 325641 40 326153 40 326661 44 327173 44 327685 44 328197 44 328709 44 329221 44 329733 44 330245 44 330757 44 331269 44 331781 36 332293 36 332805 36 333317 36 333829 36 334341 32 334853 32 335365 32 335877 32 336389 32 336901 32 337413 32 337925 32 338437 32 338949 32 339461 32 339973 28 340485 28 340997 28 341509 28 342021 28 342533 24 343045 24 343557 24 344069 24 344581 24 345093 24 345609 12 346121 12 346633 12 347145 12 347657 12
44afae184c89e6ba55985b4d341acc1ae1e8b6ef96312064e0e6e630e022b078,255525 20 256037 20 256549 20 257061 20 257573 20 258085 20 258585 36 259097 36 259609 36 260121 36 260633 36 261141 44 261653 44 262165 44 262677 44 263189 44 263697 48 264209 48 264721 48 265233 48 265745 48 266257 48 266769 48 267281 48 267793 48 268305 48 268817 48 269329 48 269841 48 270353 48 270865 48 271377 48 271889 44 272401 44 272913 44 273425 44 273937 44 274449 44 274961 44 275473 44 275985 44 276497 44 277009 44 277521 40 278033 40 278545 40 279057 40 279569 40 280085 28 280597 28 281109 28 281621 28 282133 28 282645 28 283165 12 283677 12 284189 12 284701 12 285213 12
44afae184c89e6ba55985b4d341acc1ae1e8b6ef96312064e0e6e630e022b078,269405 12 269917 12 270429 12 270941 12 271453 12 271957 32 272469 32 272981 32 273493 32 274005 32 274517 32 275025 40 275537 40 276049 40 276561 40 277073 40 277585 40 278097 40 278609 40 279121 40 279633 40 280141 44 280653 44 281165 44 281677 44 282189 44 282701 44 283217 40 283729 40 284241 40 284753 40 285265 40 285777 36 286289 36 286801 36 287313 36 287825 36 288341 20 288853 20 289365 20 289877 20 290389 20
44afae184c89e6ba55985b4d341acc1ae1e8b6ef96312064e0e6e630e022b078,225921 24 226433 24 226945 24 227457 24 227969 24 228461 48 228973 48 229485 48 229997 48 230509 48 231021 48 231525 56 232037 56 232549 56 233061 56 233573 56 234081 60 234593 60 235105 60 235617 60 236129 60 236637 64 237149 64 237661 64 238173 64 238685 64 239197 64 239709 48 240221 48 240733 48 241245 48 241757 48 242269 44 242781 44 243293 44 243805 44 244317 44 244829 44 245341 44 245853 44 246365 44 246877 44 247393 40 247905 40 248417 40 248929 40 249441 40 249953 40 250469 32 250981 32 251493 32 252005 32 252517 32 253037 20 253549 20 254061 20 254573 20 255085 20
44afae184c89e6ba55985b4d341acc1ae1e8b6ef96312064e0e6e630e022b078,101 16 613 16 1125 16 1637 16 2149 16 2657 20 3169 20 3681 20 4193 20 4705 20 5217 20 5729 20 6241 20 6753 20 7265 20 7777 20 8297 4 8809 4 9321 4 9833 4 10345 4
44afae184c89e6ba55985b4d341acc1ae1e8b6ef96312064e0e6e630e022b078,215277 12 215789 12 216301 12 216813 12 217325 12 217829 28 218341 28 218853 28 219365 28 219877 28 220385 36 220897 36 221409 36 221921 36 222433 36 222945 36 223453 44 223965 44 224477 44 224989 44 225501 44 226009 48 226521 48 227033 48 227545 48 228057 48 228565 52 229077 52 229589 52 230101 52 230613 52 231125 52 231633 32 231669 20 232145 32 232181 20 232657 32 232693 20 233169 32 233205 20 233681 32 233717 20 234193 28 234225 28 234705 28 234737 28 235217 28 235249 28 235729 28 235761 28 236241 28 236273 28 236753 60 237265 60 237777 60 238289 60 238801 60 239313 60 239825 60 240337 60 240849 60 241361 60 241873 60 242381 60 242893 60 243405 60 243917 60 244429 60 244937 60 245449 60 245961 60 246473 60 246985 60 247497 52 248009 52 248521 52 249033 52 249545 52 250057 52 250561 60 251073 60 251585 60 252097 60 252609 60 253105 76 253617 76 254129 76 254641 76 255153 76 255657 84 256169 84 256681 84 257193 84 257705 84 258217 84 258713 96 259225 96 259737 96 260249 96 260761 96 261265 104 261777 104 262289 104 262801 104 263313 104 263821 100 264333 100 264845 100 265357 100 265869 100 266381 100 266889 88 267401 88 267913 88 268425 88 268937 88 269445 88 269957 88 270469 88 270981 88 271493 88 272005 64 272517 64 273029 64 273541 64 274053 64 274565 64 275077 48 275589 48 276101 48 276613 48 277125 48 277641 40 278153 40 278665 40 279177 40 279689 40 280201 36 280713 36 281225 36 281737 36 282249 36 282761 36 283269 32 283781 32 284293 32 284805 32 285317 32 285821 40 286333 40 286845 40 287357 40 287869 40 288377 44 288889 44 289401 44 289913 44 290425 44 290933 48 291445 48 291957 48 292469 48 292981 48 293493 48 294005 48 294517 48 295029 48 295541 48 296053 48 296561 52 297073 52 297585 52 298097 52 298609 52 299121 48 299633 48 300145 48 300657 48 301169 48 301681 48 302193 48 302705 48 303217 48 303729 48 304241 48 304753 44 305265 44 305777 44 306289 44 306801 44 307317 36 307829 36 308341 36 308853 36 309365 36 309877 36 310389 28 310901 28 311413 28 311925 28 312437 28 312957 12 313469 12 313981 12 314493 12 315005 12
44afae184c89e6ba55985b4d341acc1ae1e8b6ef96312064e0e6e630e022b078,323789 16 324301 16 324813 16 325325 16 325837 16 326349 16 326857 28 327369 28 327881 28 328393 28 328905 28 329401 44 329913 44 330425 44 330937 44 331449 44 331953 56 332465 56 332977 56 333489 56 334001 56 334513 56 335025 56 335537 56 336049 56 336561 56 337073 56 337581 64 338093 64 338605 64 339117 64 339629 64 340141 64 340653 64 341165 64 341677 64 342189 64 342701 44 342753 12 343213 44 343265 12 343725 44 343777 12 344237 44 344289 12 344749 44 344801 12 345261 44 345313 12 345777 36 346289 36 346801 36 347313 36 347825 36
44afae184c89e6ba55985b4d341acc1ae1e8b6ef96312064e0e6e630e022b078,288469 20 288981 20 289493 20 290005 20 290517 20 291017 68 291529 68 292041 68 292553 68 293065 68 293577 68 294085 80 294597 80 295109 80 295621 80 296133 80 296645 88 297157 88 297669 88 298181 88 298693 88 299205 92 299717 92 300229 92 300741 92 301253 92 301765 92 302277 96 302789 96 303301 96 303813 96 304325 96 304845 8 304877 60 305357 8 305389 60 305869 8 305901 60 306381 8 306413 60 306893 8 306925 60 307441 56 307953 56 308465 56 308977 56 309489 56 310001 56 310517 56 311029 56 311541 56 312053 56 312565 56 313081 48 313593 48 314105 48 314617 48 315129 48 315645 40 316157 40 316669 40 317181 40 317693 40 318205 40
44afae184c89e6ba55985b4d341acc1ae1e8b6ef96312064e0e6e630e022b078,185065 24 185577 24 186089 24 186601 24 187113 24 187625 24 188129 36 188641 36 189153 36 189665 36 190177 36 190685 44 191197 44 191709 44 192221 44 192733 44 193241 24 193273 16 193753 24 193785 16 194265 24 194297 16 194777 24 194809 16 195289 24 195321 16 195801 24 195833 16 196313 48 196825 48 197337 48 197849 48 198361 48 198873 44 199385 44 199897 44 200409 44 200921 44 201437 40 201949 40 202461 40 202973 40 203485 40 204001 28 204513 28 205025 28 205537 28 206049 28 206561 28
44afae184c89e6ba55985b4d341acc1ae1e8b6ef96312064e0e6e630e022b078,323841 12 324353 12 324865 12 325377 12 325889 12 326401 12 326909 24 327421 24 327933 24 328445 24 328957 24 329465 32 329977 32 330489 32 331001 32 331513 32 332021 40 332533 40 333045 40 333557 40 334069 40 334581 44 335093 44 335605 44 336117 44 336629 44 337141 44 337657 40 338169 40 338681 40 339193 40 339705 40 340217 56 340729 56 341241 56 341753 56 342265 56 342781 60 343293 60 343805 60 344317 60 344829 60 345341 60 345869 40 346381 40 346893 40 347405 40 347917 40
44afae184c89e6ba55985b4d341acc1ae1e8b6ef96312064e0e6e630e022b078,198957 28 199469 28 199981 28 200493 28 201005 28 201509 44 202021 44 202533 44 203045 44 203557 44 204069 44 204581 44 205093 44 205605 44 206117 44 206629 44 207137 48 207649 48 208161 48 208673 48 209185 48 209697 52 210209 52 210721 52 211233 52 211745 52 212253 52 212765 52 213277 52 213789 52 214301 52 214813 52 215329 48 215841 48 216353 48 216865 48 217377 48 217889 44 218401 44 218913 44 219425 44 219937 44 220453 32 220965 32 221477 32 221989 32 222501 32 223013 32 223517 32 224029 32 224541 32 225053 32 225565 32 226065 40 226577 40 227089 40 227601 40 228113 40 228625 44 229137 44 229649 44 230161 44 230673 44 231185 44 231697 48 232209 48 232721 48 233233 48 233745 48 234257 44 234769 44 235281 44 235793 44 236305 44 236821 40 237333 40 237845 40 238357 40 238869 40 239381 40 239893 32 240405 32 240917 32 241429 32 241941 32 242461 12 242973 12 243485 12 243997 12 244509 12
44afae184c89e6ba55985b4d341acc1ae1e8b6ef96312064e0e6e630e022b078,87321 20 87833 20 88345 20 88857 20 89369 20 89877 28 90389 28 90901 28 91413 28 91925 28 92437 28 92949 28 93461 28 93973 28 94485 28 94997 28 95513 24 96025 24 96537 24 97049 24 97561 24 98073 20 98585 20 99097 20 99609 20 100121 20 100633 20 101153 4 101665 4 102177 4 102689 4 103201 4
44afae184c89e6ba55985b4d341acc1ae1e8b6ef96312064e0e6e630e022b078,247625 24 248137 24 248649 24 249161 24 249673 24 250185 24 250689 40 251201 40 251713 40 252225 40 252737 40 253245 48 253757 48 254269 48 254781 48 255293 48 255805 52 256317 52 256829 52 257341 52 257853 52 258365 52 258873 60 259385 60 259897 60 260409 60 260921 60 261409 84 261921 84 262433 84 262945 84 263457 84 263961 92 264473 92 264985 92 265497 92 266009 92 266521 92 267033 88 267545 88 268057 88 268569 88 269081 88 269589 88 270101 88 270613 88 271125 88 271637 88 272149 84 272661 84 273173 84 273685 84 274197 84 274709 84 275221 84 275733 84 276245 84 276757 84 277269 84 277785 80 278297 80 278809 80 279321 80 279833 80 280345 80 280857 80 281369 80 281881 80 282393 80 282905 80 283417 80 283929 80 284441 80 284953 80 285465 80 285981 72 286493 72 287005 72 287517 72 288029 72 288545 64 289057 64 289569 64 290081 64 290593 64 291113 36 291625 36 292137 36 292649 36 293161 36 293673 36 294193 20 294705 20 295217 20 295729 20 296241 20
44afae184c89e6ba55985b4d341acc1ae1e8b6ef96312064e0e6e630e022b078,136525 16 137037 16 137549 16 138061 16 138573 16 139065 44 139577 44 140089 44 140601 44 141113 44 141617 56 142129 56 142641 56 143153 56 143665 56 144177 56 144689 56 145201 56 145713 56 146225 56 146737 56 147249 56 147761 56 148273 56 148785 56 149297 56 149813 48 150325 48 150837 48 151349 48 151861 48 152373 48 152897 24 153409 24 153921 24 154433 24 154945 24
44afae184c89e6ba55985b4d341acc1ae1e8b6ef96312064e0e6e630e022b078,299353 4 299865 4 300377 4 300889 4 301401 4 301913 4 302413 28 302925 28 303437 28 303949 28 304461 28 304965 44 305477 44 305989 44 306501 44 307013 44 307525 48 308037 48 308549 48 309061 48 309573 48 310085 48 310597 52 311109 52 311621 52 312133 52 312645 52 313157 52 313669 52 314181 52 314693 52 315205 52 315717 56 316229 56 316741 56 317253 56 317765 56 318277 56 318789 56 319301 56 319813 56 320325 56 320837 56 321353 52 321865 52 322377 52 322889 52 323401 52 323913 52 324425 52 324937 52 325449 52 325961 52 326473 52 326993 40 327505 40 328017 40 328529 40 329041 40 329561 24 330073 24 330585 24 331097 24 331609 24
44afae184c89e6ba55985b4d341acc1ae1e8b6ef96312064e0e6e630e022b078,220517 24 221029 24 221541 24 222053 24 222565 24 223077 24 223581 36 224093 36 224605 36 225117 36 225629 36 226133 44 226645 44 227157 44 227669 44 228181 44 228693 44 229205 44 229717 44 230229 44 230741 44 231253 44 231765 44 232277 44 232789 44 233301 44 233813 44 234325 40 234837 40 235349 40 235861 40 236373 40 236885 32 237397 32 237909 32 238421 32 238933 32 239445 32
44afae184c89e6ba55985b4d341acc1ae1e8b6ef96312064e0e6e630e022b078,163689 28 164201 28 164713 28 165225 28 165737 28 166241 36 166753 36 167265 36 167777 36 168289 36 168797 40 169309 40 169821 40 170333 40 170845 40 171357 40 171869 36 172381 36 172893 36 173405 36 173917 36 174437 8 174949 8 175461 8 175973 8 176485 8
44afae184c89e6ba55985b4d341acc1ae1e8b6ef96312064e0e6e630e022b078,112097 20 112609 20 113121 20 113633 20 114145 20 114653 32 115165 32 115677 32 116189 32 116701 32 117121 12 117209 40 117633 12 117721 40 118145 12 118233 40 118657 12 118745 40 119169 12 119257 40 119681 12 119769 40 120185 36 120229 32 120281 40 120697 36 120741 32 120793 40 121209 36 121253 32 121305 40 121721 36 121765 32 121817 40 122233 36 122277 32 122329 40 122741 140 123253 140 123765 140 124277 140 124789 140 125297 144 125809 144 126321 144 126833 144 127345 144 127857 144 128369 140 128881 140 129393 140 129905 140 130417 140 130929 108 131045 24 131441 108 131557 24 131953 108 132069 24 132465 108 132581 24 132977 108 133093 24 133489 108 133613 8 134001 108 134125 8 134513 108 134637 8 135025 108 135149 8 135537 108 135661 8 136049 108 136173 8 136561 108 137073 108 137585 108 138097 108 138609 108 139125 100 139637 100 140149 100 140661 100 141173 100 141689 92 142201 92 142713 92 143225 92 143737 92 144249 92 144769 28 145281 28 145793 28 146305 28 146817 28
44afae184c89e6ba55985b4d341acc1ae1e8b6ef96312064e0e6e630e022b078,171921 32 172433 32 172945 32 173457 32 173969 32 174473 44 174985 44 175497 44 176009 44 176521 44 177029 52 177541 52 178053 52 178565 52 179077 52 179589 52 180097 56 180609 56 181121 56 181633 56 182145 56 182653 60 183165 60 183677 60 184189 60 184701 60 185209 64 185721 64 186233 64 186745 64 187257 64 187769 64 188281 60 188793 60 189305 60 189817 60 190329 60 190841 56 191353 56 191865 56 192377 56 192889 56 193401 56 193469 12 193913 56 193981 12 194425 56 194493 12 194937 56 195005 12 195449 56 195517 12 195961 56 196029 12 196473 88 196985 88 197497 88 198009 88 198521 88 199033 88 199545 88 200057 88 200569 88 201081 88 201589 92 202101 92 202613 92 203125 92 203637 92 204153 88 204665 88 205177 88 205689 88 206201 88 206713 88 207225 28 207261 52 207737 28 207773 52 208249 28 208285 52 208761 28 208797 52 209273 28 209309 52 209789 16 209821 48 210301 16 210333 48 210813 16 210845 48 211325 16 211357 48 211837 16 211869 48 212381 44 212893 44 213405 44 213917 44 214429 44 214941 44 215461 20 215973 20 216485 20 216997 20 217509 20
44afae184c89e6ba55985b4d341acc1ae1e8b6ef96312064e0e6e630e022b078,247697 4 248209 4 248721 4 249233 4 249745 4 250257 4 250761 20 251273 20 251785 20 252297 20 252809 20 253321 20 253833 20 254345 20 254857 20 255369 20 255877 24 256389 24 256901 24 257413 24 257925 24 258437 24 258949 24 259461 24 259973 24 260485 24 260997 24 261509 24 262021 24 262533 24 263045 24 263557 24 264069 24 264581 24 265093 24 265605 24 266117 24 266629 24 267145 20 267657 20 268169 20 268681 20 269193 20 269705 20 270217 20 270729 20 271241 20 271753 20 272269 8 272781 8 273293 8 273805 8 274317 8 274829 8
44afae184c89e6ba55985b4d341acc1ae1e8b6ef96312064e0e6e630e022b078,332181 24 332693 24 333205 24 333717 24 334229 24 334733 40 335245 40 335757 40 336269 40 336781 40 337293 40 337805 44 338317 44 338829 44 339341 44 339853 44 340365 44 340877 44 341389 44 341901 44 342413 44 342933 36 343445 36 343957 36 344469 36 344981 36 345493 36
44afae184c89e6ba55985b4d341acc1ae1e8b6ef96312064e0e6e630e022b078,226209 20 226721 20 227233 20 227745 20 228257 20 228761 52 229273 52 229785 52 230297 52 230809 52 231321 52 231833 56 232345 56 232857 56 233369 56 233881 56 234389 60 234901 60 235413 60 235925 60 236437 60 236949 56 237461 56 237973 56 238485 56 238997 56 239509 56 240025 48 240537 48 241049 48 241561 48 242073 48 242585 44 243097 44 243609 44 244121 44 244633 44 245149 32 245661 32 246173 32 246685 32 247197 32 247713 20 248225 20 248737 20 249249 20 249761 20 250273 20
44afae184c89e6ba55985b4d341acc1ae1e8b6ef96312064e0e6e630e022b078,288685 12 289197 12 289709 12 290221 12 290733 12 291233 36 291745 36 292257 36 292769 36 293281 36 293793 36 294301 52 294813 52 295325 52 295837 52 296349 52 296857 60 297369 60 297881 60 298393 60 298905 60 299417 64 299929 64 300441 64 300953 64 301465 64 301977 64 302489 64 303001 64 303513 64 304025 64 304537 64 305049 64 305561 64 306073 64 306585 64 307097 64 307613 60 308125 60 308637 60 309149 60 309661 60 310173 60 310685 56 311197 56 311709 56 312221 56 312733 56 313249 48 313761 48 314273 48 314785 48 315297 48 315813 36 316325 36 316837 36 317349 36 317861 36 318373 36 318893 24 319405 24 319917 24 320429 24 320941 24
44afae184c89e6ba55985b4d341acc1ae1e8b6ef96312064e0e6e630e022b078,250821 16 251333 16 251845 16 252357 16 252869 16 253373 32 253885 32 254397 32 254909 32 255421 32 255929 40 256441 40 256953 40 257465 40 257977 40 258489 40 258997 48 259509 48 260021 48 260533 48 261045 48 261553 52 262065 52 262577 52 263089 52 263601 52 264113 52 264625 52 265137 52 265649 52 266161 52 266673 52 267185 52 267697 52 268209 52 268721 52 269233 52 269745 52 270257 52 270769 52 271281 52 271793 52 272309 44 272821 44 273333 44 273845 44 274357 44 274869 44 275385 32 275897 32 276409 32 276921 32 277433 32 277953 20 278465 20 278977 20 279489 20 280001 20
44afae184c89e6ba55985b4d341acc1ae1e8b6ef96312064e0e6e630e022b078,207353 4 207865 4 208377 4 208889 4 209401 4 209909 12 210421 12 210933 12 211445 12 211957 12 212461 20 212973 20 213485 20 213997 20 214509 20 215021 20 215533 20 216045 20 216557 20 217069 20 217581 20 218089 24 218601 24 219113 24 219625 24 220137 24 220645 28 221157 28 221669 28 222181 28 222693 28 223205 28 223717 28 224229 28 224741 28 225253 28 225765 28 226277 28 226789 28 227301 28 227813 28 228325 28 228833 32 229345 32 229857 32 230369 32 230881 32 231393 32 231905 32 232417 32 232929 32 233441 32 233953 32 234465 32 234977 32 235489 32 236001 32 236513 32 237025 32 237537 32 238049 32 238561 32 239073 32 239585 32 240101 28 240613 28 241125 28 241637 28 242149 28 242665 20 243177 20 243689 20 244201 20 244713 20
44afae184c89e6ba55985b4d341acc1ae1e8b6ef96312064e0e6e630e022b078,334829 16 335341 16 335853 16 336365 16 336877 16 337389 16 337897 20 338409 20 338921 20 339433 20 339945 20 340473 4 340985 4 341497 4 342009 4 342521 4
4727d94c6a57ed484270fdd8bbc6e3d5f2f15d5476794a4e37a40f2309a091e2,29395 8 29651 8 29905 12 30161 12 30415 14 30671 14 30927 14 31183 14 31441 12 31697 12 31953 10 32209 10 32463 10 32719 10 32971 10 33227 10 33483 12 33739 12 33995 12 34251 12 34507 12 34763 12 35019 12 35275 12 35531 12 35787 12 36043 12 36299 12 36555 12 36811 12 37067 10 37323 10 37581 6 37837 6
4727d94c6a57ed484270fdd8bbc6e3d5f2f15d5476794a4e37a40f2309a091e2,24275 4 24531 4 24783 10 24797 8 25039 10 25053 8 25295 24 25551 24 25807 26 26063 26 26319 26 26575 26 26831 26 27087 26 27345 6 27353 16 27601 6 27609 16 27867 12 28123 12
4727d94c6a57ed484270fdd8bbc6e3d5f2f15d5476794a4e37a40f2309a091e2,29419 10 29675 10 29929 14 30185 14 30441 14 30697 14 30953 16 31209 16 31465 18 31721 18 31979 16 32235 16 32491 16 32747 16 33001 18 33257 18 33511 18 33767 18 34023 16 34279 16 34523 8 34535 16 34555 4 34779 8 34791 16 34811 4 35033 12 35049 12 35063 10 35289 12 35305 12 35319 10 35545 14 35561 12 35575 10 35801 14 35817 12 35831 10 36057 14 36073 24 36313 14 36329 24 36571 38 36827 38 37083 38 37339 38 37595 12 37611 10 37851 12 37867 10 38109 10 38125 6 38365 10 38381 6 38621 6 38877 6 39131 8 39387 8 39641 12 39897 12 40153 12 40409 12 40665 12 40921 12 41177 12 41433 12 41693 4 41949 4
4727d94c6a57ed484270fdd8bbc6e3d5f2f15d5476794a4e37a40f2309a091e2,39153 4 39409 4 39661 10 39917 10 40171 14 40427 14 40683 14 40939 14 41195 14 41451 14 41707 12 41963 12 42221 10 42477 10
472b1c5ff988dadc209faea92499bc07f305208dbda29d16262b3d543ac91c71,185 52 261 32 297 16 697 52 773 32 809 16 1209 52 1285 32 1321 16 1721 52 1797 32 1833 16 2233 52 2309 32 2345 16 2745 60 2817 60 3257 60 3329 60 3769 60 3841 60 4281 60 4353 60 4793 60 4865 60 5305 60 5377 60 5817 64 5885 64 6329 64 6397 64 6841 64 6909 64 7353 64 7421 64 7865 64 7933 64 8373 132 8885 132 9397 132 9909 132 10421 132 10921 144 11433 144 11945 144 12457 144 12969 144 13481 144 13989 88 14085 40 14501 88 14597 40 15013 88 15109 40 15525 88 15621 40 16037 88 16133 40 16545 88 17057 88 17569 88 18081 88 18593 88 19105 80 19617 80 20129 80 20641 80 21153 80 21625 8 21665 72 22137 8 22177 72 22649 8 22689 72 23161 8 23201 72 23673 8 23713 72 24185 8 24225 72 24689 28 24741 72 25201 28 25253 72 25713 28 25765 72 26225 28 26277 72 26737 28 26789 72 27173 32 27249 40 27301 72 27685 32 27761 40 27813 72 28197 32 28273 40 28325 72 28709 32 28785 40 28837 72 29221 32 29297 40 29349 72 29721 52 29805 52 29865 72 30233 52 30317 52 30377 72 30745 52 30829 52 30889 72 31257 52 31341 52 31401 72 31769 52 31853 52 31913 72 32281 52 32365 52 32425 72 32789 60 32877 60 32945 64 33301 60 33389 60 33457 64 33813 60 33901 60 33969 64 34325 60 34413 60 34481 64 34837 60 34925 60 34993 64 35349 60 35437 64 35509 60 35861 60 35949 64 36021 60 36373 60 36461 64 36533 60 36885 60 36973 64 37045 60 37397 60 37485 64 37557 60 37909 60 37997 72 38073 52 38421 60 38509 72 38585 52 38933 60 39021 72 39097 52 39445 60 39533 72 39609 52 39957 60 40045 72 40121 52 40469 60 40557 72 40633 52 40977 64 41065 84 41153 44 41489 64 41577 84 41665 44 42001 64 42089 84 42177 44 42513 64 42601 84 42689 44 43025 64 43113 84 43201 44 43541 60 43625 88 43725 24 44053 60 44137 88 44237 24 44565 60 44649 88 44749 24 45077 60 45161 88 45261 24 45589 60 45673 88 45773 24 46101 76 46185 92 46613 76 46697 92 47125 76 47209 92 47637 76 47721 92 48149 76 48233 92 48661 76 48745 92 49177 172 49689 172 50201 172 50713 172 51225 172 51761 148 52273 148 52785 148 53297 148 53809 148 54325 144 54837 144 55349 144 55861 144 56373 144 56885 144 57397 140 57909 140 58421 140 58933 140 59445 140 59957 136 60469 136 60981 136 61493 136 62005 136 62517 128 63029 128 63541 128 64053 128 64565 128 65077 128 65589 112 66101 112 66613 112 67125 112 67637 112 68137 120 68649 120 69161 120 69673 120 70185 120 70685 92 70797 8 71197 92 71309 8 71709 92 71821 8 72221 92 72333 8 72733 92 72845 8 73241 92 73753 92 74265 92 74777 92 75289 92 75801 92 76309 96 76821 96 77333 96 77845 96 78357 96 78869 92 79381 92 79893 92 80405 92 80917 92 81429 92 81941 92 82453 92 82965 92 83477 92 83989 92 84501 88 85013 88 85525 88 86037 88 86549 88 87061 88 87573 88 88085 88 88597 88 89109 88 89625 84 90137 84 90649 84 91161 84 91673 84 92185 84 92709 76 93221 76 93733 76 94245 76 94757 76 95277 68 95789 68 96301 68 96813 68 97325 68 97833 72 98345 72 98857 72 99369 72 99881 72 100393 72 100893 84 101405 84 101917 84 102429 84 102941 84 103445 88 103957 88 104469 88 104981 88 105493 88 106001 84 106513 84 107025 84 107537 84 108049 84 108561 84 109073 84 109585 84 110097 84 110609 84 111121 84 111629 88 112141 88 112653 88 113165 88 113677 88 114189 88 114433 12 114701 88 114945 12 115213 88 115457 12 115725 88 115969 12 116237 88 116481 12 116749 84 116925 8 116985 28 117261 84 117437 8 117497 28 117773 84 117949 8 118009 28 118285 84 118461 8 118521 28 118797 84 118973 8 119033 28 119309 84 119485 8 119545 28 119825 80 119993 16 120053 36 120337 80 120505 16 120565 36 120849 80 121017 16 121077 36 121361 80 121529 16 121589 36 121873 80 122041 16 122101 36 122389 76 122553 20 122609 40 122901 76 123065 20 123121 40 123413 76 123577 20 123633 40 123925 76 124089 20 124145 40 124437 76 124601 20 124657 40 124953 72 125113 28 125169 44 125465 72 125625 28 125681 44 125977 72 126137 28 126193 44 126489 72 126649 28 126705 44 127001 72 127161 28 127217 44 127513 72 127673 28 127729 44 128025 72 128185 32 128241 44 128537 72 128697 32 128753 44 129049 72 129209 32 129265 44 129561 72 129721 32 129777 44 130073 72 130233 32 130289 44 130585 68 130741 40 130801 44 131097 68 131253 40 131313 44 131609 68 131765 40 131825 44 132121 68 132277 40 132337 44 132633 68 132789 40 132849 44 133141 72 133297 40 133365 40 133653 72 133809 40 133877 40 134165 72 134321 40 134389 40 134677 72 134833 40 134901 40 135189 72 135345 40 135413 40 135701 72 135857 40 135925 40 136209 76 136369 40 136441 36 136721 76 136881 40 136953 36 137233 76 137393 40 137465 36 137745 76 137905 40 137977 36 138257 76 138417 40 138489 36 138765 84 138925 60 139005 28 139277 84 139437 60 139517 28 139789 84 139949 60 140029 28 140301 84 140461 60 140541 28 140813 84 140973 60 141053 28 141325 84 141485 64 141561 28 141837 84 141997 64 142073 28 142349 84 142509 64 142585 28 142861 84 143021 64 143097 28 143373 84 143533 64 143609 28 143885 84 144045 64 144121 28 144393 108 144561 92 144905 108 145073 92 145417 108 145585 92 145929 108 146097 92 146441 108 146609 92 146949 112 147129 12 147149 60 147461 112 147641 12 147661 60 147973 112 148153 12 148173 60 148485 112 148665 12 148685 60 148997 112 149177 12 149197 60 149509 108 149709 60 150021 108 150221 60 150533 108 150733 60 151045 108 151245 60 151557 108 151757 60 152069 108 152269 60 152581 104 152781 60 153093 104 153293 60 153605 104 153805 60 154117 104 154317 60 154629 104 154829 60 155141 60 155221 20 155321 4 155341 64 155653 60 155733 20 155833 4 155853 64 156165 60 156245 20 156345 4 156365 64 156677 60 156757 20 156857 4 156877 64 157189 60 157269 20 157369 4 157389 64 157697 48 157781 16 157865 100 158209 48 158293 16 158377 100 158721 48 158805 16 158889 100 159233 48 159317 16 159401 100 159745 48 159829 16 159913 100 160257 44 160325 36 160417 104 160769 44 160837 36 160929 104 161281 44 161349 36 161441 104 161793 44 161861 36 161953 104 162305 44 162373 36 162465 104 162817 44 162885 36 162977 104 163329 44 163389 48 163485 108 163841 44 163901 48 163997 108 164353 44 164413 48 164509 108 164865 44 164925 48 165021 108 165377 44 165437 48 165533 108 165889 108 166045 104 166401 108 166557 104 166913 108 167069 104 167425 108 167581 104 167937 108 168093 104 168449 108 168601 104 168961 108 169113 104 169473 108 169625 104 169985 108 170137 104 170497 108 170649 104 171009 108 171161 104 171521 104 171673 68 171753 16 172033 104 172185 68 172265 16 172545 104 172697 68 172777 16 173057 104 173209 68 173289 16 173569 104 173721 68 173801 16 174081 104 174233 64 174593 104 174745 64 175105 104 175257 64 175617 104 175769 64 176129 104 176281 64 176641 96 176793 60 177153 96 177305 60 177665 96 177817 60 178177 96 178329 60 178689 96 178841 60 179201 96 179353 60 179713 16 179737 80 179865 52 180225 16 180249 80 180377 52 180737 16 180761 80 180889 52 181249 16 181273 80 181401 52 181761 16 181785 80 181913 52 182277 4 182301 84 182409 56 182789 4 182813 84 182921 56 183301 4 183325 84 183433 56 183813 4 183837 84 183945 56 184325 4 184349 84 184457 56 184861 88 184961 32 185373 88 185473 32 185885 88 185985 32 186397 88 186497 32 186909 88 187009 32 187421 88 187521 32 187937 88 188029 32 188449 88 188541 32 188961 88 189053 32 189473 88 189565 32 189985 88 190077 32 190469 8 190497 120 190981 8 191009 120 191493 8 191521 120 192005 8 192033 120 192517 8 192545 120 193025 148 193537 148 194049 148 194561 148 195073 148 195585 148 196097 116 196221 20 196609 116 196733 20 197121 116 197245 20 197633 116 197757 20 198145 116 198269 20 198657 112 199169 112 199681 112 200193 112 200705 112 201217 104 201729 104 202241 104 202753 104 203265 104 203777 100 204289 100 204801 100 205313 100 205825 100 206337 100 206849 92 207361 92 207873 92 208385 92 208897 92 209409 20 209457 28 209921 20 209969 28 210433 20 210481 28 210945 20 210993 28 211457 20 211505 28
472b1c5ff988dadc209faea92499bc07f305208dbda29d16262b3d543ac91c71,234069 8 234581 8 235093 8 235605 8 236117 8 236629 8 237141 8 237653 8 238165 8 238677 8 239189 8 239697 12 240209 12 240721 12 241233 12 241745 12 242257 8 242769 8 243281 8 243793 8 244305 8
472b1c5ff988dadc209faea92499bc07f305208dbda29d16262b3d543ac91c71,81573 24 82085 24 82597 24 83109 24 83621 24 84133 24 84637 36 85149 36 85661 36 86173 36 86685 36 87193 48 87705 48 88217 48 88729 48 89241 48 89753 48 90265 48 90777 48 91289 48 91801 48 92313 48 92821 16 92849 28 93333 16 93361 28 93845 16 93873 28 94357 16 94385 28 94869 16 94897 28 95381 16 95405 32 95893 16 95917 32 96405 16 96429 32 96917 16 96941 32 97429 16 97453 32 97941 56 98453 56 98965 56 99477 56 99989 56 100501 56 101013 56 101525 56 102037 56 102549 56 103061 56 103573 48 104085 48 104597 48 105109 48 105621 48 106133 36 106645 36 107157 36 107669 36 108181 36 108693 36 109185 36 109697 36 110209 36 110721 36 111233 36 111737 44 112249 44 112761 44 113273 44 113785 44 114293 52 114805 52 115317 52 115829 52 116341 52 116849 56 117361 56 117873 56 118385 56 118897 56 119409 56 119921 56 120433 56 120945 56 121457 56 121969 56 122481 56 122993 56 123505 56 124017 56 124529 56 125041 56 125553 56 126065 56 126577 56 127089 56 127601 56 128113 52 128625 52 129137 52 129649 52 130161 52 130677 44 131189 44 131701 44 132213 44 132725 44 133245 24 133757 24 134269 24 134781 24 135293 24 135805 24
472b1c5ff988dadc209faea92499bc07f305208dbda29d16262b3d543ac91c71,329345 12 329857 12 330369 12 330881 12 331393 12 331901 40 332413 40 332925 40 333437 40 333949 40 334461 44 334973 44 335485 44 335997 44 336509 44 337021 44 337533 44 338045 44 338557 44 339069 44 339581 44 340097 40 340609 40 341121 40 341633 40 342145 40 342669 24 343181 24 343693 24 344205 24 344717 24 345229 24
472b1c5ff988dadc209faea92499bc07f305208dbda29d16262b3d543ac91c71,193241 12 193753 12 194265 12 194777 12 195289 12 195801 12 196293 40 196805 40 197317 40 197829 40 198341 40 198845 84 199357 84 199869 84 200381 84 200893 84 201401 92 201913 92 202425 92 202937 92 203449 92 203961 96 204069 24 204473 96 204581 24 204985 96 205093 24 205497 96 205605 24 206009 96 206117 24 206521 96 206629 24 207029 140 207541 140 208053 140 208565 140 209077 140 209589 144 210101 144 210613 144 211125 144 211637 144 212149 144 212661 144 213173 144 213685 144 214197 144 214709 144 215221 144 215733 144 216245 144 216757 144 217269 144 217781 144 218293 144 218805 144 219317 144 219829 144 220341 160 220853 160 221365 160 221877 160 222389 160 222901 160 223413 168 223925 168 224437 168 224949 168 225461 168 225973 176 226189 16 226485 176 226701 16 226997 176 227213 16 227509 176 227725 16 228021 176 228237 16 228533 76 228617 36 228665 48 228741 24 228781 16 229045 76 229129 36 229177 48 229253 24 229293 16 229557 76 229641 36 229689 48 229765 24 229805 16 230069 76 230153 36 230201 48 230277 24 230317 16 230581 76 230665 36 230713 48 230789 24 230829 16 231093 76 231177 36 231225 48 231301 24 231341 16 231609 28 231653 8 231689 32 231737 48 231813 24 231849 24 232121 28 232165 8 232201 32 232249 48 232325 24 232361 24 232633 28 232677 8 232713 32 232761 48 232837 24 232873 24 233145 28 233189 8 233225 32 233273 48 233349 24 233385 24 233657 28 233701 8 233737 32 233785 48 233861 24 233897 24 234177 8 234245 40 234297 52 234373 24 234405 28 234689 8 234757 40 234809 52 234885 24 234917 28 235201 8 235269 40 235321 52 235397 24 235429 28 235713 8 235781 40 235833 52 235909 24 235941 28 236225 8 236293 40 236345 52 236421 24 236453 28 236801 112 236925 36 236965 28 237313 112 237437 36 237477 28 237825 112 237949 36 237989 28 238337 112 238461 36 238501 28 238849 112 238973 36 239013 28 239361 112 239485 36 239525 28 239873 196 240385 196 240897 196 241409 196 241921 196 242429 212 242941 212 243453 212 243965 212 244477 212 244989 216 245501 216 246013 216 246525 216 247037 216 247545 164 247717 48 248057 164 248229 48 248569 164 248741 48 249081 164 249253 48 249593 164 249765 48 250105 164 250277 48 250617 160 250805 36 251129 160 251317 36 251641 160 251829 36 252153 160 252341 36 252665 160 252853 36 253173 132 253321 16 253365 36 253685 132 253833 16 253877 36 254197 132 254345 16 254389 36 254709 132 254857 16 254901 36 255221 132 255369 16 255413 36 255733 128 255877 16 255925 36 256245 128 256389 16 256437 36 256757 128 256901 16 256949 36 257269 128 257413 16 257461 36 257781 128 257925 16 257973 36 258293 128 258437 16 258485 36 258805 132 258945 20 258993 40 259317 132 259457 20 259505 40 259829 132 259969 20 260017 40 260341 132 260481 20 260529 40 260853 132 260993 20 261041 40 261365 160 261553 40 261877 160 262065 40 262389 160 262577 40 262901 160 263089 40 263413 160 263601 40 263929 152 264113 36 264441 152 264625 36 264953 152 265137 36 265465 152 265649 36 265977 152 266161 36 266489 152 266673 36 267005 60 267073 76 267185 28 267517 60 267585 76 267697 28 268029 60 268097 76 268209 28 268541 60 268609 76 268721 28 269053 60 269121 76 269233 28 269569 60 269633 72 270081 60 270145 72 270593 60 270657 72 271105 60 271169 72 271617 60 271681 72 272129 116 272641 116 273153 116 273665 116 274177 116 274689 116 275201 116 275713 116 276225 116 276737 116 277249 116 277761 116 278273 116 278785 116 279297 116 279809 116 280301 12 280325 112 280457 16 280813 12 280837 112 280969 16 281325 12 281349 112 281481 16 281837 12 281861 112 281993 16 282349 12 282373 112 282505 16 282861 12 282885 112 283017 16 283369 20 283401 108 283529 20 283881 20 283913 108 284041 20 284393 20 284425 108 284553 20 284905 20 284937 108 285065 20 285417 20 285449 108 285577 20 285893 20 285925 24 285961 104 286085 28 286405 20 286437 24 286473 104 286597 28 286917 20 286949 24 286985 104 287109 28 287429 20 287461 24 287497 104 287621 28 287941 20 287973 24 288009 104 288133 28 288449 28 288481 32 288525 96 288641 32 288961 28 288993 32 289037 96 289153 32 289473 28 289505 32 289549 96 289665 32 289985 28 290017 32 290061 96 290177 32 290497 28 290529 32 290573 96 290689 32 291009 64 291089 88 291197 36 291521 64 291601 88 291709 36 292033 64 292113 88 292221 36 292545 64 292625 88 292733 36 293057 64 293137 88 293245 36 293569 64 293649 88 293757 36 294081 64 294161 92 294265 36 294593 64 294673 92 294777 36 295105 64 295185 92 295289 36 295617 64 295697 92 295801 36 296129 64 296209 92 296313 36 296641 60 296717 96 296825 36 297153 60 297229 96 297337 36 297665 60 297741 96 297849 36 298177 60 298253 96 298361 36 298689 60 298765 96 298873 36 299201 60 299273 52 299341 32 299381 40 299713 60 299785 52 299853 32 299893 40 300225 60 300297 52 300365 32 300405 40 300737 60 300809 52 300877 32 300917 40 301249 60 301321 52 301389 32 301429 40 301761 60 301833 52 301901 32 301941 40 302277 52 302341 60 302417 28 302449 44 302789 52 302853 60 302929 28 302961 44 303301 52 303365 60 303441 28 303473 44 303813 52 303877 60 303953 28 303985 44 304325 52 304389 60 304465 28 304497 44 304837 52 304893 68 304973 84 305349 52 305405 68 305485 84 305861 52 305917 68 305997 84 306373 52 306429 68 306509 84 306885 52 306941 68 307021 84 307397 96 307497 156 307909 96 308009 156 308421 96 308521 156 308933 96 309033 156 309445 96 309545 156 309957 96 310057 156 310461 104 310573 152 310973 104 311085 152 311485 104 311597 152 311997 104 312109 152 312509 104 312621 152 313021 264 313533 264 314045 264 314557 264 315069 264 315577 268 316089 268 316601 268 317113 268 317625 268 318137 268 318649 164 318821 92 319161 164 319333 92 319673 164 319845 92 320185 164 320357 92 320697 164 320869 92 321205 140 321357 8 321385 12 321413 52 321717 140 321869 8 321897 12 321925 52 322229 140 322381 8 322409 12 322437 52 322741 140 322893 8 322921 12 322949 52 323253 140 323405 8 323433 12 323461 52 323765 132 323977 44 324277 132 324489 44 324789 132 325001 44 325301 132 325513 44 325813 132 326025 44 326325 132 326537 44 326837 28 326873 92 327049 40 327349 28 327385 92 327561 40 327861 28 327897 92 328073 40 328373 28 328409 92 328585 40 328885 28 328921 92 329097 40 329397 28 329429 96 329609 36 329909 28 329941 96 330121 36 330421 28 330453 96 330633 36 330933 28 330965 96 331145 36 331445 28 331477 96 331657 36 331961 128 332161 32 332473 128 332673 32 332985 128 333185 32 333497 128 333697 32 334009 128 334209 32 334525 128 334717 32 335037 128 335229 32 335549 128 335741 32 336061 128 336253 32 336573 128 336765 32 337085 128 337277 32 337601 128 337789 36 338113 128 338301 36 338625 128 338813 36 339137 128 339325 36 339649 128 339837 36 340161 36 340213 76 340349 40 340673 36 340725 76 340861 40 341185 36 341237 76 341373 40 341697 36 341749 76 341885 40 342209 36 342261 76 342397 40 342729 16 342781 68 342909 44 343241 16 343293 68 343421 44 343753 16 343805 68 343933 44 344265 16 344317 68 344445 44 344777 16 344829 68 344957 44 345289 16 345341 68 345469 44 345865 52 346005 8 346377 52 346517 8 346889 52 347029 8 347401 52 347541 8 347913 52 348053 8
472b1c5ff988dadc209faea92499bc07f305208dbda29d16262b3d543ac91c71,242385 20 242897 20 243409 20 243921 20 244433 20 244941 28 245453 28 245965 28 246477 28 246989 28 247501 28 248013 28 248525 28 249037 28 249549 28 250061 28 250569 32 251081 32 251593 32 252105 32 252617 32 253129 32 253641 32 254153 32 254665 32 255177 32 255693 28 256205 28 256717 28 257229 28 257741 28 258253 28 258777 12 259289 12 259801 12 260313 12 260825 12
472b1c5ff988dadc209faea92499bc07f305208dbda29d16262b3d543ac91c71,49429 12 49941 12 50453 12 50965 12 51477 12 51973 36 52485 36 52997 36 53509 36 54021 36 54529 44 55041 44 55553 44 56065 44 56577 44 57089 44 57597 44 58109 44 58621 44 59133 44 59645 44 60153 48 60665 48 61177 48 61689 48 62201 48 62713 44 63225 44 63737 44 64249 44 64761 44 65273 44 65785 44 66297 44 66809 44 67321 44 67833 44 68349 32 68861 32 69373 32 69885 32 70397 32 70913 12 71425 12 71937 12 72449 12 72961 12
472b1c5ff988dadc209faea92499bc07f305208dbda29d16262b3d543ac91c71,125277 4 125789 4 126301 4 126813 4 127325 4 127837 4 128345 8 128857 8 129369 8 129881 8 130393 8 130905 8 131417 8 131929 8 132441 8 132953 8 133465 4 133977 4 134489 4 135001 4 135513 4 136025 4 136513 28 137025 28 137537 28 138049 28 138561 28 139061 44 139573 44 140085 44 140597 44 141109 44 141617 48 142129 48 142641 48 143153 48 143665 48 144177 48 144689 48 145201 48 145713 48 146225 48 146737 48 147245 52 147757 52 148269 52 148781 52 149293 52 149805 52 150317 52 150829 52 151341 52 151853 52 152365 52 152877 52 153389 52 153901 52 154413 52 154925 52 155433 40 155945 40 156457 40 156969 40 157481 40 157985 44 158045 12 158497 44 158557 12 159009 44 159069 12 159521 44 159581 12 160033 44 160093 12 160537 52 160601 16 161049 52 161113 16 161561 52 161625 16 162073 52 162137 16 162585 52 162649 16 163097 52 163161 16 163609 56 163673 16 164121 56 164185 16 164633 56 164697 16 165145 56 165209 16 165657 56 165721 16 166169 24 166197 48 166681 24 166709 48 167193 24 167221 48 167705 24 167733 48 168217 24 168245 48 168729 20 168765 24 169241 20 169277 24 169753 20 169789 24 170265 20 170301 24 170777 20 170813 24 171289 20 171325 24 171801 20 171837 24 172313 20 172349 24 172825 20 172861 24 173337 20 173373 24 173849 20 173885 24 174361 20 174393 24 174873 20 174905 24 175385 20 175417 24 175897 20 175929 24 176409 20 176441 24 176921 56 177433 56 177945 56 178457 56 178969 56 179481 56 179993 52 180505 52 181017 52 181529 52 182041 52 182553 48 183065 48 183577 48 184089 48 184601 48 185113 48 185625 48 186137 48 186649 48 187161 48 187673 48 188189 40 188701 40 189213 40 189725 40 190237 40 190749 12 191261 12 191773 12 192285 12 192797 12
472b1c5ff988dadc209faea92499bc07f305208dbda29d16262b3d543ac91c71,52053 24 52565 24 53077 24 53589 24 54101 24 54601 44 55113 44 55625 44 56137 44 56649 44 57161 44 57665 16 57709 12 58177 16 58221 12 58689 16 58733 12 59201 16 59245 12 59713 16 59757 12 60273 8 60785 8 61297 8 61809 8 62321 8
472b1c5ff988dadc209faea92499bc07f305208dbda29d16262b3d543ac91c71,329553 20 330065 20 330577 20 331089 20 331601 20 332109 28 332621 28 333133 28 333645 28 334157 28 334665 32 335177 32 335689 32 336201 32 336713 32 337225 32 337737 32 338249 32 338761 32 339273 32 339785 32 340297 32 340809 32 341321 32 341833 32 342345 32 342861 28 343373 28 343885 28 344397 28 344909 28 345421 28
472b1c5ff988dadc209faea92499bc07f305208dbda29d16262b3d543ac91c71,120165 4 120677 4 121189 4 121701 4 122213 4
472b1c5ff988dadc209faea92499bc07f305208dbda29d16262b3d543ac91c71,30065 12 30577 12 31089 12 31601 12 32113 12 32625 12 33133 20 33645 20 34157 20 34669 20 35181 20 35693 24 36205 24 36717 24 37229 24 37741 24 38253 24 38765 24 39277 24 39789 24 40301 24 40813 24
472b1c5ff988dadc209faea92499bc07f305208dbda29d16262b3d543ac91c71,79225 8 79737 8 80249 8 80761 8 81273 8 81781 12 82293 12 82805 12 83317 12 83829 12 84341 12 84853 16 85365 16 85877 16 86389 16 86901 16 87413 16 87925 16 88437 16 88949 16 89461 16 89965 24 90477 24 90989 24 91501 24 92013 24 92525 24 93037 24 93549 24 94061 24 94573 24 95085 24 95597 28 95661 4 96109 28 96173 4 96621 28 96685 4 97133 28 97197 4 97645 28 97709 4 98157 36 98209 24 98669 36 98721 24 99181 36 99233 24 99693 36 99745 24 100205 36 100257 24 100717 36 100769 24 101229 36 101277 36 101741 36 101789 36 102253 36 102301 36 102765 36 102813 36 103277 36 103325 36 103793 36 103833 40 104305 36 104345 40 104817 36 104857 40 105329 36 105369 40 105841 36 105881 40 106357 72 106869 72 107381 72 107893 72 108405 72 108917 72 109429 32 109465 32 109941 32 109977 32 110453 32 110489 32 110965 32 111001 32 111477 32 111513 32 111989 32 112029 28 112501 32 112541 28 113013 32 113053 28 113525 32 113565 28 114037 32 114077 28 114549 28 114593 28 115061 28 115105 28 115573 28 115617 28 116085 28 116129 28 116597 28 116641 28 117113 20 117149 36 117625 20 117661 36 118137 20 118173 36 118649 20 118685 36 119161 20 119197 36 119673 20 119709 36 120189 12 120217 44 120701 12 120729 44 121213 12 121241 44 121725 12 121753 44 122237 12 122265 44 122773 48 123285 48 123797 48 124309 48 124821 48 125329 52 125841 52 126353 52 126865 52 127377 52 127889 52 128401 52 128913 52 129425 52 129937 52 130449 52 130961 52 131473 52 131985 52 132497 52 133009 52 133517 52 134029 52 134541 52 135053 52 135565 52 136077 52 136589 48 137101 48 137613 48 138125 48 138637 48 139149 48 139661 48 140173 48 140685 48 141197 48 141713 40 142225 40 142737 40 143249 40 143761 40 144273 40 144789 32 145301 32 145813 32 146325 32 146837 32 147353 24 147865 24 148377 24 148889 24 149401 24
472b1c5ff988dadc209faea92499bc07f305208dbda29d16262b3d543ac91c71,139125 4 139637 4 140149 4 140661 4 141173 4 141681 12 142193 12 142705 12 143217 12 143729 12 144241 12 144753 16 145265 16 145777 16 146289 16 146801 16 147309 20 147821 20 148333 20 148845 20 149357 20 149869 16 150381 16 150893 16 151405 16 151917 16 152429 16 152941 16 153453 16 153965 16 154477 16 154989 16
472b1c5ff988dadc209faea92499bc07f305208dbda29d16262b3d543ac91c71,57777 16 58289 16 58801 16 59313 16 59825 16 60321 44 60833 44 61345 44 61857 44 62369 44 62873 56 63385 56 63897 56 64409 56 64921 56 65433 56 65941 60 66453 60 66965 60 67477 60 67989 60 68501 60 69013 60 69525 60 70037 60 70549 60 71057 60 71121 16 71569 60 71633 16 72081 60 72145 16 72593 60 72657 16 73105 60 73169 16 73617 60 73681 16 74129 60 74193 16 74641 60 74705 16 75153 60 75217 16 75665 60 75729 16 76177 60 76241 16 76689 56 76749 24 77201 56 77261 24 77713 56 77773 24 78225 56 78285 24 78737 56 78797 24 79249 52 79309 44 79761 52 79821 44 80273 52 80333 44 80785 52 80845 44 81297 52 81357 44 81809 52 81869 48 82321 52 82381 48 82833 52 82893 48 83345 52 83405 48 83857 52 83917 48 84369 52 84429 48 84881 48 84941 48 85393 48 85453 48 85905 48 85965 48 86417 48 86477 48 86929 48 86989 48 87445 40 87505 44 87957 40 88017 44 88469 40 88529 44 88981 40 89041 44 89493 40 89553 44 90017 24 90077 28 90529 24 90589 28 91041 24 91101 28 91553 24 91613 28 92065 24 92125 28 92577 24 92637 28 93145 36 93657 36 94169 36 94681 36 95193 36 95705 36 96217 36 96729 36 97241 36 97753 36 98265 40 98777 40 99289 40 99801 40 100313 40 100825 40 101341 36 101853 36 102365 36 102877 36 103389 36 103901 32 104413 32 104925 32 105437 32 105949 32 106461 28 106973 28 107485 28 107997 28 108509 28 109021 28 109541 16 110053 16 110565 16 111077 16 111589 16 112101 20 112613 20 113125 20 113637 20 114149 20 114661 24 115173 24 115685 24 116197 24 116709 24 117221 28 117733 28 118245 28 118757 28 119269 28 119781 28 120293 28 120805 28 121317 28 121829 28 122341 28 122857 24 123369 24 123881 24 124393 24 124905 24 125421 16 125933 16 126445 16 126957 16 127469 16 127981 16
472b1c5ff988dadc209faea92499bc07f305208dbda29d16262b3d543ac91c71,155569 28 156081 28 156593 28 157105 28 157617 28 158125 36 158637 36 159149 36 159661 36 160173 36 160685 40 161197 40 161709 40 162221 40 162733 40 163245 40 163757 40 164269 40 164781 40 165293 40 165805 40 166321 36 166833 36 167345 36 167857 36 168369 36 168885 32 169397 32 169909 32 170421 32 170933 32 171445 32 171961 28 172473 28 172985 28 173497 28 174009 28 174525 20 175037 20 175549 20 176061 20 176573 20 177093 4 177605 4 178117 4 178629 4 179141 4 179653 4
472b1c5ff988dadc209faea92499bc07f305208dbda29d16262b3d543ac91c71,340425 20 340937 20 341449 20 341961 20 342473 20 342989 16 343501 16 344013 16 344525 16 345037 16 345549 16
472b1c5ff988dadc209faea92499bc07f305208dbda29d16262b3d543ac91c71,8681 12 9193 12 9705 12 10217 12 10729 12 11233 28 11745 28 12257 28 12769 28 13281 28 13793 28 14301 32 14813 32 15325 32 15837 32 16349 32 16857 40 17369 40 17881 40 18393 40 18905 40 19417 40 19929 40 20441 40 20953 40 21465 40 21973 44 22485 44 22997 44 23509 44 24021 44 24533 44 25045 40 25557 40 26069 40 26581 40 27093 40 27609 36 28121 36 28633 36 29145 36 29657 36 30169 32 30681 32 31193 32 31705 32 32217 32 32729 32 33245 24 33757 24 34269 24 34781 24 35293 24 35813 8 36325 8 36837 8 37349 8 37861 8
472b1c5ff988dadc209faea92499bc07f305208dbda29d16262b3d543ac91c71,174569 8 175081 8 175593 8 176105 8 176617 8 177121 20 177633 20 178145 20 178657 20 179169 20 179681 20 180189 28 180701 28 181213 28 181725 28 182237 28 182745 32 183257 32 183769 32 184281 32 184793 32 185305 32 185817 32 186329 32 186841 32 187353 32 187865 32 188377 32 188889 32 189401 32 189913 32 190425 32 190937 32 191449 32 191961 32 192473 32 192985 32 193497 28 194009 28 194521 28 195033 28 195545 28 196057 28 196569 28 197081 28 197593 28 198105 28 198617 28 199129 28 199641 28 200153 28 200665 28 201177 28 201689 28 202201 28 202713 28 203225 28 203737 28 204245 32 204757 32 205269 32 205781 32 206293 32 206805 32 207317 32 207829 32 208341 32 208853 32 209365 32 209881 24 210393 24 210905 24 211417 24 211929 24 212445 16 212957 16 213469 16 213981 16 214493 16 215005 16
472b1c5ff988dadc209faea92499bc07f305208dbda29d16262b3d543ac91c71,261625 4 262137 4 262649 4 263161 4 263673 4 264177 16 264689 16 265201 16 265713 16 266225 16 266737 16 267245 20 267757 20 268269 20 268781 20 269293 20 269805 20 270317 20 270829 20 271341 20 271853 20 272361 24 272873 24 273385 24 273897 24 274409 24 274921 24 275433 20 275945 20 276457 20 276969 20 277481 20 277993 20 278505 20 279017 20 279529 20 280041 20 280553 24 281065 24 281577 24 282089 24 282601 24 283113 24 283625 24 284137 24 284649 24 285161 24 285673 24 286189 20 286701 20 287213 20 287725 20 288237 20 288749 16 289261 16 289773 16 290285 16 290797 16 291305 20 291817 20 292329 20 292841 20 293353 20 293865 20 294377 24 294889 24 295401 24 295913 24 296425 24 296933 28 297445 28 297957 28 298469 28 298981 28 299489 32 300001 32 300513 32 301025 32 301537 32 302049 32 302557 36 303069 36 303581 36 304093 36 304605 36 305117 32 305629 32 306141 32 306653 32 307165 32 307677 32 308189 32 308701 32 309213 32 309725 32 310237 32 310749 32 311261 32 311773 32 312285 32 312797 32 313313 28 313825 28 314337 28 314849 28 315361 28 315877 24 316389 24 316901 24 317413 24 317925 24 318437 24 318953 20 319465 20 319977 20 320489 20 321001 20 321517 8 322029 8 322541 8 323053 8 323565 8
472b1c5ff988dadc209faea92499bc07f305208dbda29d16262b3d543ac91c71,226277 20 226789 20 227301 20 227813 20 228325 20 228833 28 229345 28 229857 28 230369 28 230881 28 231393 28 231905 28 232417 28 232929 28 233441 28 233953 28 234465 32 234977 32 235489 32 236001 32 236513 32 237025 28 237537 28 238049 28 238561 28 239073 28 239585 28 240097 28 240609 28 241121 28 241633 28 242145 28 242657 28 243169 28 243681 28 244193 28 244705 28 245221 24 245733 24 246245 24 246757 24 247269 24 247785 20 248297 20 248809 20 249321 20 249833 20 250345 20 250861 12 251373 12 251885 12 252397 12 252909 12
472b1c5ff988dadc209faea92499bc07f305208dbda29d16262b3d543ac91c71,337913 4 338425 4 338937 4 339449 4 339961 4 340461 20 340973 20 341485 20 341997 20 342509 20 343025 16 343537 16 344049 16 344561 16 345073 16 345585 16
4be73d68f433869188fe5e7f09c7f681ed51003da6aa5d19ce368726d8e271ee,11 20 267 20 523 22 779 22 1035 20 1291 20 1547 16 1803 16 2059 14 2315 14 2569 10 2825 10 3081 6 3337 6 3593 6 3849 6 4103 6 4359 6 4611 12 4867 12 5121 14 5377 14 5633 16 5889 16 6145 16 6401 16 6657 18 6913 18 7169 18 7425 18 7681 18 7937 18 8193 18 8449 18 8705 16 8961 16 9217 16 9237 8 9473 16 9493 8 9731 12 9745 16 9987 12 10001 16 10255 18 10511 18 10765 22 11021 22 11277 22 11533 22 11787 24 12043 24 12299 24 12555 24 12811 24 13067 24 13323 24 13579 24 13835 22 14091 22 14349 20 14605 20 14863 16 15119 16 15377 12 15633 12
4be73d68f433869188fe5e7f09c7f681ed51003da6aa5d19ce368726d8e271ee,15873 4 16129 4 16385 6 16641 6 16897 6 17153 6 17409 6 17665 6 17921 6 18177 6 18433 6 18689 6 18945 6 19201 6 19457 6 19713 6 19969 4 20225 4
4be73d68f433869188fe5e7f09c7f681ed51003da6aa5d19ce368726d8e271ee,38401 2 38657 2
4be73d68f433869188fe5e7f09c7f681ed51003da6aa5d19ce368726d8e271ee,56839 8 57095 8 57347 2 57351 10 57603 2 57607 10 57857 6 57865 8 58113 6 58121 8 58369 6 58379 6 58625 6 58635 6 58881 8 59137 8 59393 8 59649 8 59905 8 60161 8 60417 10 60673 10 60929 10 61185 10 61441 10 61697 10 61953 8 62209 8 62465 8 62721 8 62977 8 63233 8 63489 6 63745 6 64001 4 64257 4
4be73d68f433869188fe5e7f09c7f681ed51003da6aa5d19ce368726d8e271ee,22537 14 22793 14 23047 16 23303 16 23559 18 23815 18 24071 20 24327 20 24583 20 24839 20 25095 22 25351 22 25607 22 25863 22 26119 22 26375 22 26633 20 26889 20 27145 18 27401 18 27659 16 27915 16 28175 8 28431 8
4be73d68f433869188fe5e7f09c7f681ed51003da6aa5d19ce368726d8e271ee,36883 8 37139 8 37393 12 37649 12 37903 16 38159 16 38413 18 38669 18 38925 20 39181 20 39435 24 39691 24 39947 24 40203 24 40459 26 40715 26 40971 26 41227 26 41483 24 41739 24 41995 24 42251 24 42509 20 42765 20 43021 18 43277 18 43535 14 43791 14
4be73d68f433869188fe5e7f09c7f681ed51003da6aa5d19ce368726d8e271ee,30243 8 30499 8 30753 14 30773 10 31009 14 31029 10 31263 18 31283 14 31519 18 31539 14 31775 34 32031 34 32287 36 32543 36 32799 36 33055 36 33311 36 33567 36 33823 36 34079 36 34335 36 34591 36 34847 36 35103 36 35361 32 35617 32 35875 30 36131 30 36387 28 36643 28 36903 22 37159 22
4be73d68f433869188fe5e7f09c7f681ed51003da6aa5d19ce368726d8e271ee,42539 10 42795 10 43047 18 43303 18 43559 18 43815 18 44069 22 44325 22 44579 24 44835 24 45091 24 45347 24 45601 26 45857 26 46113 24 46369 24 46627 22 46883 22 47141 20 47397 20 47655 16 47911 16 48169 12 48425 12
4be73d68f433869188fe5e7f09c7f681ed51003da6aa5d19ce368726d8e271ee,21039 4 21295 4 21543 18 21799 18 22055 20 22311 20 22565 24 22821 24 23077 24 23333 24 23589 24 23845 24 24101 24 24357 24 24613 24 24869 24 25125 24 25381 24 25639 20 25895 20 26151 18 26407 18 26667 10 26923 10
4be73d68f433869188fe5e7f09c7f681ed51003da6aa5d19ce368726d8e271ee,12331 14 12587 14 12841 16 13097 16 13353 16 13609 16 13867 10 14123 10
4be73d68f433869188fe5e7f09c7f681ed51003da6aa5d19ce368726d8e271ee,75 14 331 14 587 14 843 14 1101 10 1357 10
4be73d68f433869188fe5e7f09c7f681ed51003da6aa5d19ce368726d8e271ee,49767 10 50023 10 50279 12 50535 12 50789 14 51045 14 51301 16 51557 16 51813 14 52069 14 52325 14 52581 14 52837 14 53093 14 53351 12 53607 12 53863 12 54119 12
4be73d68f433869188fe5e7f09c7f681ed51003da6aa5d19ce368726d8e271ee,43133 12 43389 12 43643 18 43899 18 44155 20 44411 20 44665 24 44921 24 45177 24 45433 24 45687 28 45943 28 46199 28 46455 28 46711 28 46967 28 47223 28 47479 28 47737 24 47993 24 48249 24 48505 24 48763 20 49019 20 49279 10 49535 10
4be73d68f433869188fe5e7f09c7f681ed51003da6aa5d19ce368726d8e271ee,51337 6 51593 6 51843 16 52099 16 52351 20 52607 20 52861 24 53117 24 53373 24 53629 24 53885 24 54141 24 54397 24 54653 24 54909 24 55165 24 55423 20 55679 20 55935 16 56191 16 56449 12 56705 12 56959 14 57215 14 57469 18 57725 18 57981 18 58237 18 58493 20 58749 20 59005 20 59261 20 59517 20 59773 20 60029 20 60285 20 60541 20 60797 20 61053 20 61309 20 61567 16 61823 16 62081 14 62337 14
4be73d68f433869188fe5e7f09c7f681ed51003da6aa5d19ce368726d8e271ee,5789 4 6045 4 6295 14 6551 14 6807 16 7063 16 7317 20 7573 20 7829 20 8085 20 8341 20 8597 20 8855 20 9111 20 9367 20 9623 20 9879 20 10135 20 10391 18 10647 18 10905 16 11161 16
4be73d68f433869188fe5e7f09c7f681ed51003da6aa5d19ce368726d8e271ee,62619 14 62875 14 63129 18 63385 18 63639 20 63895 20 64149 22 64405 22 64661 22 64917 22 65173 20 65429 20
4be73d68f433869188fe5e7f09c7f681ed51003da6aa5d19ce368726d8e271ee,19117 8 19373 8 19625 16 19881 16 20135 20 20391 20 20643 26 20899 26 21151 30 21407 30 21663 32 21919 32 22175 32 22431 32 22687 34 22943 34 23197 36 23453 36 23705 40 23961 40 24215 42 24471 42 24727 42 24983 42 25239 42 25495 42 25751 48 26007 48 26263 26 26291 22 26519 26 26547 22 26777 24 26805 22 27033 24 27061 22 27289 24 27317 22 27545 24 27573 22 27803 22 27829 22 28059 22 28085 22 28317 20 28339 24 28573 20 28595 24 28831 18 28851 26 29087 18 29107 26 29345 14 29361 26 29601 14 29617 26 29873 26 30129 26 30383 28 30639 28 30893 32 31149 32 31405 32 31661 32 31917 32 32173 32 32431 30 32687 30 32945 28 33201 28 33457 28 33713 28 33971 26 34227 26 34485 24 34741 24 34997 24 35253 24 35511 22 35767 22 36023 20 36279 20 36535 20 36791 20 37049 16 37305 16
4be73d68f433869188fe5e7f09c7f681ed51003da6aa5d19ce368726d8e271ee,33953 6 34209 6 34461 14 34717 14 34973 16 35229 16 35483 18 35739 18 35995 18 36251 18 36505 20 36761 20 37017 20 37273 20 37531 18 37787 18 38043 16 38299 16 38557 12 38813 12 39073 6 39329 6
4be73d68f433869188fe5e7f09c7f681ed51003da6aa5d19ce368726d8e271ee,159 24 415 24 671 24 927 24 1183 24 1439 24 1697 20 1953 20 2213 14 2469 14
4be73d68f433869188fe5e7f09c7f681ed51003da6aa5d19ce368726d8e271ee,51895 6 52151 6 52403 14 52659 14 52911 22 53167 22 53423 24 53679 24 53933 26 54189 26 54445 28 54701 28 54957 28 55213 28 55469 28 55725 28 55981 28 56237 28 56495 24 56751 24 57007 24 57263 24 57521 20 57777 20 58037 14 58293 14
4be73d68f433869188fe5e7f09c7f681ed51003da6aa5d19ce368726d8e271ee,3261 4 3517 4 3769 12 4025 12 4277 18 4533 18 4787 20 5043 20 5297 22 5553 22 5809 22 6065 22 6319 24 6575 24 6831 24 7087 24 7343 24 7599 24 7857 20 8113 20 8371 16 8627 16
4be73d68f433869188fe5e7f09c7f681ed51003da6aa5d19ce368726d8e271ee,10425 10 10681 10 10933 18 11189 18 11443 22 11699 22 11955 22 12211 22 12465 26 12721 26 12977 26 13233 26 13489 26 13745 26 14001 26 14257 26 14515 24 14771 24 15029 22 15285 22 15543 18 15799 18 16061 8 16317 8
4be73d68f433869188fe5e7f09c7f681ed51003da6aa5d19ce368726d8e271ee,40119 16 40375 16 40629 20 40885 20 41139 22 41395 22 41651 24 41907 24 42163 24 42419 24 42673 26 42929 26 43185 26 43441 26 43697 28 43953 28 44211 26 44467 26 44723 26 44979 26 45235 28 45491 28 45747 28 46003 28 46259 30 46515 30 46771 30 47027 30 47285 28 47323 6 47541 28 47579 6 47797 28 47829 14 48053 28 48085 14 48309 48 48565 48 48823 46 49079 46 49335 48 49591 48 49849 46 50105 46 50363 20 50387 20 50619 20 50643 20 50877 18 50901 18 51133 18 51157 18 51393 12 51413 16 51649 12 51669 16 51927 14 52183 14
4be73d68f433869188fe5e7f09c7f681ed51003da6aa5d19ce368726d8e271ee,63175 6 63431 6 63681 16 63937 16 64191 20 64447 20 64703 20 64959 20 65215 20 65471 20
4be73d68f433869188fe5e7f09c7f681ed51003da6aa5d19ce368726d8e271ee,211 8 467 8 719 16 975 16 1229 20 1485 20 1739 24 1995 24 2251 24 2507 24 2763 24 3019 24 3273 26 3529 26 3785 26 4041 26 4297 26 4553 26 4811 24 5067 24 5323 22 5579 22 5835 20 6091 20 6349 16 6605 16
4be73d68f433869188fe5e7f09c7f681ed51003da6aa5d19ce368726d8e271ee,229 28 485 28 741 28 997 28 1255 26 1511 26 1769 24 2025 24 2291 14 2547 14 2803 14 3059 14 3315 14 3571 14 3829 12 4085 12 4341 12 4597 12 4855 10 5111 10 5367 10 5623 10 5881 8 6137 8 6375 8 6391 10 6631 8 6647 10 6883 30 7139 30 7395 30 7651 30 7905 32 8161 32 8417 32 8673 32 8929 32 9185 32 9429 44 9685 44 9939 46 10195 46 10451 18 10471 26 10707 18 10727 26 10963 18 10985 12 11003 6 11219 18 11241 12 11259 6 11475 18 11497 12 11731 18 11753 12 11987 20 12243 20 12499 20 12755 20 13011 22 13267 22 13523 22 13779 22 14035 22 14291 22 14549 20 14805 20 15061 20 15317 20 15573 20 15829 20 16087 16 16343 16 16603 10 16859 10
4be73d68f433869188fe5e7f09c7f681ed51003da6aa5d19ce368726d8e271ee,24297 6 24553 6 24807 18 25063 18 25319 24 25575 24 25829 28 26085 28 26341 28 26597 28 26853 28 27109 28 27365 28 27621 28 27879 26 28135 26 28391 26 28647 26 28905 24 29161 24 29417 22 29673 22 29931 20 30187 20 30445 20 30701 20 30941 6 30957 18 31197 6 31213 18 31451 12 31471 16 31707 12 31727 16 31961 16 31981 18 32217 16 32237 18 32473 18 32493 18 32729 18 32749 18 32985 18 33005 18 33241 18 33261 18 33497 38 33753 38 34009 38 34265 38 34521 38 34777 38 35035 36 35291 36 35547 14 35563 20 35803 14 35819 20 36063 6 36077 16 36319 6 36333 16 36589 16 36845 16 37103 10 37359 10 37605 14 37861 14 38113 16 38369 16 38623 20 38879 20 39135 20 39157 8 39391 20 39413 8 39645 34 39901 34 40157 34 40413 34 40667 38 40923 38 41179 38 41435 38 41691 38 41947 38 42205 34 42461 34 42719 30 42975 30 43233 26 43489 26 43749 14 44005 14 44269 4 44525 4
4be73d68f433869188fe5e7f09c7f681ed51003da6aa5d19ce368726d8e271ee,56565 10 56821 10 57075 14 57331 14 57585 16 57841 16 58097 16 58353 16 58609 16 58865 16 59121 16 59377 16 59633 16 59889 16 60145 16 60401 16 60657 16 60913 16 61169 16 61425 16 61681 16 61937 16 62195 14 62451 14 62709 12 62965 12 63225 4 63481 4
4be73d68f433869188fe5e7f09c7f681ed51003da6aa5d19ce368726d8e271ee,14073 8 14329 8 14583 10 14839 10 15093 12 15349 12 15605 12 15861 12 16117 12 16373 12 16627 14 16883 14 17139 14 17395 14 17651 14 17907 14 18165 12 18421 12 18681 8 18937 8 19195 6 19451 6 19709 4 19965 4
4f949bd8d914bbfa06f40d6a0e2b5b75c38bf53dbcbafc48c97f105bee4f8fac,16 70 102 42 162 16 220 98 345 37 406 70 492 42 552 16 610 98 735 37 796 73 875 290 1186 73 1265 290 1576 73 1655 229 1890 55 1966 73 2045 229 2280 55 2356 73 2435 89 2527 24 2557 107 2670 55 2746 70 2829 112 2950 70 3030 24 3060 55 3136 70 3219 112 3340 70 3420 24 3450 55 3526 70 3609 115 3727 73 3810 24 3840 52 3916 70 3999 115 4117 73 4200 24 4230 52 4306 67 4392 143 4538 42 4590 21 4620 52 4696 67 4782 143 4928 42 4980 21 5010 52 5089 61 5172 45 5223 89 5321 39 5367 24 5403 49 5479 61 5562 45 5613 89 5711 39 5757 24 5793 49 5869 61 5958 21 5991 3 6003 89 6104 36 6147 24 6186 43 6259 61 6348 21 6381 3 6393 89 6494 36 6537 24 6576 43 6652 58 6747 6 6786 22 6814 58 6884 33 6924 27 6969 40 7042 58 7137 6 7176 22 7204 58 7274 33 7314 27 7359 40 7435 55 7566 19 7597 55 7658 39 7704 30 7752 37 7825 55 7956 19 7987 55 8048 39 8094 30 8142 37 8215 55 8352 7 8380 49 8435 36 8480 34 8526 43 8605 55 8682 9 8776 43 8825 30 8870 34 8913 46 8995 55 9072 9 9166 43 9215 30 9260 34 9303 46 9385 55 9459 21 9559 37 9605 24 9650 34 9693 43 9775 55 9849 21 9949 37 9995 24 10040 34 10083 43 10165 55 10239 24 10342 34 10385 24 10430 28 10470 31 10507 9 10555 55 10629 24 10732 34 10775 24 10820 28 10860 31 10897 9 10945 55 11019 27 11122 34 11165 27 11210 28 11250 31 11290 6 11335 55 11409 27 11512 34 11555 27 11600 28 11640 31 11680 6 11728 52 11799 27 11902 12 11920 19 11948 24 11994 24 12030 31 12070 3 12118 52 12189 27 12292 12 12310 19 12338 24 12384 24 12420 31 12460 3 12508 52 12575 31 12679 9 12703 16 12728 27 12770 31 12813 31 12898 52 12965 31 13069 9 13093 16 13118 27 13160 31 13203 31 13288 52 13355 34 13453 12 13483 19 13508 27 13550 37 13593 37 13678 55 13745 34 13840 15 13873 19 13898 27 13940 80 14068 55 14135 34 14230 15 14263 19 14288 27 14330 80 14458 55 14529 30 14617 18 14650 25 14678 27 14720 80 14848 55 14919 30 15007 18 15040 25 15068 27 15110 80 15238 55 15309 33 15394 21 15430 55 15500 80 15628 55 15699 33 15784 21 15820 55 15890 80 16018 52 16089 48 16174 21 16201 61 16277 83 16408 52 16479 48 16564 21 16591 61 16667 83 16798 49 16869 54 16954 18 16978 37 17018 24 17057 83 17188 49 17259 54 17344 18 17368 37 17408 24 17447 83 17578 43 17649 57 17737 15 17755 37 17798 24 17837 83 17968 43 18039 57 18127 15 18145 37 18188 24 18227 83 18361 40 18425 61 18520 9 18532 40 18578 21 18617 83 18751 40 18815 61 18910 9 18922 40 18968 21 19007 83 19141 40 19202 64 19306 49 19358 21 19397 80 19531 43 19592 67 19693 73 19784 83 19921 43 19982 67 20083 73 20174 83 20311 43 20372 67 20470 58 20534 9 20561 86 20701 43 20762 67 20860 58 20924 9 20951 86 21091 46 21152 13 21174 45 21250 58 21341 83 21481 46 21542 13 21564 45 21640 58 21731 83 21875 42 21932 10 21954 48 22027 61 22118 86 22265 42 22322 10 22344 48 22417 61 22508 86 22655 42 22712 7 22737 45 22807 58 22898 83 23045 42 23102 7 23127 45 23197 58 23288 83 23435 42 23492 10 23517 49 23587 21 23617 28 23681 80 23825 42 23882 10 23907 49 23977 21 24007 28 24071 80 24215 42 24272 13 24291 55 24367 18 24397 28 24461 80 24605 39 24662 77 24757 15 24787 28 24833 3 24851 76 24995 39 25052 77 25147 15 25177 28 25223 3 25241 76 25385 39 25442 77 25531 15 25567 55 25634 73 25775 39 25832 77 25921 15 25957 55 26024 73 26165 36 26222 80 26305 21 26335 70 26414 73 26555 36 26612 80 26695 21 26725 70 26804 73 26945 36 27002 186 27191 76 27335 36 27392 186 27581 76 27725 36 27779 268 28115 36 28169 268 28505 33 28559 49 28617 207 28895 33 28949 49 29007 207 29288 30 29342 31 29403 159 29568 33 29678 30 29732 31 29793 159 29958 33 30068 45 30122 19 30183 73 30263 79 30354 18 30458 48 30515 13 30573 70 30653 45 30704 28 30741 18 30848 48 30905 13 30963 70 31043 45 31094 28 31131 18 31241 48 31299 9 31353 70 31433 45 31481 34 31521 18 31631 48 31689 9 31743 70 31823 45 31871 34 31911 18 32021 51 32079 9 32133 70 32213 45 32261 37 32301 21 32411 51 32469 9 32523 70 32603 45 32651 37 32691 21 32801 70 32916 43 32965 15 32990 48 33041 61 33191 70 33306 43 33355 15 33380 48 33431 61 33584 70 33699 34 33745 12 33770 45 33821 61 33974 70 34089 34 34135 12 34160 45 34211 61 34364 82 34482 22 34550 45 34601 61 34754 82 34872 22 34940 45 34991 61 35144 82 35266 21 35333 45 35381 64 35534 85 35659 21 35723 91 35817 24 35924 85 36049 21 36113 91 36207 24 36314 91 36439 21 36475 9 36506 88 36603 18 36704 91 36829 21 36865 9 36896 88 36993 18 37097 88 37219 21 37252 15 37292 52 37350 24 37383 18 37487 88 37609 21 37642 15 37682 52 37740 24 37773 18 37880 85 37996 24 38029 24 38075 45 38130 24 38163 18 38270 85 38386 24 38419 24 38465 45 38520 24 38553 18 38663 82 38772 28 38806 37 38858 42 38913 24 38940 18 39053 82 39162 28 39196 37 39248 42 39303 24 39330 18 39443 49 39498 27 39549 25 39586 40 39641 36 39693 45 39833 49 39888 27 39939 25 39976 40 40031 36 40083 45 40220 24 40253 19 40278 24 40326 25 40363 43 40424 33 40473 42 40610 24 40643 19 40668 24 40716 25 40753 43 40814 33 40863 42 41000 24 41042 40 41097 34 41143 43 41204 33 41256 39 41390 24 41432 37 41481 37 41533 46 41582 45 41661 24 41780 24 41822 37 41871 37 41923 46 41972 45 42051 24 42170 27 42209 34 42258 40 42313 97 42438 27 42560 27 42599 34 42648 40 42703 97 42828 27 42950 70 43035 40 43093 113 43215 27 43340 70 43425 40 43483 113 43605 27 43730 70 43815 34 43873 149 44120 70 44205 34 44263 149 44510 73 44595 24 44650 43 44699 100 44900 73 44985 24 45040 43 45089 100 45290 73 45375 24 45427 43 45479 97 45680 73 45765 24 45817 43 45869 97 46070 76 46155 21 46207 36 46259 91 46463 73 46545 21 46597 30 46649 91 46853 73 46935 21 46987 30 47039 91 47246 67 47328 15 47377 12 47395 3 47429 88 47636 67 47718 15 47767 12 47785 3 47819 88 48029 64 48111 12 48200 97 48419 64 48501 12 48590 97 48803 70 48912 10 48976 98 49193 70 49302 10 49366 98 49580 70 49686 22 49732 9 49753 98 49970 70 50076 22 50122 9 50143 98 50357 73 50466 25 50509 15 50533 98 50747 73 50856 25 50899 15 50923 98 51137 73 51246 25 51286 18 51313 98 51527 73 51636 25 51676 18 51703 98 51917 70 52026 25 52063 21 52096 92 52307 70 52416 25 52453 18 52486 25 52514 9 52526 40 52697 70 52806 25 52843 18 52876 25 52904 9 52916 40 53090 64 53166 12 53196 28 53230 21 53266 22 53306 40 53480 64 53556 12 53586 28 53620 21 53656 22 53696 40 53870 64 53943 18 53976 28 54007 21 54046 22 54086 40 54260 64 54333 18 54366 28 54397 21 54436 22 54476 40 54653 58 54723 24 54756 28 54787 21 54820 86 55043 58 55113 24 55146 28 55177 21 55210 86 55433 61 55503 58 55567 21 55597 86 55823 61 55893 58 55957 21 55987 86 56219 6 56228 46 56283 58 56347 21 56377 83 56609 6 56618 46 56673 58 56737 21 56767 83 57008 113 57127 24 57154 86 57398 113 57517 24 57544 86 57788 91 57882 16 57904 27 57934 86 58178 91 58276 134 58568 91 58666 134 58958 76 59037 15 59062 125 59348 76 59427 15 59452 125 59738 76 59820 147 60128 76 60210 147 60521 70 60597 89 60689 58 60911 70 60987 89 61079 58 61304 159 61469 21 61493 34 61694 159 61859 21 61883 34 62090 153 62249 58 62480 153 62639 58 62873 150 63029 58 63263 150 63422 52 63653 150 63812 52 64043 116 64165 31 64202 33 64244 3 64433 116 64555 31 64592 33 64634 3 64820 82 64915 27 64945 31 64982 33 65210 82 65305 27 65335 31 65372 33 65600 79 65695 27 65725 73 65990 79 66085 27 66115 73 66380 76 66475 27 66508 73 66770 76 66865 27 66898 73 67160 76 67252 109 67550 76 67642 109 67943 34 67989 30 68029 109 68333 34 68379 30 68419 109 68723 34 68772 27 68809 79 68894 15 69116 34 69162 30 69199 12 69214 64 69506 34 69552 30 69589 12 69604 64 69905 25 69942 85 70036 19 70295 25 70332 85 70426 19 70685 25 70722 85 70816 19 71075 25 71112 85 71206 19 71465 25 71502 85 71596 19 71855 25 71892 85 71986 19 72245 25 72282 85 72376 19 72635 25 72672 85 72766 19 73025 25 73062 113 73415 25 73452 113 73809 18 73845 49 73897 58 74199 15 74235 46 74287 55 74589 15 74625 46 74677 55 74982 6 75015 46 75067 43 75372 6 75405 46 75457 43 75792 27 75822 22 75847 43 76182 27 76212 22 76237 43 76572 27 76606 18 76627 43 76962 27 76996 18 77017 43 77352 27 77386 64 77742 27 77776 64 78132 27 78162 68 78522 27 78552 68 78915 24 78942 68 79305 24 79332 68 79695 21 79722 71 80085 18 80112 31 80149 6 80161 22 80475 18 80502 31 80539 6 80551 22 80865 18 80889 34 80941 22 81255 18 81279 34 81331 22 81645 61 81721 22 82035 61 82111 22 82425 37 82465 21 82501 22 82815 37 82855 21 82891 22 83205 37 83248 18 83284 16 83595 37 83638 18 83674 16 83985 40 84028 18 84375 40 84418 18 84765 40 84811 15 85158 40 85201 12 85548 40 85591 12 85941 37 85984 9 86331 37 86374 9 86730 25 86764 6 87120 25 87154 6 87513 22 87544 3 87903 22 87934 3 88299 10 88689 10
4f949bd8d914bbfa06f40d6a0e2b5b75c38bf53dbcbafc48c97f105bee4f8fac,8733 3 9123 3 9510 19 9900 19 10287 28 10677 28 11067 31 11457 31 11847 31 12237 31 12630 28 13020 28 13410 28 13800 28 14190 28 14583 22 14973 22 15363 19 15753 19 16146 10 16536 10
505bc0a3928d8aef5ce441c5a611fdd32e1e8eccdc15cc3a52b88030acb50f81,71685 8 72197 8 72709 8 73221 8 73733 8 74241 20 74753 20 75265 20 75777 20 76289 20 76801 24 77313 24 77825 24 78337 24 78849 24 79361 28 79873 28 80385 28 80897 28 81409 28 81921 28 82433 28 82945 28 83457 28 83969 28 84481 28 84993 28 85505 28 86017 28 86529 28 87041 24 87553 24 88065 24 88577 24 89089 24 89601 24 90113 24 90625 24 91137 24 91649 24 92161 24 92673 24 93185 24 93697 24 94209 24 94721 24 95233 24 95745 24 96257 24 96769 24 97281 28 97793 28 98305 28 98817 28 99329 28 99841 32 100353 32 100865 32 101377 32 101889 32 102401 36 102913 36 103425 36 103937 36 104449 36 104961 36 105473 36 105985 36 106497 36 107009 36 107521 36 108033 36 108545 36 109057 36 109569 36 110081 40 110593 40 111105 40 111617 40 112129 40 112641 40 113153 40 113665 40 114177 40 114689 40 115201 40 115713 40 116225 40 116737 40 117249 40 117761 36 118273 36 118785 36 119297 36 119809 36 120321 36 120833 36 121345 36 121857 36 122369 36 122881 36 123393 36 123905 36 124417 36 124929 36 125441 36 125953 36 126465 36 126977 36 127489 36 128001 32 128513 32 129025 32 129537 32 130049 32 130561 32 131073 32 131585 32 132097 32 132609 32 133121 28 133633 28 134145 28 134657 28 135169 28 135681 24 136193 24 136705 24 137217 24 137729 24 138241 20 138753 20 139265 20 139777 20 140289 20 140801 16 141313 16 141825 16 142337 16 142849 16 143365 4 143877 4 144389 4 144901 4 145413 4
505bc0a3928d8aef5ce441c5a611fdd32e1e8eccdc15cc3a52b88030acb50f81,123133 44 123645 44 124157 44 124669 44 125181 44 125685 56 126197 56 126709 56 127221 56 127733 56 128237 68 128749 68 129261 68 129773 68 130285 68 130793 76 131305 76 131817 76 132329 76 132841 76 133349 84 133861 84 134373 84 134885 84 135397 84 135909 84 136421 84 136933 84 137445 84 137957 84 138465 88 138977 88 139489 88 140001 88 140513 88 141025 88 141537 88 142049 88 142561 88 143073 88 143585 88 144097 88 144609 88 145121 88 145633 88 146145 84 146657 84 147169 84 147681 84 148193 84 148709 80 149221 80 149733 80 150245 80 150757 80 151273 68 151785 68 152297 68 152809 68 153321 68 153841 48 154353 48 154865 48 155377 48 155889 48 156409 28 156921 28 157433 28 157945 28 158457 28
505bc0a3928d8aef5ce441c5a611fdd32e1e8eccdc15cc3a52b88030acb50f81,166649 24 167161 24 167673 24 168185 24 168697 24 169213 28 169725 28 170237 28 170749 28 171261 28 171773 32 172285 32 172797 32 173309 32 173821 32 174333 32 174845 32 175357 32 175869 32 176381 32 176897 28 177409 28 177921 28 178433 28 178945 28 179465 12 179977 12 180489 12 181001 12 181513 12
505bc0a3928d8aef5ce441c5a611fdd32e1e8eccdc15cc3a52b88030acb50f81,148849 40 149361 40 149873 40 150385 40 150897 40 151401 56 151913 56 152425 56 152937 56 153449 56 153957 68 154469 68 154981 68 155493 68 156005 68 156513 76 157025 76 157537 76 158049 76 158561 76 159065 84 159577 84 160089 84 160601 84 161113 84 161621 92 162133 92 162645 92 163157 92 163669 92 164177 96 164689 96 165201 96 165713 96 166225 96 166733 104 167245 104 167757 104 168269 104 168781 104 169289 112 169801 112 170313 112 170825 112 171337 112 171845 120 172357 120 172869 120 173381 120 173893 120 174405 124 174917 124 175429 124 175941 124 176453 124 176965 128 177477 128 177989 128 178501 128 179013 128 179521 132 180033 132 180545 132 181057 132 181569 132 182081 132 182593 132 183105 132 183617 132 184129 132 184641 132 185153 132 185665 132 186177 132 186689 132 187197 92 187293 44 187709 92 187805 44 188221 92 188317 44 188733 92 188829 44 189245 92 189341 44 189757 84 189857 40 190269 84 190369 40 190781 84 190881 40 191293 84 191393 40 191805 84 191905 40 192317 92 192417 40 192829 92 192929 40 193341 92 193441 40 193853 92 193953 40 194365 92 194465 40 194877 136 195389 136 195901 136 196413 136 196925 136 197437 136 197949 136 198461 136 198973 136 199485 136 199997 132 200509 132 201021 132 201533 132 202045 132 202561 128 203073 128 203585 128 204097 128 204609 128 205121 124 205633 124 206145 124 206657 124 207169 124 207681 124 208193 124 208705 124 209217 124 209729 124 210245 116 210757 116 211269 116 211781 116 212293 116 212805 36 212849 72 213317 36 213361 72 213829 36 213873 72 214341 36 214385 72 214853 36 214897 72 215365 112 215877 112 216389 112 216901 112 217413 112 217929 104 218441 104 218953 104 219465 104 219977 104 220489 100 221001 100 221513 100 222025 100 222537 100 223053 92 223565 92 224077 92 224589 92 225101 92 225617 32 225661 40 226129 32 226173 40 226641 32 226685 40 227153 32 227197 40 227665 32 227709 40 228185 20 228229 24 228697 20 228741 24 229209 20 229253 24 229721 20 229765 24 230233 20 230277 24
519dc0d672d1c295fc69b629af8721ccb1a1f136d1976685a68487e62547ffe0,56835 14 57091 14 57345 16 57601 16 57857 18 58113 18 58369 18 58625 18 58881 18 59137 18 59393 16 59649 16 59905 16 60161 16 60417 14 60673 14 60929 10 61185 10 61443 4 61699 4
519dc0d672d1c295fc69b629af8721ccb1a1f136d1976685a68487e62547ffe0,32781 10 33037 10 33293 12 33549 12 33803 14 34059 14 34315 14 34571 14 34829 12 35085 12 35341 10 35597 10
519dc0d672d1c295fc69b629af8721ccb1a1f136d1976685a68487e62547ffe0,25141 8 25397 8 25651 14 25907 14 26163 14 26419 14 26675 16 26931 16 27187 16 27443 16 27699 16 27955 16 28211 14 28467 14 28725 12 28981 12 29243 4 29499 4
519dc0d672d1c295fc69b629af8721ccb1a1f136d1976685a68487e62547ffe0,28267 10 28523 10 28777 16 29033 16 29287 20 29543 20 29799 22 30055 22 30311 22 30567 22 30823 22 31079 22 31337 20 31593 20 31851 18 32107 18 32365 12 32621 12
519dc0d672d1c295fc69b629af8721ccb1a1f136d1976685a68487e62547ffe0,61549 14 61805 14 62057 20 62313 20 62569 20 62825 20 63079 24 63335 24 63593 20 63849 20 64105 20 64361 20 64619 16 64875 16
519dc0d672d1c295fc69b629af8721ccb1a1f136d1976685a68487e62547ffe0,17529 12 17785 12 18037 20 18293 20 18547 24 18803 24 19059 26 19315 26 19571 26 19827 26 20085 24 20341 24 20599 20 20855 20 21111 20 21367 20 21627 12 21883 12
519dc0d672d1c295fc69b629af8721ccb1a1f136d1976685a68487e62547ffe0,51321 12 51577 12 51829 18 52085 18 52341 20 52597 20 52851 22 53107 22 53363 22 53619 22 53875 20 54131 20 54389 18 54645 18 54901 16 55157 16
519dc0d672d1c295fc69b629af8721ccb1a1f136d1976685a68487e62547ffe0,42111 18 42367 18 42621 24 42877 24 43133 26 43389 26 43645 28 43901 28 44157 28 44413 28 44671 26 44927 26 45183 24 45439 24 45697 20 45953 20 46215 6 46471 6
519dc0d672d1c295fc69b629af8721ccb1a1f136d1976685a68487e62547ffe0,3751 12 3779 6 4007 12 4035 6 4261 18 4287 12 4517 18 4543 12 4771 22 4799 14 5027 22 5055 14 5283 24 5311 14 5539 24 5567 14 5795 26 5823 14 6051 26 6079 14 6307 42 6563 42 6819 42 7075 42 7333 26 7361 12 7589 26 7617 12 7845 26 7875 8 8101 26 8131 8 8359 24 8615 24 8873 20 9129 20 9389 16 9645 16 9911 2 10167 2
519dc0d672d1c295fc69b629af8721ccb1a1f136d1976685a68487e62547ffe0,63697 12 63953 12 64207 18 64463 18 64717 22 64973 22 65229 22 65485 22
51c70bb8a299943b27f8b354571272692d8f2705036a1a9562156c76da5f025b,62465 10 62721 10 62977 14 63233 14 63489 14 63745 14 64001 22 64257 22 64513 26 64769 26 65027 24 65283 24
51c70bb8a299943b27f8b354571272692d8f2705036a1a9562156c76da5f025b,31377 2 31633 2 31887 6 32143 6 32401 4 32657 4
51c70bb8a299943b27f8b354571272692d8f2705036a1a9562156c76da5f025b,41645 10 41901 10 42157 10 42413 10 42669 12 42925 12 43181 10 43437 10 43693 10 43949 10 44209 4 44465 4
51c70bb8a299943b27f8b354571272692d8f2705036a1a9562156c76da5f025b,40129 10 40385 10 40639 14 40895 14 41149 16 41405 16 41661 16 41917 16 42173 16 42429 16 42685 14 42941 14 43199 10 43455 10
51c70bb8a299943b27f8b354571272692d8f2705036a1a9562156c76da5f025b,26875 6 27131 6 27385 8 27641 8 27897 8 28153 8 28409 8 28665 8 28921 8 29177 8 29435 6 29691 6
51c70bb8a299943b27f8b354571272692d8f2705036a1a9562156c76da5f025b,23293 4 23549 4 23805 4 24061 4 24317 4 24573 4 24829 4 25085 4 25341 4 25597 4
52b267e20519174e3ce1e1994b5d677804b16bc670aa5f6ffb6344a0fdf63fde,2863 6 3123 6 3383 6 3641 12 3901 12 4161 14 4421 14 4681 14 4941 16 5201 16 5461 16 5721 18 5981 18 6241 30 6501 30 6761 30 7021 32 7281 32 7541 32 7801 32 8061 32 8321 32 8583 33 8843 33 9107 26 9367 26 9627 26 9889 24 10149 24 10409 24 10667 26 10927 26 11183 28 11443 28 11703 28 11963 24 12223 24 12483 24 12743 16 13003 16 13263 16 13523 10 13783 10
52b267e20519174e3ce1e1994b5d677804b16bc670aa5f6ffb6344a0fdf63fde,18201 10 18461 10 18721 10 18981 12 19241 12 19501 12 19761 14 20021 14 20281 14 20541 14 20801 14 21061 12 21321 12 21581 12 21841 10 22101 10 22361 10
52b267e20519174e3ce1e1994b5d677804b16bc670aa5f6ffb6344a0fdf63fde,26781 4 27041 4 27301 4 27561 8 27821 8 28081 8 28341 8 28601 8 28861 8 29121 8 29381 8 29641 10 29901 10 30161 10 30421 10 30681 10 30941 8 31201 8 31461 8 31721 8 31981 8 32241 8 32501 6 32761 6
52b267e20519174e3ce1e1994b5d677804b16bc670aa5f6ffb6344a0fdf63fde,35883 4 36143 4 36403 4 36663 10 36923 10 37183 10 37441 12 37701 12 37961 12 38221 12 38481 12 38741 10 39001 10 39261 10 39521 10 39781 10 40041 10 40301 8 40561 8 40821 8 41081 8 41341 8 41601 8 41861 8 42121 8 42381 8 42641 8 42901 8 43161 8 43421 8 43681 8 43941 8 44201 8 44461 10 44721 10 44981 10 45241 10 45501 10 45761 10 46021 10 46281 10 46541 8 46801 8 47061 8 47321 6 47581 6 47843 2 48103 2 48363 2
52b267e20519174e3ce1e1994b5d677804b16bc670aa5f6ffb6344a0fdf63fde,37993 7 38253 7 38513 7 38767 17 39027 17 39287 17 39545 19 39805 19 40065 19 40323 21 40583 21 40843 19 41103 19 41363 19 41621 19 41881 19 42141 19 42401 19 42438 8 42661 19 42698 8 42921 19 42952 16 43181 19 43212 16 43441 19 43472 16 43701 21 43730 18 43961 21 43990 18 44221 21 44250 18 44483 21 44508 22 44743 21 44768 22 45003 21 45028 22 45269 39 45529 39 45791 35 46051 35 46311 35 46571 15 46588 14 46831 15 46848 14 47091 15 47108 14 47353 13 47613 13 47869 19 48129 19 48389 19 48647 23 48907 23 49167 23 49427 25 49687 25 49945 27 50205 27 50465 27 50727 25 50987 25 51247 25 51489 8 51509 21 51749 8 51769 21 52009 8 52029 21 52267 16 52298 8 52527 16 52558 8 52785 24 52824 4 53045 24 53084 4 53305 24 53344 4 53565 26 53598 14 53825 26 53858 14 54085 26 54118 14 54345 47 54605 47 54865 8 54875 37 55125 8 55135 37 55385 8 55395 37 55645 8 55657 8 55667 23 55905 8 55917 8 55927 23 56165 8 56177 8 56187 23 56425 20 56449 17 56685 20 56709 17 56945 20 56969 17 57205 35 57465 35 57725 31 57985 31 58245 31 58503 37 58763 37 59023 37 59281 41 59541 41 59801 41 60061 41 60321 41 60581 10 60601 21 60841 10 60861 21 61101 10 61121 21 61363 4 61381 21 61623 4 61641 21 61883 4 61901 21 62165 15 62425 15
52b267e20519174e3ce1e1994b5d677804b16bc670aa5f6ffb6344a0fdf63fde,63443 6 63703 6 63963 6 64221 10 64481 10 64741 12 65001 12 65261 12 65521 12 65781 12 66041 12 66301 10 66561 10 66821 10 67083 6 67343 6
52b267e20519174e3ce1e1994b5d677804b16bc670aa5f6ffb6344a0fdf63fde,71241 6 71501 6 71761 6 72021 6 72281 6 72541 6 72801 6 73061 6 73321 6 73581 6 73841 6 74103 4 74363 4
52b267e20519174e3ce1e1994b5d677804b16bc670aa5f6ffb6344a0fdf63fde,77483 4 77743 4 78003 4 78261 10 78521 10 78781 10 79041 12 79301 12 79561 12 79821 12 80081 12 80341 12 80601 12 80861 12 81121 26 81381 26 81649 20 81676 14 81909 20 81936 14 82169 20 82196 14 82429 45 82689 45 82949 45 83207 47 83467 47 83727 47 83987 49 84247 49 84509 47 84769 47 85029 47 85305 31 85565 31 85825 31 86100 14 86360 14 86620 14 86880 14 87140 14 87400 14 87660 14 87920 14 88180 12 88440 12 88700 12 88962 8 89222 8
52b267e20519174e3ce1e1994b5d677804b16bc670aa5f6ffb6344a0fdf63fde,86583 2 86843 2 87103 2 87361 6 87621 6 87881 6 88141 10 88401 10 88661 10 88921 18 89181 18 89441 14 89701 14 89961 14
52b267e20519174e3ce1e1994b5d677804b16bc670aa5f6ffb6344a0fdf63fde,19 39 279 39 539 39 791 49 1051 49 1319 39 1579 39 1839 39 2109 29 2369 29 2629 29 2898 20 3158 20 3418 20 3682 14 3942 14 4212 4 4472 4 4732 4
52b267e20519174e3ce1e1994b5d677804b16bc670aa5f6ffb6344a0fdf63fde,21857 4 22117 4 22377 4 22633 12 22893 12 23153 12 23413 12 23673 12 23931 14 24191 14 24451 14 24711 14 24971 14 25231 14 25491 14 25751 14 26011 14 26271 14 26531 14 26791 12 27051 12 27311 12
52b267e20519174e3ce1e1994b5d677804b16bc670aa5f6ffb6344a0fdf63fde,72051 9 72311 9 72567 15 72827 15 73087 15 73345 17 73605 17 73865 17 74125 15 74385 15 74643 13 74903 13 75163 13 75421 12 75681 12 75941 12 76201 10 76461 10 76721 10 76981 10 77241 10 77503 6 77763 6 78023 6
52b267e20519174e3ce1e1994b5d677804b16bc670aa5f6ffb6344a0fdf63fde,20580 14 20840 14 21098 18 21358 18 21618 18 21878 20 22138 20 22398 20 22656 20 22916 20 23178 16 23438 16 23698 16 23960 10 24220 10 24480 10
52b267e20519174e3ce1e1994b5d677804b16bc670aa5f6ffb6344a0fdf63fde,33858 12 34118 12 34378 12 34632 18 34892 18 35152 18 35408 22 35668 22 35926 24 36186 24 36446 24 36706 22 36966 22 37226 22 37486 10 37746 10
52b267e20519174e3ce1e1994b5d677804b16bc670aa5f6ffb6344a0fdf63fde,11234 14 11494 14 11754 14 12010 20 12270 20 12530 20 12790 22 13050 22 13310 22 13570 24 13830 24 14090 24 14350 24 14610 24 14872 24 15132 24 15392 24 15656 20 15916 20 16178 18 16438 18 16698 18 16962 14 17222 14 17482 14 17746 10 18006 10 18268 4 18528 4 18788 4
52b267e20519174e3ce1e1994b5d677804b16bc670aa5f6ffb6344a0fdf63fde,54932 10 54954 2 55192 10 55214 2 55452 10 55474 2 55708 16 55726 17 55968 16 55986 17 56228 16 56246 17 56484 41 56744 41 57004 41 57264 41 57524 41 57784 39 58044 39 58304 39 58564 39 58824 39 59084 39 59348 33 59608 33 59870 14 59886 4 59894 9 60130 14 60146 4 60154 9 60390 14 60406 4 60414 9 60650 12 60674 11 60910 12 60934 11 61170 12 61194 11 61428 12 61452 13 61688 12 61712 13 61948 12 61972 13 62206 10 62228 19 62466 10 62488 19 62726 10 62746 21 62986 10 63006 21 63246 10 63266 21 63506 10 63524 21 63766 10 63784 21 64026 10 64044 21 64286 8 64306 17 64546 8 64566 17 64810 4 64828 4 65070 4 65088 4 65330 4 65348 4 65584 12 65844 12 66104 12 66362 16 66622 16 66882 16 67138 18 67398 18 67656 16 67916 16 68176 16 68434 16 68694 16 68954 16 69214 12 69474 12 69734 8 69994 8 70254 8
52b267e20519174e3ce1e1994b5d677804b16bc670aa5f6ffb6344a0fdf63fde,84605 4 84865 4 85125 4 85348 31 85381 10 85608 31 85641 10 85868 31 85901 10 86126 45 86386 45 86644 47 86904 47 87164 47 87422 51 87682 51 87942 51 88200 53 88460 53 88720 53 88978 57 89238 57 89500 51 89760 51 90020 51
52b267e20519174e3ce1e1994b5d677804b16bc670aa5f6ffb6344a0fdf63fde,14126 13 14386 13 14646 13 14904 17 15164 17 15424 17 15682 31 15942 31 16204 31 16464 31 16724 31 16986 29 17246 29 17506 29 17770 25 18030 25 18290 4 18296 17 18550 4 18556 17 18810 4 18816 17 19066 27 19326 27 19586 27 19832 39 20092 39 20352 39 20612 37 20872 37 21130 35 21390 35 21650 35 21908 33 22168 33 22428 33 22684 37 22944 37 23202 37 23462 37 23722 37 23980 39 24240 39 24500 39 24760 30 25020 30 25280 30 25540 26 25800 26 26060 12 26320 12 26580 12
52b267e20519174e3ce1e1994b5d677804b16bc670aa5f6ffb6344a0fdf63fde,1374 8 1386 15 1634 8 1646 15 1894 8 1906 15 2150 33 2410 33 2670 33 2930 33 3190 33 3450 33 3710 33 3970 33 4230 33 4490 33 4750 33 5014 8 5024 29 5274 8 5284 29 5534 8 5544 29 5816 21 6076 21 6334 25 6594 25 6854 25 7110 29 7370 29 7630 29 7886 33 8146 33 8406 33 8666 33 8926 33 9186 10 9201 16 9446 10 9461 16 9706 10 9721 16 9966 8 10226 8 10486 8 10748 4 11008 4
52b267e20519174e3ce1e1994b5d677804b16bc670aa5f6ffb6344a0fdf63fde,34660 6 34920 6 35180 6 35440 8 35700 8 35962 6 36222 6 36482 6 36744 4 37004 4 37264 4
52b267e20519174e3ce1e1994b5d677804b16bc670aa5f6ffb6344a0fdf63fde,76270 6 76530 6 76786 13 77046 13 77306 13 77564 15 77824 15 78084 15 78344 15 78604 15 78864 15 79124 15 79384 15 79644 12 79904 12 80164 12 80428 6 80688 6 80948 6
52b267e20519174e3ce1e1994b5d677804b16bc670aa5f6ffb6344a0fdf63fde,40916 7 41176 7 41436 7 41692 15 41952 15 42212 15 42470 17 42730 17 42988 19 43248 19 43508 19 43768 19 44028 19 44288 19 44548 17 44808 17 45068 17 45326 19 45586 19 45848 15 46108 15 46368 15 46628 11 46888 11 47148 11
52b267e20519174e3ce1e1994b5d677804b16bc670aa5f6ffb6344a0fdf63fde,27661 14 27921 14 28176 21 28436 21 28696 21 28954 25 29214 25 29474 25 29734 25 29994 25 30254 25 30514 27 30774 27 31034 27 31294 27 31554 27 31814 27 32074 27 32334 27 32594 37 32854 37 33114 41 33374 41 33634 41 33899 10 33915 20 34159 10 34175 20 34419 10 34435 20 34695 22 34955 22 35215 22 35473 22 35733 22 35991 24 36251 24 36511 24 36771 22 37031 22 37291 22 37551 20 37811 20 38071 16 38091 8 38331 16 38351 8 38591 16 38611 8 38853 10 38869 12 39113 10 39129 12 39373 10 39389 12 39647 16 39907 16 40167 16 40427 14 40687 14 40947 14 41207 14 41467 14 41731 8 41991 8 42251 8
52b267e20519174e3ce1e1994b5d677804b16bc670aa5f6ffb6344a0fdf63fde,76301 10 76561 10 76817 16 77077 16 77337 16 77595 20 77855 20 78115 20 78373 24 78633 24 78893 24 79151 26 79411 26 79667 30 79927 30 80187 30 80447 28 80707 28 80967 28 81227 26 81487 26 81747 18 82007 18 82267 18
52b267e20519174e3ce1e1994b5d677804b16bc670aa5f6ffb6344a0fdf63fde,115 79 375 79 635 79 891 85 1151 85 1413 83 1673 83 1933 83 2199 34 2250 22 2459 34 2510 22 2719 34 2770 22 2983 26 3034 10 3243 26 3294 10 3503 26 3554 10 3767 20 3816 4 4027 20 4076 4 4291 10 4551 10 4811 10
52b267e20519174e3ce1e1994b5d677804b16bc670aa5f6ffb6344a0fdf63fde,49517 10 49777 10 50033 18 50293 18 50553 18 50811 22 51071 22 51331 22 51591 22 51851 22 52111 22 52371 22 52631 22 52891 18 53151 18 53411 18 53673 16 53933 16 54193 16 54453 14 54713 14 54973 12 55233 12 55493 12 55753 10 56013 10 56273 10
52b267e20519174e3ce1e1994b5d677804b16bc670aa5f6ffb6344a0fdf63fde,23257 4 23517 4 23777 4 24037 4 24297 4 24557 4
52b267e20519174e3ce1e1994b5d677804b16bc670aa5f6ffb6344a0fdf63fde,53713 13 53973 13 54233 13 54475 31 54735 31 54993 33 55253 33 55513 33 55773 33 56033 33 56293 33 56551 35 56811 35 57071 35 57331 35 57591 35 57851 33 58111 33 58371 33 58631 10 58649 12 58891 10 58909 12 59151 10 59169 12 59413 8 59441 15 59673 8 59701 15 59933 10 59955 23 60193 10 60215 23 60453 10 60475 23 60713 10 60729 31 60973 10 60989 31 61233 10 61249 31 61493 10 61507 43 61753 10 61767 43 62013 10 62027 43 62275 6 62287 47 62348 8 62535 6 62547 47 62608 8 62797 2 62807 49 62866 14 63057 2 63067 49 63126 14 63317 2 63327 49 63386 14 63573 10 63589 12 63608 28 63646 20 63833 10 63849 12 63868 28 63906 20 64093 10 64109 12 64128 28 64166 20 64351 14 64388 28 64426 23 64611 14 64648 28 64686 23 64871 14 64910 26 64948 21 65131 14 65170 26 65208 21 65391 14 65430 26 65468 21 65651 14 65698 16 65726 23 65757 4 65911 14 65958 16 65986 23 66017 4 66171 14 66218 16 66246 23 66277 4 66431 12 66478 6 66492 4 66502 43 66691 12 66738 6 66752 4 66762 43 66951 12 66998 6 67012 4 67022 43 67213 8 67256 6 67270 55 67473 8 67516 6 67530 55 67772 10 67788 57 68032 10 68048 57 68292 10 68308 57 68521 45 68568 18 68592 31 68781 45 68828 18 68852 31 69041 45 69088 18 69112 31 69283 12 69299 47 69350 12 69384 17 69543 12 69559 47 69610 12 69644 17 69801 65 69872 8 69902 17 70061 65 70132 8 70162 17 70321 65 70392 8 70422 17 70581 65 70680 19 70841 65 70940 19 71101 65 71200 19 71361 55 71460 17 71621 55 71720 17 71881 55 71980 17 72143 8 72153 37 72242 15 72403 8 72413 37 72502 15 72673 31 72933 31 73193 31 73453 26 73713 26 73973 26 74233 26 74493 26 74755 26 75015 26 75275 26 75537 12 75555 11 75797 12 75815 11 76057 12 76075 11 76321 8 76335 15 76581 8 76595 15 76843 8 76857 13 77103 8 77117 13 77363 8 77377 13 77623 8 77635 17 77883 8 77895 17 78143 8 78155 17 78405 6 78413 17 78665 6 78673 17 78925 6 78933 17 79187 2 79193 17 79447 2 79453 17 79705 23 79965 23 80225 23 80485 14 80745 14 81005 14 81265 14 81525 14 81785 14 82045 14 82305 14 82567 10 82827 10 83087 10
52b267e20519174e3ce1e1994b5d677804b16bc670aa5f6ffb6344a0fdf63fde,14167 16 14427 16 14687 16 14945 20 15205 20 15465 20 15725 20 15985 20 16243 24 16503 24 16763 24 17025 22 17285 22 17545 22 17805 22 18065 22 18327 18 18587 18 18847 18 19111 4 19371 4 19631 4
52b267e20519174e3ce1e1994b5d677804b16bc670aa5f6ffb6344a0fdf63fde,84129 8 84150 4 84389 8 84410 4 84643 16 84664 14 84903 16 84924 14 85163 16 85184 14 85421 37 85681 37 85941 37 86187 53 86447 53 86705 55 86965 55 87225 55 87485 53 87745 53 88005 53 88265 24 88299 19 88525 24 88559 19 88785 24 88819 19 89047 8 89061 6 89084 8 89096 8 89307 8 89321 6 89344 8 89356 8 89618 6 89878 6 90138 6
52b267e20519174e3ce1e1994b5d677804b16bc670aa5f6ffb6344a0fdf63fde,46679 8 46939 8 47199 8 47457 12 47717 12 47977 12 48237 12 48497 12 48757 12 49017 12 49277 12 49539 8 49799 8
52b267e20519174e3ce1e1994b5d677804b16bc670aa5f6ffb6344a0fdf63fde,31888 10 32148 10 32408 10 32649 31 32909 31 33167 33 33204 12 33427 33 33464 12 33687 33 33724 12 33945 53 34205 53 34465 53 34725 53 34985 53 35245 53 35505 35 35542 14 35765 35 35802 14 36025 35 36064 12 36285 35 36324 12 36545 35 36584 12 36805 35 36846 8 37065 35 37106 8 37325 35 37366 8 37583 35 37843 35 38103 33 38363 33 38623 33 38885 31 39145 31 39405 31 39665 35 39925 35 40185 35 40449 33 40709 33 40979 25 41239 25 41499 25 41757 27 42017 27 42277 27 42539 25 42799 25 43061 21 43321 21 43581 21
52b267e20519174e3ce1e1994b5d677804b16bc670aa5f6ffb6344a0fdf63fde,15770 8 16030 8 16288 12 16548 12 16808 12 17068 14 17328 14 17588 14 17848 14 18108 14 18368 14 18628 14 18888 14 19148 14 19408 14 19668 14 19921 21 20181 21 20441 21 20699 19 20959 19 21219 13 21479 13 21739 13 21995 17 22255 17 22515 17 22771 21 23031 21 23289 23 23549 23 23809 23 24067 25 24327 25 24587 25 24847 27 25107 27 25367 27 25627 29 25887 29 26147 29 26407 29 26667 29 26929 27 27189 27 27449 27 27713 2 27717 19 27973 2 27977 19 28246 10 28506 10 28766 10
52b267e20519174e3ce1e1994b5d677804b16bc670aa5f6ffb6344a0fdf63fde,5877 7 6137 7 6393 11 6653 11 6913 11 7173 11 7433 11 7693 11 7951 13 8211 13 8471 13 8733 11 8993 11 9253 11 9513 11 9773 11 10037 2 10297 2 10557 2
52b267e20519174e3ce1e1994b5d677804b16bc670aa5f6ffb6344a0fdf63fde,65671 4 65931 4 66191 4 66451 10 66711 10 66971 10 67237 2 67497 2
52b267e20519174e3ce1e1994b5d677804b16bc670aa5f6ffb6344a0fdf63fde,45401 11 45661 11 45919 13 46179 13 46439 13 46697 17 46957 17 47217 17 47475 17 47735 17 47995 17 48255 17 48515 17 48775 15 49035 15 49295 15 49557 9 49817 9
52b267e20519174e3ce1e1994b5d677804b16bc670aa5f6ffb6344a0fdf63fde,50092 10 50352 10 50612 10 50870 14 51130 14 51390 14 51648 16 51908 16 52168 16 52428 16 52688 16 52950 12 53210 12 53470 12 53732 8 53992 8 54252 8
52b267e20519174e3ce1e1994b5d677804b16bc670aa5f6ffb6344a0fdf63fde,9278 10 9538 10 9798 10 10054 18 10314 18 10574 18 10832 22 11092 22 11352 22 11612 22 11872 22 12132 22 12392 22 12652 22 12912 22 13172 22 13432 22 13696 18 13956 18 14218 16 14478 16 14738 16 15000 12 15260 12 15520 12
52b267e20519174e3ce1e1994b5d677804b16bc670aa5f6ffb6344a0fdf63fde,76358 8 76618 8 76876 12 77136 12 77396 12 77654 16 77914 16 78174 16 78434 16 78694 16 78954 16 79214 16 79474 16 79736 14 79996 14 80256 14 80516 20 80776 20 81036 20 81298 22 81558 22 81820 22 82080 22 82340 22 82600 22 82860 22 83120 22 83380 24 83640 24 83900 24 84162 20 84422 20 84684 18 84944 18 85204 18 85466 14 85726 14 85986 14 86252 4 86512 4
52b267e20519174e3ce1e1994b5d677804b16bc670aa5f6ffb6344a0fdf63fde,26966 12 27226 12 27486 12 27744 16 28004 16 28262 20 28522 20 28782 20 29042 20 29302 20 29562 20 29822 20 30082 20 30342 20 30602 18 30862 18
52b267e20519174e3ce1e1994b5d677804b16bc670aa5f6ffb6344a0fdf63fde,43090 8 43350 8 43610 8 43866 14 43884 8 44126 14 44144 8 44386 14 44404 8 44644 32 44904 32 45164 32 45422 36 45682 36 45942 38 46202 38 46462 38 46722 38 46982 38 47242 38 47502 38 47762 38 48022 36 48282 36 48542 36 48804 32 49064 32 49324 32 49584 10 49596 18 49844 10 49856 18 50118 14 50378 14 50638 14
52b267e20519174e3ce1e1994b5d677804b16bc670aa5f6ffb6344a0fdf63fde,51709 18 51969 18 52229 18 52484 25 52744 25 52986 12 53002 27 53246 12 53262 27 53506 12 53522 27 53762 47 54022 47 54282 47 54538 51 54798 51 55058 39 55101 6 55318 39 55361 6 55578 39 55621 6 55836 20 55860 13 56096 20 56120 13 56356 20 56380 13 56618 20 56878 20 57138 20 57410 6 57670 6
52b267e20519174e3ce1e1994b5d677804b16bc670aa5f6ffb6344a0fdf63fde,70662 2 70922 2 71182 2 71438 10 71698 10 71958 10 72216 14 72476 14 72736 14 72996 14 73256 14 73516 14 73776 14 74036 14 74296 14 74556 14 74816 14 75076 14 75336 14 75596 14 75856 14 76116 14 76376 12 76636 12 76898 10 77158 10 77418 10
52b267e20519174e3ce1e1994b5d677804b16bc670aa5f6ffb6344a0fdf63fde,218 2 478 2 738 2 986 16 1246 16 1506 16 1766 16 2026 16 2286 18 2546 18 2806 18 3066 18 3326 18 3586 18 3848 16 4108 16 4368 14 4628 14 4888 14 5152 8 5412 8 5672 8
52b267e20519174e3ce1e1994b5d677804b16bc670aa5f6ffb6344a0fdf63fde,34018 13 34278 13 34538 13 34790 23 35050 23 35310 23 35566 27 35826 27 36086 27 36346 27 36606 27 36866 25 37126 25 37386 25 37646 20 37906 20 38168 14 38428 14 38688 14 38948 10 39208 10 39468 10 39730 2 39990 2 40250 2 40506 8 40766 8 41026 8 41286 8 41546 8 41806 8 42066 8 42326 8
52b267e20519174e3ce1e1994b5d677804b16bc670aa5f6ffb6344a0fdf63fde,83412 12 83672 12 83932 12 84190 16 84450 16 84710 19 84970 19 85230 19 85490 21 85750 21 86010 21 86270 21 86530 21 86790 19 87050 19 87310 19 87572 19 87832 19 88092 19 88356 15 88616 15 88876 15 89136 17 89396 17 89664 7 89924 7 90184 7
52b267e20519174e3ce1e1994b5d677804b16bc670aa5f6ffb6344a0fdf63fde,11398 8 11658 8 11918 8 12176 15 12436 15 12696 15 12956 19 13216 19 13476 19 13734 23 13994 23 14254 23 14514 23 14774 23 15036 19 15296 19 15556 19 15818 17 16078 17 16342 11 16602 11 16862 11 17124 5 17384 5 17644 5
52b267e20519174e3ce1e1994b5d677804b16bc670aa5f6ffb6344a0fdf63fde,24920 11 25180 11 25440 11 25696 17 25956 17 26216 17 26476 17 26736 17 26996 17 27256 17 27516 17 27778 13 28038 13 28302 4 28562 4 28822 4
52b267e20519174e3ce1e1994b5d677804b16bc670aa5f6ffb6344a0fdf63fde,233 14 493 14 753 14 1013 14 1273 14
52b267e20519174e3ce1e1994b5d677804b16bc670aa5f6ffb6344a0fdf63fde,45997 10 46257 10 46517 10 46775 14 47035 14 47295 14 47553 16 47813 16 48073 18 48333 18 48593 18 48855 14 49115 14 49375 14 49641 4 49901 4
52b267e20519174e3ce1e1994b5d677804b16bc670aa5f6ffb6344a0fdf63fde,56657 8 56917 8 57177 8 57433 24 57693 24 57953 26 58213 26 58473 26 58733 26 58993 26 59253 26 59515 26 59775 26 60045 16 60305 16 60565 16 60829 12 61089 12 61349 12 61613 8 61873 8 62133 8
52b267e20519174e3ce1e1994b5d677804b16bc670aa5f6ffb6344a0fdf63fde,10899 18 11159 18 11417 22 11677 22 11937 22 12199 22 12459 22 12719 22 12981 20 13241 20 13501 20 13763 16 14023 16
52b267e20519174e3ce1e1994b5d677804b16bc670aa5f6ffb6344a0fdf63fde,27023 6 27283 6 27543 6 27799 14 28059 14 28317 18 28577 18 28837 18 29097 24 29357 24 29617 24 29877 24 30137 24 30397 24 30659 22 30919 22 31181 20 31441 20 31701 20 31977 2 32237 2 32497 2
52b267e20519174e3ce1e1994b5d677804b16bc670aa5f6ffb6344a0fdf63fde,74343 8 74603 8 74859 16 75119 16 75379 16 75637 18 75897 18 76157 18 76417 20 76677 20 76937 22 77197 22 77457 22 77717 24 77977 24 78237 24 78499 22 78759 22 79019 22 79279 22 79539 22 79803 18 80063 18 80323 18 80589 12 80849 12 81109 12 81371 10 81631 10
52b267e20519174e3ce1e1994b5d677804b16bc670aa5f6ffb6344a0fdf63fde,84757 2 85017 2 85277 2 85529 12 85789 12 86049 12 86305 16 86565 16 86823 18 87083 18 87343 18 87603 18 87863 18 88123 18 88381 20 88641 20 88901 20 89161 20 89421 20 89683 16 89943 16 90203 16
52b267e20519174e3ce1e1994b5d677804b16bc670aa5f6ffb6344a0fdf63fde,17153 6 17413 6 17673 6 17929 12 18189 12 18447 14 18707 14 18967 14 19225 16 19485 16 19745 16 20005 16 20265 16 20525 16 20787 12 21047 12 21309 8 21569 8 21829 8 22093 4 22353 4 22613 4 22871 8 23131 8 23391 8 23651 8 23911 8 24171 10 24431 10 24691 10 24951 10 25211 10 25471 10 25731 10 25991 10 26253 6 26513 6 26773 6
52b267e20519174e3ce1e1994b5d677804b16bc670aa5f6ffb6344a0fdf63fde,35613 6 35873 6 36131 10 36391 10 36651 10 36909 12 37169 12 37429 12 37687 14 37947 14 38207 14 38467 14 38727 14 38987 14 39247 14 39507 14 39767 14 40027 14 40287 14 40549 12 40809 12 41071 10 41331 10 41591 10
52b267e20519174e3ce1e1994b5d677804b16bc670aa5f6ffb6344a0fdf63fde,5975 2 6235 2 6493 8 6753 8 7013 8 7271 10 7531 10 7791 10 8051 10 8311 10 8571 10 8831 10 9091 10 9353 6 9613 6 9873 6
52b267e20519174e3ce1e1994b5d677804b16bc670aa5f6ffb6344a0fdf63fde,67855 4 68115 4 68375 4 68633 8 68893 8 69153 8 69411 10 69671 10 69931 10 70191 10 70451 10 70711 10 70971 10 71231 10 71495 4 71755 4 72015 4
52b267e20519174e3ce1e1994b5d677804b16bc670aa5f6ffb6344a0fdf63fde,255 4 515 4 775 4 1033 8 1293 8 1555 6 1815 6 2075 6 2337 2 2597 2 2857 2
52b267e20519174e3ce1e1994b5d677804b16bc670aa5f6ffb6344a0fdf63fde,43937 2 44197 2 44457 2 44717 4 44977 4 45237 4 45497 4 45757 4 46017 4 46277 4 46537 4 46797 2 47057 2 47317 2 47577 2 47837 2
53df5150ee56253fe5bc91a9230d377bb21f1300f443ba45a758bcb01a15c0e4,21507 10 21763 10 22019 12 22275 12 22529 14 22785 14 23041 14 23297 14 23553 14 23809 14 24065 12 24321 12 24579 8 24835 8
53df5150ee56253fe5bc91a9230d377bb21f1300f443ba45a758bcb01a15c0e4,60419 8 60675 8 60929 14 61185 14 61441 16 61697 16 61953 18 62209 18 62465 18 62721 18 62977 20 63233 20 63489 20 63745 20 64001 22 64257 22 64513 22 64769 22 65027 20 65283 20
53df5150ee56253fe5bc91a9230d377bb21f1300f443ba45a758bcb01a15c0e4,12329 10 12585 10 12841 12 13097 12 13353 14 13609 14 13865 16 14121 16 14377 18 14633 18 14889 18 15145 18 15403 16 15659 16 15917 14 16173 14 16435 4 16691 4
53df5150ee56253fe5bc91a9230d377bb21f1300f443ba45a758bcb01a15c0e4,33861 10 34117 10 34371 12 34627 12 34881 14 35137 14 35393 14 35649 14 35905 14 36161 14 36417 12 36673 12 36931 8 37187 8
53df5150ee56253fe5bc91a9230d377bb21f1300f443ba45a758bcb01a15c0e4,20579 4 20835 4 21087 12 21343 12 21599 14 21855 14 22109 18 22365 18 22621 18 22877 18 23135 18 23391 18 23647 16 23903 16 24159 16 24415 16 24675 12 24931 12
53df5150ee56253fe5bc91a9230d377bb21f1300f443ba45a758bcb01a15c0e4,11895 2 12151 2 12403 10 12659 10 12913 14 13169 14 13425 14 13681 14 13937 16 14193 16 14451 14 14707 14 14963 12 15219 12 15479 8 15735 8
53df5150ee56253fe5bc91a9230d377bb21f1300f443ba45a758bcb01a15c0e4,49807 6 50063 6 50315 12 50571 12 50827 14 51083 14 51337 16 51593 16 51849 18 52105 18 52361 18 52617 18 52873 18 53129 18 53385 18 53641 18 53895 20 54151 20 54407 20 54663 20 54921 16 55177 16 55433 16 55689 16 55945 16 56201 16 56459 12 56715 12 56975 4 57231 4
53df5150ee56253fe5bc91a9230d377bb21f1300f443ba45a758bcb01a15c0e4,29841 10 30097 10 30353 10 30609 10 30863 14 31119 14 31375 14 31631 14 31887 14 32143 14 32399 12 32655 12 32911 12 33167 12 33425 6 33681 6
53df5150ee56253fe5bc91a9230d377bb21f1300f443ba45a758bcb01a15c0e4,1185 4 1441 4 1693 14 1949 14 2203 18 2459 18 2715 20 2971 20 3227 22 3483 22 3739 22 3995 22 4253 20 4509 20 4765 20 5021 20 5281 16 5537 16 5799 8 6055 8
53df5150ee56253fe5bc91a9230d377bb21f1300f443ba45a758bcb01a15c0e4,27815 6 28071 6 28323 12 28579 12 28835 14 29091 14 29347 16 29603 16 29859 16 30115 16 30371 16 30627 16 30883 16 31139 16 31395 14 31651 14 31909 12 32165 12 32423 8 32679 8
53df5150ee56253fe5bc91a9230d377bb21f1300f443ba45a758bcb01a15c0e4,19153 8 19409 8 19663 12 19919 12 20175 14 20431 14 20685 16 20941 16 21197 16 21453 16 21709 18 21965 18 22221 18 22477 18 22733 18 22989 18 23245 18 23501 18 23759 16 24015 16 24271 14 24527 14 24787 8 25043 8
53df5150ee56253fe5bc91a9230d377bb21f1300f443ba45a758bcb01a15c0e4,213 14 469 14 723 18 979 18 1235 18 1491 18 1747 18 2003 18 2259 20 2515 20 2771 20 3027 20 3283 20 3539 20 3797 16 4053 16 4311 12 4567 12
53df5150ee56253fe5bc91a9230d377bb21f1300f443ba45a758bcb01a15c0e4,53475 4 53731 4 53983 12 54239 12 54493 18 54749 18 55005 20 55261 20 55517 20 55773 20 56029 22 56285 22 56541 24 56797 24 57055 22 57311 22 57569 20 57825 20 58081 20 58337 20 58595 18 58851 18 59109 16 59365 16 59625 12 59881 12 60141 4 60397 4
550450e4bff4036fd671decdc5d42fec23578198d6a2fd79179c4368b9d6da18,5 16 525 16 1045 16 1561 20 2081 20 2601 24 3121 24 3641 24 4161 24 4681 24 5201 24 5721 24 6241 24 6761 24 7281 24 7801 24 8321 20 8841 20 9361 20 9885 12 10405 12 10925 12
550450e4bff4036fd671decdc5d42fec23578198d6a2fd79179c4368b9d6da18,33801 8 34321 8 34841 8 35361 8 35881 8 36401 8 36921 8 37441 8 37961 12 38481 12 39001 12 39521 16 40041 16 40561 16 41081 20 41601 20 42121 20 42641 20 43161 20 43681 20 44201 20 44721 20 45241 20 45761 20 46281 20 46801 20 47321 20 47841 20 48361 20 48881 20 49401 20 49921 20 50441 20 50961 16 51481 16 52001 16 52521 12 53041 12
550450e4bff4036fd671decdc5d42fec23578198d6a2fd79179c4368b9d6da18,204 16 310 24 367 12 428 32 724 16 830 24 887 12 948 32 1244 16 1350 24 1407 12 1468 32 1760 20 1870 24 1927 16 1984 48 2280 20 2390 24 2447 16 2504 48 2784 8 2800 24 2906 28 2967 16 3024 48 3304 8 3320 24 3426 28 3487 16 3544 48 3824 8 3840 24 3946 28 4007 16 4064 48 4336 48 4466 28 4527 16 4584 44 4856 48 4986 28 5047 16 5104 44 5376 48 5506 28 5567 16 5624 44 5896 53 6030 24 6066 37 6119 16 6144 40 6416 53 6550 24 6586 37 6639 16 6664 40 6936 53 7070 24 7106 37 7159 16 7184 40 7456 61 7590 24 7618 126 7976 61 8110 24 8138 126 8492 32 8532 29 8642 102 8756 24 9012 32 9052 29 9162 102 9276 24 9532 32 9572 29 9682 102 9796 24 10052 32 10096 29 10133 8 10202 102 10332 16 10572 32 10616 29 10653 8 10722 102 10852 16 11092 32 11136 29 11173 8 11242 102 11372 16 11616 28 11660 45 11762 97 11888 24 12136 28 12180 45 12282 97 12408 24 12656 24 12700 49 12802 93 12928 28 13176 24 13220 49 13322 93 13448 28 13696 24 13740 49 13842 93 13968 28 14220 20 14264 45 14362 85 14488 28 14740 20 14784 45 14882 85 15008 28 15260 20 15304 45 15402 85 15528 28 15841 32 15922 45 15975 105 16361 32 16442 45 16495 105 16881 32 16962 45 17015 105 17405 28 17482 32 17535 105 17925 28 18002 32 18055 105 18376 8 18404 33 18445 28 18526 24 18567 113 18896 8 18924 33 18965 28 19046 24 19087 113 19416 8 19444 33 19485 28 19566 24 19607 113 19932 16 19964 37 20005 28 20090 20 20119 24 20159 81 20452 16 20484 37 20525 28 20610 20 20639 24 20679 81 20972 16 21004 37 21045 28 21130 20 21159 24 21199 81 21488 20 21520 45 21569 20 21674 29 21719 77 22008 20 22040 45 22089 20 22194 29 22239 77 22528 20 22560 45 22609 20 22714 29 22759 77 23048 20 23080 45 23129 20 23234 33 23279 53 23340 12 23568 20 23600 45 23649 20 23754 33 23799 53 23860 12 24088 24 24120 65 24270 41 24323 45 24608 24 24640 65 24790 41 24843 45 25128 24 25160 65 25310 41 25363 45 25648 32 25684 61 25830 41 25883 37 26168 32 26204 61 26350 41 26403 37 26688 32 26724 61 26870 41 26923 37 27208 32 27248 57 27366 20 27390 41 27447 29 27728 32 27768 57 27886 20 27910 41 27967 29 28248 32 28296 49 28402 28 28434 86 28768 32 28816 49 28922 28 28954 86 29288 32 29336 49 29442 28 29474 86 29808 32 29877 28 29958 61 30023 61 30328 32 30397 28 30478 61 30543 61 30848 32 30917 28 30998 61 31063 61 31368 32 31437 28 31518 57 31583 61 31888 32 31957 28 32038 57 32103 61 32408 32 32477 28 32558 57 32623 61 32928 44 33001 24 33078 57 33143 61 33448 44 33521 24 33598 57 33663 61 33972 12 33992 24 34041 24 34118 57 34179 65 34492 12 34512 24 34561 24 34638 57 34699 65 35012 12 35032 24 35081 24 35158 57 35219 65 35544 36 35601 20 35682 53 35739 65 36064 36 36121 20 36202 53 36259 65 36584 36 36641 20 36722 53 36779 65 37100 40 37165 8 37242 49 37299 61 37620 40 37685 8 37762 49 37819 61 38136 40 38201 16 38258 69 38343 24 38375 21 38656 40 38721 16 38778 69 38863 24 38895 21 39176 40 39241 16 39298 69 39383 24 39415 21 39696 40 39761 36 39814 73 39907 16 40216 40 40281 36 40334 73 40427 16 40736 40 40801 36 40854 73 40947 16 41256 44 41325 8 41337 24 41369 74 41776 44 41845 8 41857 24 41889 74 42296 44 42365 8 42377 24 42409 74 42816 48 42897 28 42929 74 43336 48 43417 28 43449 74 43860 44 43933 32 43969 33 44006 33 44099 9 44380 44 44453 32 44489 33 44526 33 44619 9 44900 44 44973 32 45009 33 45046 33 45139 9 45432 32 45493 65 45578 8 45655 17 45952 32 46013 65 46098 8 46175 17 46472 32 46533 65 46618 8 46695 17 46992 41 47037 4 47053 61 47150 21 47211 21 47512 41 47557 4 47573 61 47670 21 47731 21 48036 41 48093 41 48186 29 48243 29 48556 41 48613 41 48706 29 48763 29 49076 41 49133 41 49226 29 49283 29 49600 33 49657 37 49738 37 49795 37 50120 33 50177 37 50258 37 50315 37 50640 33 50697 37 50778 37 50835 37 51160 33 51221 33 51266 69 51355 37 51680 33 51741 33 51786 69 51875 37 52200 33 52261 33 52306 69 52395 37 52716 37 52789 25 52818 77 52911 41 53236 37 53309 25 53338 77 53431 41 53752 37 53829 110 53951 45 54272 37 54349 110 54471 45 54792 37 54869 110 54991 45 55308 36 55393 16 55414 85 55515 41 55828 36 55913 16 55934 85 56035 41 56348 36 56433 16 56454 85 56555 41 56868 28 56913 8 56945 20 56974 85 57075 41 57388 28 57433 8 57465 20 57494 85 57595 41 57888 12 57908 28 57944 21 57977 28 58014 85 58115 41 58408 12 58428 28 58464 21 58497 28 58534 85 58635 41 58928 12 58948 28 58984 21 59017 28 59054 85 59155 41 59444 81 59537 28 59574 85 59675 41 59964 81 60057 28 60094 85 60195 41 60484 81 60577 28 60614 85 60715 41 61004 85 61093 36 61138 77 61235 37 61524 85 61613 36 61658 77 61755 37 62044 85 62133 36 62178 77 62275 37 62564 24 62596 4 62608 37 62653 36 62702 8 62726 41 62779 8 62795 37 63084 24 63116 4 63128 37 63173 36 63222 8 63246 41 63299 8 63315 37 63604 24 63652 33 63693 36 63762 41 63815 53 64124 24 64172 33 64213 36 64282 41 64335 53 64644 24 64692 33 64733 36 64802 41 64855 53 65164 24 65200 41 65253 32 65322 41 65371 57 65684 24 65720 41 65773 32 65842 41 65891 57 66204 24 66240 41 66293 32 66362 41 66411 57 66728 16 66752 41 66817 24 66878 45 66931 57 67248 16 67272 41 67337 24 67398 45 67451 57 67776 4 67788 36 67861 16 67918 45 67967 61 68296 4 68308 36 68381 16 68438 45 68487 61 68816 4 68828 36 68901 16 68958 45 69007 61 69348 36 69482 102 69636 8 69665 16 69868 36 70002 102 70156 8 70185 16 70388 36 70522 102 70676 8 70705 16 70888 16 70908 32 70965 12 71042 102 71188 12 71221 20 71408 16 71428 32 71485 12 71562 102 71708 12 71741 20 71928 16 71948 32 72005 12 72082 102 72228 12 72261 20 72411 4 72444 56 72513 44 72602 65 72675 24 72744 16 72781 20 72931 4 72964 56 73033 44 73122 65 73195 24 73264 16 73301 20 73443 20 73479 126 73638 32 73674 29 73780 24 73817 24 73963 20 73999 126 74158 32 74194 29 74300 24 74337 24 74483 20 74519 126 74678 32 74714 29 74820 24 74857 24 74999 28 75039 33 75096 73 75198 28 75234 25 75336 28 75373 28 75519 28 75559 33 75616 73 75718 28 75754 25 75856 28 75893 28 76039 28 76079 33 76136 73 76238 28 76274 25 76376 28 76413 28 76559 28 76595 37 76652 77 76758 24 76790 29 76896 28 76933 28 77079 28 77115 37 77172 77 77278 24 77310 29 77416 28 77453 28 77599 28 77635 37 77692 77 77798 24 77830 29 77936 28 77973 28 78119 28 78155 33 78212 33 78253 36 78314 28 78350 29 78403 12 78452 28 78493 28 78639 28 78675 33 78732 33 78773 36 78834 28 78870 29 78923 12 78972 28 79013 28 79159 32 79195 33 79256 21 79293 36 79354 28 79390 29 79435 24 79492 28 79533 28 79679 32 79715 33 79776 21 79813 36 79874 28 79910 29 79955 24 80012 28 80053 28 80199 32 80235 33 80296 21 80333 36 80394 28 80430 29 80475 24 80532 28 80573 28 80723 61 80849 40 80918 24 80950 29 80991 33 81052 28 81093 28 81243 61 81369 40 81438 24 81470 29 81511 33 81572 28 81613 28 81763 61 81889 40 81958 24 81990 29 82031 33 82092 28 82133 28 82295 49 82405 44 82478 20 82510 25 82551 33 82612 28 82653 24 82815 49 82925 44 82998 20 83030 25 83071 33 83132 28 83173 24 83213 16 83315 4 83331 24 83359 21 83396 12 83445 44 83518 16 83550 25 83595 29 83652 32 83693 24 83733 16 83835 4 83851 24 83879 21 83916 12 83965 44 84038 16 84070 25 84115 29 84172 32 84213 24 84253 16 84355 4 84371 24 84399 21 84436 12 84485 44 84558 16 84590 25 84635 29 84692 32 84733 24 84769 24 84871 12 84891 49 84952 20 85005 44 85074 16 85114 17 85139 45 85212 65 85289 24 85391 12 85411 49 85472 20 85525 44 85594 16 85634 17 85659 45 85732 65 85809 24 85911 12 85931 49 85992 20 86045 44 86114 16 86154 17 86179 45 86252 65 86329 24 86427 69 86512 28 86565 44 86630 20 86679 8 86695 49 86772 65 86849 24 86947 69 87032 28 87085 44 87150 20 87199 8 87215 49 87292 65 87369 24 87467 69 87552 28 87605 44 87670 20 87719 8 87735 49 87812 65 87885 28 87987 69 88068 53 88125 40 88186 28 88251 53 88332 65 88405 28 88507 69 88588 53 88645 40 88706 28 88771 53 88852 65 88925 28 88994 12 89027 16 89047 49 89108 57 89169 28 89226 28 89291 53 89356 4 89376 65 89445 28 89514 12 89547 16 89567 49 89628 57 89689 28 89746 28 89811 53 89876 4 89896 65 89965 28 90034 12 90067 16 90087 49 90148 57 90209 28 90266 28 90331 53 90396 4 90416 65 90489 20 90550 20 90587 69 90668 57 90733 20 90786 28 90851 69 90932 69 91009 20 91070 20 91107 69 91188 57 91253 20 91306 28 91371 69 91452 69 91529 20 91590 20 91627 69 91708 57 91773 20 91826 28 91891 69 91972 69 92049 20 92110 24 92151 65 92236 49 92293 20 92346 28 92411 69 92488 73 92569 20 92630 24 92671 65 92756 49 92813 20 92866 28 92931 69 93008 73 93093 12 93146 28 93191 65 93276 49 93333 20 93386 24 93451 28 93487 86 93581 20 93613 12 93666 28 93711 65 93796 49 93853 20 93906 24 93971 28 94007 86 94101 20 94133 12 94186 28 94231 65 94316 49 94373 20 94426 24 94491 28 94527 86 94621 20 94657 8 94706 28 94743 40 94795 17 94836 49 94889 24 94942 28 94994 45 95051 78 95145 12 95177 8 95226 28 95263 40 95315 17 95356 49 95409 24 95462 28 95514 45 95571 78 95665 12 95697 8 95746 28 95783 40 95835 17 95876 49 95929 24 95982 28 96034 45 96091 78 96185 12 96213 16 96246 12 96266 28 96299 44 96400 41 96449 24 96498 36 96550 45 96611 65 96733 16 96766 12 96786 28 96819 44 96920 41 96969 24 97018 36 97070 45 97131 65 97253 16 97286 12 97306 28 97339 44 97440 41 97489 24 97538 36 97590 45 97651 65 97769 24 97802 101 97911 8 97960 41 98009 20 98054 40 98110 45 98175 61 98289 24 98322 101 98431 8 98480 41 98529 20 98574 40 98630 45 98695 61 98805 28 98842 97 98943 25 99004 12 99024 9 99049 20 99094 52 99150 45 99215 65 99325 28 99362 97 99463 25 99524 12 99544 9 99569 20 99614 52 99670 45 99735 65 99845 28 99882 97 99983 25 100044 12 100064 9 100089 20 100134 52 100190 45 100255 65 100361 32 100402 97 100503 25 100617 4 100654 101 100784 32 100820 20 100881 32 100922 97 101023 25 101137 4 101174 101 101304 32 101340 20 101401 32 101442 97 101543 25 101657 4 101694 101 101824 32 101860 20 101921 32 101962 28 102010 49 102063 29 102112 12 102153 8 102209 61 102279 32 102352 20 102384 20 102441 32 102482 28 102530 49 102583 29 102632 12 102673 8 102729 61 102799 32 102872 20 102904 20 102961 28 103006 24 103046 53 103103 29 103148 20 103189 16 103217 12 103249 61 103323 28 103392 20 103420 29 103481 28 103526 24 103566 53 103623 29 103668 20 103709 16 103737 12 103769 61 103843 28 103912 20 103940 29 104001 28 104046 24 104086 53 104143 29 104188 20 104229 16 104257 12 104289 61 104363 28 104432 20 104460 29 104521 16 104545 8 104566 24 104598 94 104708 24 104744 25 104773 16 104809 65 104883 28 104952 20 104976 37 105041 16 105065 8 105086 24 105118 94 105228 24 105264 25 105293 16 105329 65 105403 28 105472 20 105496 37 105561 16 105585 8 105606 24 105638 94 105748 24 105784 25 105813 16 105849 65 105923 28 105992 20 106016 37 106081 16 106101 21 106134 12 106154 25 106191 61 106268 24 106304 49 106374 60 106447 24 106516 12 106532 41 106601 16 106621 21 106654 12 106674 25 106711 61 106788 24 106824 49 106894 60 106967 24 107036 12 107052 41 107121 16 107141 21 107174 12 107194 25 107231 61 107308 24 107344 49 107414 60 107487 24 107556 12 107572 41 107641 12 107661 21 107714 25 107751 24 107779 33 107816 36 107869 44 107938 56 108007 24 108051 8 108092 41 108161 12 108181 21 108234 25 108271 24 108299 33 108336 36 108389 44 108458 56 108527 24 108571 8 108612 41 108681 12 108697 29 108734 8 108750 29 108795 12 108819 73 108909 40 108978 52 109047 24 109083 21 109132 41 109181 8 109201 12 109217 29 109254 8 109270 29 109315 12 109339 73 109429 40 109498 52 109567 24 109603 21 109652 41 109701 8 109721 12 109737 29 109774 8 109790 29 109835 12 109859 73 109949 40 110018 52 110087 24 110123 21 110172 41 110221 8 110241 12 110257 82 110347 12 110379 73 110469 28 110534 52 110607 4 110643 25 110692 61 110761 12 110777 82 110867 12 110899 73 110989 28 111054 52 111127 4 111163 25 111212 61 111281 12 111297 82 111387 12 111419 73 111509 28 111574 52 111647 4 111683 25 111732 61 111801 8 111821 73 111903 20 111935 85 112029 28 112094 48 112163 12 112203 25 112256 33 112293 24 112321 8 112341 73 112423 20 112455 85 112549 28 112614 48 112683 12 112723 25 112776 33 112813 24 112865 8 112882 32 112943 20 112967 28 112999 61 113064 33 113129 53 113199 16 113243 25 113296 28 113329 28 113385 8 113402 32 113463 20 113487 28 113519 61 113584 33 113649 53 113719 16 113763 25 113816 28 113849 28 113905 8 113922 32 113983 20 114007 28 114039 61 114104 33 114169 53 114239 16 114283 25 114336 28 114369 28 114442 32 114503 20 114527 24 114564 56 114624 33 114681 61 114759 16 114803 29 114856 61 114962 32 115023 20 115047 24 115084 56 115144 33 115201 61 115279 16 115323 29 115376 61 115482 32 115543 20 115567 24 115604 56 115664 33 115721 61 115799 16 115843 29 115896 61 115998 40 116046 13 116063 20 116087 24 116119 61 116184 33 116241 61 116314 21 116347 45 116416 61 116518 40 116566 13 116583 20 116607 24 116639 61 116704 33 116761 61 116834 21 116867 45 116936 61 117038 40 117086 13 117103 20 117127 24 117159 61 117224 33 117281 61 117354 21 117387 45 117456 61 117562 61 117627 44 117679 61 117749 28 117801 61 117874 21 117903 49 117976 61 118082 61 118147 44 118199 61 118269 28 118321 61 118394 21 118423 49 118496 61 118602 109 118724 52 118789 28 118841 61 118919 16 118943 49 119016 61 119122 109 119244 52 119309 28 119361 61 119439 16 119463 49 119536 61 119642 109 119764 52 119829 28 119881 61 119959 16 119983 49 120056 61 120162 77 120247 20 120284 52 120349 24 120397 65 120479 16 120503 45 120560 77 120682 77 120767 20 120804 52 120869 24 120917 65 120999 16 121023 45 121080 77 121202 77 121287 20 121324 52 121389 24 121437 65 121519 16 121543 45 121600 77 121726 69 121848 85 121961 65 122039 16 122063 45 122116 81 122246 69 122368 85 122481 65 122559 16 122583 45 122636 81 122766 69 122888 85 123001 65 123079 16 123103 45 123156 81 123306 49 123408 73 123521 69 123603 8 123623 134 123826 49 123928 73 124041 69 124123 8 124143 134 124346 49 124448 73 124565 17 124594 36 124663 134 124866 49 124968 73 125085 17 125114 36 125183 134 125386 49 125488 73 125605 17 125634 36 125703 134 125906 12 125926 29 126008 73 126154 36 126227 130 126426 12 126446 29 126528 73 126674 36 126747 130 126946 12 126966 29 127048 73 127194 36 127267 130 127490 25 127568 20 127592 49 127714 32 127807 110 128010 25 128088 20 128112 49 128234 32 128327 110 128534 17 128612 12 128640 4 128656 21 128754 32 128847 25 128876 44 128924 33 129054 17 129132 12 129160 4 129176 21 129274 32 129367 25 129396 44 129444 33 129574 17 129652 12 129680 4 129696 21 129794 32 129887 25 129916 44 129964 33 130314 36 130411 17 130440 40 130509 12 130834 36 130931 17 130960 40 131029 12 131354 36 131451 17 131480 40 131549 12 131659 4 131744 20 131878 36 132012 28 132065 16 132179 4 132264 20 132398 36 132532 28 132585 16 132699 4 132784 20 132918 36 133052 28 133105 16 133210 25 133300 40 133446 28 133491 20 133572 24 133621 20 133730 25 133820 40 133966 28 134011 20 134092 24 134141 20 134246 29 134336 48 134486 28 134531 20 134616 20 134649 32 134766 29 134856 48 135006 28 135051 20 135136 20 135169 32 135286 29 135376 48 135526 28 135571 20 135656 20 135689 32 135802 37 135847 16 135896 53 136042 28 136087 28 136180 8 136204 37 136322 37 136367 16 136416 53 136562 28 136607 28 136700 8 136724 37 136842 37 136887 16 136936 53 137082 28 137127 28 137220 8 137244 37 137358 41 137403 24 137452 61 137602 28 137647 28 137760 41 137878 41 137923 24 137972 61 138122 28 138167 28 138280 41 138370 16 138394 41 138439 32 138492 61 138642 24 138687 28 138800 37 138890 16 138914 41 138959 32 139012 61 139162 24 139207 28 139320 37 139410 16 139434 41 139479 32 139532 61 139682 24 139727 28 139840 37 139926 24 139954 41 139999 32 140052 61 140198 28 140243 32 140360 29 140446 24 140474 41 140519 32 140572 61 140718 28 140763 32 140880 29 140966 24 140994 41 141039 32 141092 61 141238 28 141283 32 141400 29 141482 73 141559 32 141612 61 141758 24 141803 32 141920 29 142002 73 142079 32 142132 61 142278 24 142323 32 142440 29 142522 73 142599 32 142652 61 142798 24 142843 32 142960 29 143042 73 143119 32 143172 61 143322 16 143363 28 143480 25 143562 73 143639 32 143692 61 143842 16 143883 28 144000 25 144082 28 144118 37 144159 32 144212 69 144366 8 144399 32 144520 25 144602 28 144638 37 144679 32 144732 69 144886 8 144919 32 145040 25 145122 28 145158 37 145199 32 145252 69 145406 8 145439 32 145560 25 145642 28 145690 57 145776 69 145950 41 146072 29 146162 28 146210 57 146296 69 146470 41 146592 29 146682 28 146730 57 146816 69 146990 41 147112 29 147202 24 147254 53 147340 20 147368 37 147510 37 147628 16 147722 24 147774 53 147860 20 147888 37 148030 37 148148 16 148242 20 148294 53 148384 12 148408 41 148494 16 148550 33 148664 20 148762 20 148814 53 148904 12 148928 41 149014 16 149070 33 149184 20 149282 20 149334 53 149424 12 149448 41 149534 16 149590 33 149704 20 149802 20 149846 73 149952 4 149968 49 150049 33 150106 33 150159 8 150220 24 150322 20 150366 73 150472 4 150488 49 150569 33 150626 33 150679 8 150740 24 150842 20 150886 73 150992 4 151008 49 151089 33 151146 33 151199 8 151260 24 151358 28 151402 82 151508 77 151605 41 151662 33 151711 24 151776 28 151878 28 151922 82 152028 77 152125 41 152182 33 152231 24 152296 28 152398 28 152442 82 152548 77 152645 41 152702 33 152751 24 152816 28 152918 126 153064 81 153165 45 153214 41 153271 28 153308 20 153332 28 153438 126 153584 81 153685 45 153734 41 153791 28 153828 20 153852 28 153958 89 154063 21 154104 85 154205 86 154303 97 154478 89 154583 21 154624 85 154725 86 154823 97 154998 89 155103 21 155144 85 155245 86 155343 97 155522 85 155627 12 155664 93 155765 86 155859 97 156042 85 156147 12 156184 93 156285 86 156379 97 156562 85 156667 12 156704 93 156805 86 156899 97 157082 85 157224 93 157325 82 157419 97 157602 85 157744 93 157845 82 157939 97 158126 36 158170 37 158264 93 158365 78 158455 97 158646 36 158690 37 158784 93 158885 78 158975 97 159166 36 159210 37 159304 93 159405 78 159495 97 159690 32 159730 41 159820 24 159852 65 159925 78 160015 97 160124 9 160210 32 160250 41 160340 24 160372 65 160445 78 160535 97 160644 9 160730 32 160770 41 160860 24 160892 65 160965 78 161055 97 161164 9 161262 16 161286 45 161380 20 161412 151 161575 20 161607 65 161676 25 161782 16 161806 45 161900 20 161932 151 162095 20 162127 65 162196 25 162302 16 162326 45 162420 20 162452 151 162615 20 162647 65 162716 25 162826 8 162846 45 162940 20 162976 8 162997 36 163037 82 163131 24 163175 53 163232 33 163346 8 163366 45 163460 20 163496 8 163517 36 163557 82 163651 24 163695 53 163752 33 163854 8 163882 49 163959 13 163984 16 164037 16 164077 53 164134 25 164171 20 164215 33 164256 12 164272 33 164374 8 164402 49 164479 13 164504 16 164557 16 164597 53 164654 25 164691 20 164735 33 164776 12 164792 33 164894 8 164922 49 164999 13 165024 16 165077 16 165117 53 165174 25 165211 20 165255 33 165296 12 165312 33 165410 24 165438 29 165471 32 165511 25 165544 20 165637 49 165694 25 165731 20 165775 33 165828 37 165930 24 165958 29 165991 32 166031 25 166064 20 166157 49 166214 25 166251 20 166295 33 166348 37 166450 24 166478 29 166511 32 166551 25 166584 20 166677 49 166734 25 166771 20 166815 33 166868 37 166970 57 167035 61 167104 24 167197 49 167254 29 167287 24 167339 29 167380 4 167388 41 167490 57 167555 61 167624 24 167717 49 167774 29 167807 24 167859 29 167900 4 167908 41 168010 57 168075 61 168144 24 168237 49 168294 29 168327 24 168379 29 168420 4 168428 41 168526 65 168595 61 168664 24 168757 49 168814 53 168883 12 168904 20 168936 49 169046 65 169115 61 169184 24 169277 49 169334 53 169403 12 169424 20 169456 49 169570 158 169797 45 169854 12 169874 29 169919 16 169948 8 169972 53 170090 158 170317 45 170374 12 170394 29 170439 16 170468 8 170492 53 170610 158 170837 45 170894 12 170914 29 170959 16 170988 8 171012 53 171130 158 171321 12 171357 45 171410 16 171434 29 171479 16 171504 12 171532 45 171650 158 171841 12 171877 45 171930 16 171954 29 171999 16 172024 12 172052 45 172170 158 172361 12 172397 45 172450 16 172474 29 172519 16 172544 12 172572 45 172690 158 172860 37 172921 65 172994 25 173043 12 173064 8 173092 28 173210 158 173380 37 173441 65 173514 25 173563 12 173584 8 173612 28 173730 158 173896 41 173965 61 174030 29 174083 25 174132 24 174250 158 174416 41 174485 61 174550 29 174603 25 174652 24 174770 158 174936 41 175005 61 175070 29 175123 25 175172 24 175290 154 175448 45 175529 25 175558 57 175639 20 175692 28 175810 154 175968 45 176049 25 176078 57 176159 20 176212 28 176330 154 176488 45 176569 25 176598 57 176679 20 176732 28 176850 53 176907 44 176959 25 177008 45 177094 12 177118 57 177195 24 177240 40 177370 53 177427 44 177479 25 177528 45 177614 12 177638 57 177715 24 177760 40 177890 53 177947 44 177999 25 178048 45 178134 12 178158 57 178235 24 178280 40 178414 16 178434 25 178467 32 178524 12 178568 41 178678 53 178755 20 178796 40 178934 16 178954 25 178987 32 179044 12 179088 41 179198 53 179275 20 179316 40 179458 4 179482 12 179608 37 179718 20 179750 17 179795 16 179836 40 179978 4 180002 12 180128 37 180238 20 180270 17 180315 16 180356 40 180498 4 180522 12 180648 37 180758 20 180790 17 180835 16 180876 40
550450e4bff4036fd671decdc5d42fec23578198d6a2fd79179c4368b9d6da18,125878 16 126398 16 126918 16 127429 29 127949 29 128465 33 128985 33 129505 33 130017 41 130537 41 131057 41 131577 41 132097 41 132617 41 133133 41 133653 41 134165 49 134685 49 135205 49 135721 49 136241 49 136761 49 137281 45 137801 45 138321 37 138841 37 139361 37 139881 37 140401 37 140921 37 141441 32 141961 32 142481 32 143001 32 143521 32 144041 28 144561 28 145081 28 145601 24 146121 24 146641 24 147169 8 147689 8
550450e4bff4036fd671decdc5d42fec23578198d6a2fd79179c4368b9d6da18,176801 8 177321 8 177841 8 178361 12 178881 12 179401 8 179921 8 180441 8
550450e4bff4036fd671decdc5d42fec23578198d6a2fd79179c4368b9d6da18,115973 16 116493 16 117013 16 117529 24 118049 24 118565 28 119085 28 119605 28 120125 28 120645 28 121165 28 121685 28 122205 28 122725 28 123249 24 123769 24 124293 12 124813 12 125333 12
550450e4bff4036fd671decdc5d42fec23578198d6a2fd79179c4368b9d6da18,70737 16 71257 16 71777 16 72293 25 72813 25 73333 25 73853 25 74373 25 74889 29 75409 29 75929 29 76449 29 76969 29 77489 29 78009 24 78529 24 79049 20 79569 20 80089 20 80617 8 81137 8 81657 8
550450e4bff4036fd671decdc5d42fec23578198d6a2fd79179c4368b9d6da18,153933 16 154453 16 154973 16 155489 24 156009 24 156529 24 157049 24 157569 24 158089 29 158609 29 159129 29 159649 29 160169 29 160689 29 161209 29 161729 29 162249 29 162773 25 163293 25 163817 21 164337 21 164857 21 165381 12 165901 12 166421 12 166945 13 167465 13 167985 13 168501 21 169021 21 169537 25 170057 25 170577 25 171097 25 171617 25 172137 25 172657 25 173177 25 173697 25 174217 25 174737 25 175257 25 175777 25 176297 25 176817 25 177337 25 177857 25 178377 25 178897 25 179417 25 179937 25 180457 25
550450e4bff4036fd671decdc5d42fec23578198d6a2fd79179c4368b9d6da18,25509 17 26029 17 26549 17 27065 25 27585 25 28105 29 28625 29 29145 29 29661 33 30181 33 30701 33 31221 33 31741 33 32261 33 32777 37 33297 37 33821 33 34341 33 34861 33 35381 29 35901 29 36421 29 36949 13 37469 13
550450e4bff4036fd671decdc5d42fec23578198d6a2fd79179c4368b9d6da18,17230 12 17750 12 18266 24 18786 24 19306 24 19826 24 20346 24 20866 24 21386 24 21906 24 22426 24 22942 28 23462 28 23982 28 24502 28 25022 28 25542 28 26062 28 26582 28 27102 24 27622 24 28146 20 28666 20 29186 20 29706 20 30226 20 30746 20 31262 28 31782 28 32302 28 32822 28 33342 28 33858 32 34378 32 34898 32 35418 32 35938 32 36458 32 36978 28 37498 28 38018 20 38538 20 39058 20 39558 12 39578 16 40078 12 40098 16 40598 12 40618 16 41113 41 41633 41 42153 41 42669 45 43189 45 43709 45 44229 45 44749 45 45269 49 45789 49 46309 49 46829 49 47349 49 47869 49 48389 49 48909 49 49429 49 49949 49 50469 49 50985 53 51505 53 52025 53 52541 17 52566 28 53061 17 53086 28 53581 17 53606 28 54101 17 54126 28 54621 17 54646 28 55141 17 55162 28 55661 17 55682 28 56181 17 56202 28 56701 49 57221 49 57737 57 58257 57 58777 57 59297 73 59817 73 60337 73 60857 77 61377 77 61897 77 62417 77 62937 77 63457 77 63977 77 64497 77 65021 73 65541 73 66061 73 66598 56 67118 56 67642 48 68162 48 68682 48 69202 44 69722 44 70242 44 70766 28 71286 28 71806 28 72326 24 72846 24 73370 20 73890 20 74410 20 74934 12 75454 12 75974 12
550450e4bff4036fd671decdc5d42fec23578198d6a2fd79179c4368b9d6da18,33 25 74 8 553 25 594 8 1073 25 1114 8 1589 33 1626 20 2109 33 2146 20 2629 33 2666 24 3149 33 3186 24 3669 33 3706 24 4189 61 4709 61 5229 61 5749 33 5786 24 6269 33 6306 24 6789 33 6826 24 7309 33 7346 24 7829 33 7866 24 8349 29 8386 24 8869 29 8906 24 9389 29 9426 24 9909 29 9946 24 10429 29 10466 24 10949 29 10986 24 11469 25 11506 20 11989 25 12026 20 12509 25 12550 12 13029 25 13070 12 13549 25 13590 12 14069 21 14589 21 15109 21 15629 13 16149 13 16669 13
550450e4bff4036fd671decdc5d42fec23578198d6a2fd79179c4368b9d6da18,82202 12 82722 12 83242 12 83762 12 84282 12 84802 12 85322 12 85842 12 86366 8 86886 8 87406 8
550450e4bff4036fd671decdc5d42fec23578198d6a2fd79179c4368b9d6da18,70810 17 71330 17 71850 17 72366 25 72886 25 73402 29 73922 29 74442 29 74962 25 75482 25 76002 25 76522 25 77042 25 77562 25 78082 25 78602 25 79122 25 79642 25 80162 25 80682 21 81202 21 81722 21 82242 21 82762 21 83286 17 83806 17 84326 17
550450e4bff4036fd671decdc5d42fec23578198d6a2fd79179c4368b9d6da18,39619 20 40139 20 40659 20 41174 29 41207 24 41694 29 41727 24 42214 29 42247 24 42734 70 43254 70 43774 74 44294 74 44814 74 45334 74 45854 74 46374 74 46894 78 47414 78 47934 25 47967 41 48454 25 48487 41 48974 25 49007 41 49499 16 49527 41 50019 16 50047 41 50539 16 50567 41 51091 37 51611 37 52131 37 52655 29 53175 29 53691 28 54211 28 54731 28 55251 28 55771 28 56291 28 56811 24 57331 24 57855 12 58375 12 58895 12
550450e4bff4036fd671decdc5d42fec23578198d6a2fd79179c4368b9d6da18,103 16 127 8 147 12 623 16 647 8 667 12 1143 16 1167 8 1187 12 1663 61 2183 61 2707 4 2719 45 3227 4 3239 45 3747 4 3759 45 4279 40 4799 40 5319 40 5839 36 6359 36 6879 36 7399 36 7919 36 8439 36 8959 36 9479 36 9999 36 10519 36 11039 36 11559 32 12079 32 12599 28 13119 28 13639 28 14155 32 14675 32 15195 32 15715 32 16235 32 16755 32 17271 40 17791 40 18299 56 18819 56 19339 56 19859 56 20379 56 20899 56 21419 16 21443 32 21939 16 21963 32 22459 16 22483 32 22979 20 23003 32 23499 20 23523 32 24019 20 24043 28 24539 20 24563 28 25059 20 25083 28 25579 16 25607 20 26099 16 26127 20 26619 16 26647 20 27139 16 27171 8 27659 16 27691 8
550450e4bff4036fd671decdc5d42fec23578198d6a2fd79179c4368b9d6da18,59399 4 59919 4 60439 4 60955 16 61475 16 61995 16 62515 20 63035 20 63555 20 64075 20 64595 20 65115 20 65635 20 66155 20 66675 16 67195 16 67715 16 68235 16 68755 16
550450e4bff4036fd671decdc5d42fec23578198d6a2fd79179c4368b9d6da18,124419 16 124939 16 125459 16 125975 24 126495 24 127015 24 127531 33 128051 33 128571 33 129091 33 129611 33 130135 29 130655 29 131175 29 131699 25 132219 25 132739 25 133263 16 133783 16
550450e4bff4036fd671decdc5d42fec23578198d6a2fd79179c4368b9d6da18,249 16 269 25 769 16 789 25 1289 16 1309 25 1805 49 2325 49 2845 44 3365 44 3885 44 4405 24 4437 12 4925 24 4957 12 5445 24 5477 12 5969 20 5997 17 6489 20 6517 17 7009 20 7037 17 7529 16 7557 17 8049 16 8077 17 8597 21 9117 21 9637 21 10157 25 10677 25 11197 25 11717 25 12237 25 12761 25 13281 25 13801 25 14321 25 14841 25 15361 25 15881 25 16401 25 16921 25 17441 21 17961 21 18481 21 19001 21 19521 21 20037 25 20557 25 21077 25 21597 21 22117 21 22637 21 23157 21 23677 21 24197 17 24717 17 25237 17
550450e4bff4036fd671decdc5d42fec23578198d6a2fd79179c4368b9d6da18,177065 20 177585 20 178105 20 178617 28 179137 28 179657 28 180177 28 180697 28
550450e4bff4036fd671decdc5d42fec23578198d6a2fd79179c4368b9d6da18,128717 12 129237 12 129757 12 130269 29 130789 29 131309 29 131829 29 132349 29 132869 29 133389 33 133909 33 134429 33 134949 33 135469 33 135989 33 136509 33 137029 33 137553 25 138073 25 138601 13 139121 13 139641 13
550450e4bff4036fd671decdc5d42fec23578198d6a2fd79179c4368b9d6da18,65298 8 65818 8 66338 8 66858 12 67378 12 67898 8 68418 8 68938 8
550450e4bff4036fd671decdc5d42fec23578198d6a2fd79179c4368b9d6da18,133544 20 134064 20 134575 29 135095 29 135615 29 136127 41 136647 41 137167 41 137683 45 138203 45 138723 45 139243 45 139763 45 140283 45 140803 45 141323 45 141839 53 142359 53 142879 53 143399 57 143919 57 144439 57 144959 57 145479 57 146003 53 146523 53 147043 53 147567 8 147584 32 148087 8 148104 32 148628 24 149148 24 149668 24 150192 16 150712 16 151232 16
550450e4bff4036fd671decdc5d42fec23578198d6a2fd79179c4368b9d6da18,24400 13 24920 13 25440 13 25956 21 25985 16 26476 21 26505 16 26996 21 27025 16 27512 49 28032 49 28548 53 29068 53 29588 53 30108 53 30628 53 31148 53 31656 65 32176 65 32696 65 33208 73 33728 73 34248 49 34301 20 34768 49 34821 20 35288 49 35341 20 35808 45 35861 20 36328 45 36381 20 36848 45 36901 20 37368 45 37421 20 37888 45 37941 20 38408 69 38928 69 39448 69 39968 69 40488 69 41008 69 41528 65 42048 65 42568 65 43084 69 43604 69 44124 49 44177 12 44644 49 44697 12 45164 49 45217 12 45684 45 46204 45 46724 45 47240 44 47760 44 48280 44 48800 44 49320 44 49844 36 49889 16 50364 36 50409 16 50884 36 50929 16 51404 36 51444 21 51924 36 51964 21 52444 36 52484 21 52964 32 53000 25 53484 32 53520 25 54008 24 54040 25 54528 24 54560 25 55048 24 55080 25 55572 53 56092 53 56612 53 57128 57 57648 57 58168 53 58688 53 59208 53 59728 53 60248 53 60768 53 61288 49 61808 49 62328 49 62852 24 63372 24 63892 20 64412 20 64932 20
550450e4bff4036fd671decdc5d42fec23578198d6a2fd79179c4368b9d6da18,484 37 1004 37 1524 37 2044 37 2564 37 3084 37 3604 37 4124 37 4644 37 5164 37 5684 37 6209 32 6729 32 7249 32 7769 32 8289 32 8813 28 9333 28 9853 28 10373 28 10893 28 11413 28 11937 24 12457 24 12977 24 13497 24 14017 24 14537 24 15057 24 15577 24 16101 20 16621 20 17141 20 17661 20 18181 20 18701 16 19221 16 19741 16 20261 4 20781 4 21301 4
550450e4bff4036fd671decdc5d42fec23578198d6a2fd79179c4368b9d6da18,174189 12 174709 12 175229 12 175745 16 176265 16 176785 16 177301 20 177821 20 178341 20 178857 24 179377 24 179901 20 180421 20 180941 20
550450e4bff4036fd671decdc5d42fec23578198d6a2fd79179c4368b9d6da18,151825 16 152345 16 152865 16 153381 20 153901 20 154421 20 154941 20 155461 20 155981 20 156501 20 157021 20 157541 20 158061 20 158581 20 159101 20 159621 20 160145 16 160665 16 161185 16 161709 12 162229 12 162749 12
550450e4bff4036fd671decdc5d42fec23578198d6a2fd79179c4368b9d6da18,99317 4 99837 4 100357 4 100873 8 101393 8 101913 8 102429 12 102949 12 103469 12 103989 12 104509 12 105029 12 105549 12 106069 12 106593 8 107113 8 107633 8 108153 8 108673 8
5cee644e5ffbef1ba021c7f389b33bafd3b1841f04d3edd7922d5084c2c4e0c7,133185 4 133697 4 134209 4 134721 4 135233 4 135721 44 136233 44 136745 44 137257 44 137769 44 138269 60 138781 60 139293 60 139805 60 140317 60 140821 72 141333 72 141845 72 142357 72 142869 72 143381 76 143893 76 144405 76 144917 76 145429 76 145937 80 146449 80 146961 80 147473 80 147985 80 148497 84 149009 84 149521 84 150033 84 150545 84 151057 80 151569 80 152081 80 152593 80 153105 80 153617 80 154129 80 154641 80 155153 80 155665 80 156181 76 156693 76 157205 76 157717 76 158229 76 158741 72 159253 72 159765 72 160277 72 160789 72 161301 72 161813 72 162325 72 162837 72 163349 72 163865 64 164377 64 164889 64 165401 64 165913 64 166429 60 166941 60 167453 60 167965 60 168477 60 168993 52 169505 52 170017 52 170529 52 171041 52 171561 40 172073 40 172585 40 173097 40 173609 40 174137 12 174649 12 175161 12 175673 12 176185 12
5cee644e5ffbef1ba021c7f389b33bafd3b1841f04d3edd7922d5084c2c4e0c7,53 32 565 32 1077 32 1589 32 2101 32 2609 36 3121 36 3633 36 4145 36 4657 36 5173 32 5685 32 6197 32 6709 32 7221 32 7741 16 8253 16 8765 16 9277 16 9789 16
5cee644e5ffbef1ba021c7f389b33bafd3b1841f04d3edd7922d5084c2c4e0c7,143473 24 143985 24 144497 24 145009 24 145521 24 146029 32 146541 32 147053 32 147565 32 148077 32 148585 40 149097 40 149609 40 150121 40 150633 40 151145 40 151657 40 152169 40 152681 40 153193 40 153709 36 154221 36 154733 36 155245 36 155757 36 156269 32 156781 32 157293 32 157805 32 158317 32 158837 20 159349 20 159861 20 160373 20 160885 20 161401 12 161913 12 162425 12 162937 12 163449 12 163961 16 164473 16 164985 16 165497 16 166009 16 166517 24 167029 24 167541 24 168053 24 168565 24 169073 32 169585 32 170097 32 170609 32 171121 32 171629 40 172141 40 172653 40 173165 40 173677 40 174189 40 174701 40 175213 40 175725 40 176237 40 176745 44 177257 44 177769 44 178281 44 178793 44 179305 44 179817 44 180329 44 180841 44 181353 44 181865 44 182377 44 182889 44 183401 44 183913 44 184429 40 184941 40 185453 40 185965 40 186477 40 186989 36 187501 36 188013 36 188525 36 189037 36 189553 32 190065 32 190577 32 191089 32 191601 32 192117 20 192629 20 193141 20 193653 20 194165 20 194649 36 195161 36 195673 36 196185 36 196697 36 197201 48 197713 48 198225 48 198737 48 199249 48 199761 56 200273 56 200785 56 201297 56 201809 56 202317 60 202829 60 203341 60 203853 60 204365 60 204877 64 205389 64 205901 64 206413 64 206925 64 207437 64 207949 64 208461 64 208973 64 209485 64 209997 64 210509 64 211021 64 211533 64 212045 64 212557 64 213069 64 213581 64 214093 64 214605 64 215117 64 215629 64 216141 64 216653 64 217165 64 217677 64 218189 64 218701 64 219213 64 219725 64 220241 60 220753 60 221265 60 221777 60 222289 60 222805 52 223317 52 223829 52 224341 52 224853 52 225369 48 225881 48 226393 48 226905 48 227417 48 227933 40 228445 40 228957 40 229469 40 229981 40 230501 24 231013 24 231525 24 232037 24 232549 24
5cee644e5ffbef1ba021c7f389b33bafd3b1841f04d3edd7922d5084c2c4e0c7,35973 28 36485 28 36997 28 37509 28 38021 28 38529 36 39041 36 39553 36 40065 36 40577 36 41085 48 41597 48 42109 48 42621 48 43133 48 43625 72 44137 72 44649 72 45161 72 45673 72 46185 72 46697 72 47209 72 47721 72 48233 72 48741 76 49253 76 49765 76 50277 76 50789 76 51305 76 51817 76 52329 76 52841 76 53353 76 53865 76 54377 76 54889 76 55401 76 55913 76 56429 68 56941 68 57453 68 57965 68 58477 68 58993 64 59505 64 60017 64 60529 64 61041 64 61561 56 62073 56 62585 56 63097 56 63609 56 64141 32 64653 32 65165 32 65677 32 66189 32 66709 20 67221 20 67733 20 68245 20 68757 20
5cee644e5ffbef1ba021c7f389b33bafd3b1841f04d3edd7922d5084c2c4e0c7,15537 20 16049 20 16561 20 17073 20 17585 20 18093 28 18605 28 19117 28 19629 28 20141 28 20653 32 21165 32 21677 32 22189 32 22701 32 23213 32 23725 32 24237 32 24749 32 25261 32 25773 36 26285 36 26797 36 27309 36 27821 36 28333 40 28845 40 29357 40 29869 40 30381 40 30897 40 31409 40 31921 40 32433 40 32945 40 33461 40 33973 40 34485 40 34997 40 35509 40 36021 44 36533 44 37045 44 37557 44 38069 44 38581 44 39093 44 39605 44 40117 44 40629 44 41141 48 41653 48 42165 48 42677 48 43189 48 43701 48 44213 48 44725 48 45237 48 45749 48 46265 44 46777 44 47289 44 47801 44 48313 44 48825 44 49337 44 49849 44 50361 44 50873 44 51389 36 51901 36 52413 36 52925 36 53437 36 53957 28 54469 28 54981 28 55493 28 56005 28 56525 12 57037 12 57549 12 58061 12 58573 12
5cee644e5ffbef1ba021c7f389b33bafd3b1841f04d3edd7922d5084c2c4e0c7,248505 12 249017 12 249529 12 250041 12 250553 12 251065 12 251577 12 252089 12 252601 12 253113 12 253625 12 254137 12 254649 12 255161 12 255673 12
5cee644e5ffbef1ba021c7f389b33bafd3b1841f04d3edd7922d5084c2c4e0c7,171765 32 172277 32 172789 32 173301 32 173813 32 174321 40 174833 40 175345 40 175857 40 176369 40 176881 40 177393 40 177905 40 178417 40 178929 40 179441 44 179953 44 180465 44 180977 44 181489 44 182001 40 182513 40 183025 40 183537 40 184049 40 184561 40 185073 40 185585 40 186097 40 186609 40 187125 32 187637 32 188149 32 188661 32 189173 32
5cee644e5ffbef1ba021c7f389b33bafd3b1841f04d3edd7922d5084c2c4e0c7,256393 16 256905 16 257417 16 257929 16 258441 16 258941 36 259453 36 259965 36 260477 36 260989 36 261493 44 262005 44 262517 44 263029 44 263541 44 264053 48 264565 48 265077 48 265589 48 266101 48 266609 52 267121 52 267633 52 268145 52 268657 52 269169 52 269681 52 270193 52 270705 52 271217 52 271729 52 272241 52 272753 52 273265 52 273777 52 274289 52 274801 52 275313 52 275825 52 276337 52 276849 48 277361 48 277873 48 278385 48 278897 48 279413 36 279925 36 280437 36 280949 36 281461 36 281989 12 282501 12 283013 12 283525 12 284037 12
5cee644e5ffbef1ba021c7f389b33bafd3b1841f04d3edd7922d5084c2c4e0c7,128401 20 128913 20 129425 20 129937 20 130449 20 130937 48 130993 20 131449 48 131505 20 131961 48 132017 20 132473 48 132529 20 132985 48 133041 20 133493 84 134005 84 134517 84 135029 84 135541 84 136053 88 136565 88 137077 88 137589 88 138101 88 138613 88 139125 88 139637 88 140149 88 140661 88 141177 84 141689 84 142201 84 142713 84 143225 84 143745 32 143785 36 144257 32 144297 36 144769 32 144809 36 145281 32 145321 36 145793 32 145833 36 146313 16 146349 28 146825 16 146861 28 147337 16 147373 28 147849 16 147885 28 148361 16 148397 28 148917 24 149429 24 149941 24 150453 24 150965 24 151477 32 151989 32 152501 32 153013 32 153525 32 154033 40 154545 40 155057 40 155569 40 156081 40 156593 40 157105 40 157617 40 158129 40 158641 40 159117 24 159145 48 159629 24 159657 48 160141 24 160169 48 160653 24 160681 48 161165 24 161193 48 161673 80 162185 80 162697 80 163209 80 163721 80 164233 76 164745 76 165257 76 165769 76 166281 76 166793 76 167305 76 167817 76 168329 76 168841 76 169353 76 169865 76 170377 76 170889 76 171401 76 171921 68 172433 68 172945 68 173457 68 173969 68 174485 64 174997 64 175509 64 176021 64 176533 64 177045 64 177557 64 178069 64 178581 64 179093 64 179605 64 180117 64 180629 64 181141 64 181653 64 182169 52 182681 52 183193 52 183705 52 184217 52 184729 28 185241 28 185753 28 186265 28 186777 28 187293 24 187805 24 188317 24 188829 24 189341 24
5cee644e5ffbef1ba021c7f389b33bafd3b1841f04d3edd7922d5084c2c4e0c7,13221 32 13733 32 14245 32 14757 32 15269 32 15773 48 16285 48 16797 48 17309 48 17821 48 18329 52 18841 52 19353 52 19865 52 20377 52 20885 56 21397 56 21909 56 22421 56 22933 56 23445 60 23957 60 24469 60 24981 60 25493 60 26005 56 26517 56 27029 56 27541 56 28053 56 28569 52 29081 52 29593 52 30105 52 30617 52 31133 48 31645 48 32157 48 32669 48 33181 48 33697 40 34209 40 34721 40 35233 40 35745 40 36257 36 36769 36 37281 36 37793 36 38305 36 38821 28 39333 28 39845 28 40357 28 40869 28
648c8ffa496e1716017906d0bf135debfc93386ae86aa3d4adbda9a505985fd9,17999 6 18255 6 18507 12 18763 12 19017 14 19273 14 19527 16 19783 16 20037 18 20293 18 20549 18 20805 18 21061 18 21317 18 21575 16 21831 16 22089 14 22345 14 22605 8 22861 8
648c8ffa496e1716017906d0bf135debfc93386ae86aa3d4adbda9a505985fd9,14425 8 14681 8 14937 10 15193 10 15447 14 15703 14 15959 14 16215 14 16471 14 16727 14 16983 16 17239 16 17497 14 17753 14 18009 14 18265 14 18521 14 18777 14 19033 14 19289 14 19545 12 19801 12 20059 10 20315 10
648c8ffa496e1716017906d0bf135debfc93386ae86aa3d4adbda9a505985fd9,2237 12 2493 12 2749 12 3005 12 3259 16 3515 16 3771 16 4027 16 4283 16 4539 16 4795 16 5051 16 5307 14 5563 14 5821 12 6077 12 6335 8 6591 8
648c8ffa496e1716017906d0bf135debfc93386ae86aa3d4adbda9a505985fd9,11495 6 11751 6 12003 14 12259 14 12515 14 12771 14 13027 14 13283 14 13539 14 13795 14 14051 14 14307 14 14565 12 14821 12
648c8ffa496e1716017906d0bf135debfc93386ae86aa3d4adbda9a505985fd9,38653 4 38909 4 39165 4 39421 4 39675 6 39931 6 40187 6 40443 6 40699 6 40955 6 41213 4 41469 4
697a05c6fe4a07c601d46da80885645ad574ea19b47ee795ccff216c9f1f1808,51717 8 51973 8 52227 14 52483 14 52737 18 52993 18 53249 20 53505 20 53761 20 54017 20 54273 20 54529 20 54787 18 55043 18 55297 18 55327 2 55553 18 55583 2 55809 16 55835 8 56065 16 56091 8 56323 12 56345 12 56579 12 56601 12 56835 12 56855 12 57091 12 57111 12 57345 16 57365 14 57383 12 57601 16 57621 14 57639 12 57857 52 58113 52 58369 54 58625 54 58881 14 58897 38 59137 14 59153 38 59393 12 59407 42 59649 12 59663 42 59905 56 60161 56 60417 56 60673 56 60931 6 60941 44 61187 6 61197 44 61455 42 61711 42 61967 20 61991 18 62223 20 62247 18 62477 20 62505 14 62733 20 62761 14 62983 24 63017 16 63239 24 63273 16 63493 18 63525 22 63749 18 63781 22 64003 20 64037 24 64259 20 64293 24 64515 20 64547 26 64771 20 64803 26 65027 20 65059 24 65283 20 65315 24
697a05c6fe4a07c601d46da80885645ad574ea19b47ee795ccff216c9f1f1808,41513 12 41769 12 41993 12 42021 18 42249 12 42277 18 42503 22 42531 20 42759 22 42787 20 43015 24 43041 22 43271 24 43297 22 43525 52 43781 52 44037 50 44293 50 44547 52 44803 52 45059 52 45315 52 45571 32 45607 14 45827 32 45863 14 46083 32 46125 2 46339 32 46381 2 46595 32 46851 32 47107 32 47363 32 47621 32 47877 32 48135 12 48151 16 48391 12 48407 16 48649 30 48905 30 49161 30 49417 30 49679 24 49935 24 50193 22 50449 22 50707 20 50963 20 51219 20 51475 20 51733 18 51989 18 52245 16 52501 16 52761 10 53017 10
697a05c6fe4a07c601d46da80885645ad574ea19b47ee795ccff216c9f1f1808,20499 14 20755 14 21005 22 21261 22 21517 24 21773 24 22029 24 22285 24 22541 24 22797 24 23053 26 23309 26 23565 26 23821 26 24077 26 24333 26 24589 26 24845 26 25101 24 25357 24 25613 24 25869 24 26127 12 26141 10 26383 12 26397 10 26653 14 26909 14 27161 20 27417 20 27667 26 27923 26 28177 30 28433 30 28689 30 28945 30 29203 28 29459 28 29715 28 29971 28 30227 26 30483 26 30739 26 30995 26 31251 24 31507 24 31763 22 32019 22 32277 18 32533 18
697a05c6fe4a07c601d46da80885645ad574ea19b47ee795ccff216c9f1f1808,47669 6 47925 6 48175 18 48431 18 48687 20 48943 20 49197 22 49453 22 49709 22 49965 22 50221 22 50477 22 50733 22 50989 22 51245 22 51501 22 51757 22 52013 22 52267 26 52523 26 52779 30 53035 30 53291 32 53547 32 53805 10 53819 16 54061 10 54075 16 54329 20 54585 20 54841 20 55097 20 55353 22 55609 22 55865 22 56121 22 56377 22 56633 22 56889 22 57145 22 57401 20 57657 20 57913 20 58169 20 58425 32 58681 32 58939 30 59195 30 59453 30 59709 30 59967 28 60223 28 60479 28 60735 28 60993 26 61249 26 61505 26 61761 26 62019 22 62275 22 62531 12 62787 12 63047 4 63303 4
697a05c6fe4a07c601d46da80885645ad574ea19b47ee795ccff216c9f1f1808,41547 10 41803 10 42057 12 42313 12 42569 10 42825 10 43081 10 43337 10 43593 8 43849 8
697a05c6fe4a07c601d46da80885645ad574ea19b47ee795ccff216c9f1f1808,64085 8 64341 8 64593 14 64849 14 65105 14 65361 14
697a05c6fe4a07c601d46da80885645ad574ea19b47ee795ccff216c9f1f1808,22623 14 22879 14 23131 20 23387 20 23641 24 23897 24 24153 24 24409 24 24665 24 24921 24 25175 28 25431 28 25687 28 25943 28 26201 26 26457 26 26713 26 26969 26 27227 22 27483 22 27739 22 27995 22 28253 18 28509 18 28769 12 29025 12 29287 4 29543 4 29799 4 30055 4
697a05c6fe4a07c601d46da80885645ad574ea19b47ee795ccff216c9f1f1808,42073 12 42329 12 42583 16 42839 16 43095 16 43351 16 43607 18 43863 18 44119 18 44375 18 44631 20 44887 20 45143 20 45399 20 45655 20 45911 20 46167 28 46423 28 46681 28 46937 28 47193 30 47449 30 47705 30 47961 30 48217 30 48473 30 48731 28 48987 28 49245 24 49501 24 49757 24 50013 24 50269 22 50525 22 50781 22 51037 22 51293 22 51549 22 51807 20 52063 20 52319 12 52575 12 52833 6 53089 6
697a05c6fe4a07c601d46da80885645ad574ea19b47ee795ccff216c9f1f1808,56421 16 56677 16 56929 22 57185 22 57441 22 57697 22 57953 24 58209 24 58465 24 58721 24 58977 24 59233 24 59489 24 59745 24 60001 24 60257 24 60513 24 60769 24 61027 20 61283 20 61539 20 61795 20 62055 14 62311 14
697a05c6fe4a07c601d46da80885645ad574ea19b47ee795ccff216c9f1f1808,32875 6 33131 6 33383 18 33639 18 33893 22 34149 22 34405 24 34661 24 34917 24 35173 24 35429 24 35685 24 35941 26 36197 26 36453 26 36709 26 36965 24 37221 24 37477 24 37733 24 37991 20 38247 20 38503 18 38759 18 39019 10 39275 10
697a05c6fe4a07c601d46da80885645ad574ea19b47ee795ccff216c9f1f1808,57999 12 58255 12 58509 16 58765 16 59021 18 59277 18 59533 18 59789 18 60043 20 60299 20 60555 20 60811 20 61069 18 61325 18 61581 18 61837 18 62081 8 62093 18 62337 8 62349 18 62591 14 62607 14 62847 14 62863 14 63103 18 63359 18 63613 22 63869 22 64125 22 64381 22 64637 22 64893 22 65149 22 65405 22
697a05c6fe4a07c601d46da80885645ad574ea19b47ee795ccff216c9f1f1808,20111 4 20367 4 20617 16 20873 16 21127 20 21383 20 21637 24 21893 24 22149 24 22405 24 22661 26 22917 26 23173 26 23429 26 23685 26 23941 26 24197 26 24453 26 24705 30 24961 30 25217 28 25473 28 25729 28 25985 28 26241 24 26497 24 26753 14 26769 6 27009 14 27025 6 27267 10 27523 10 27781 6 28037 6
697a05c6fe4a07c601d46da80885645ad574ea19b47ee795ccff216c9f1f1808,45701 12 45957 12 46211 22 46467 22 46723 30 46979 30 47233 32 47489 32 47745 32 48001 32 48257 34 48513 34 48769 34 49025 34 49281 36 49537 36 49793 36 50049 36 50305 38 50561 38 50819 36 51075 36 51333 4 51341 26 51589 4 51597 26 51855 24 52111 24 52369 22 52625 22 52887 14 53143 14 53401 10 53657 10
697a05c6fe4a07c601d46da80885645ad574ea19b47ee795ccff216c9f1f1808,38025 30 38281 30 38535 36 38577 4 38791 36 38833 4 39045 56 39301 56 39557 58 39813 58 40069 60 40325 60 40581 60 40837 60 41093 60 41349 60 41607 58 41863 58 42119 58 42375 58 42633 32 42667 20 42889 32 42923 20 43145 30 43181 16 43401 30 43437 16 43659 28 43693 14 43915 28 43949 14 44175 16 44209 2 44431 16 44465 2
697a05c6fe4a07c601d46da80885645ad574ea19b47ee795ccff216c9f1f1808,30371 6 30627 6 30879 14 31135 14 31389 18 31645 18 31901 20 32157 20 32413 22 32669 22 32923 26 33179 26 33437 26 33693 26 33949 26 34205 26 34461 26 34717 26 34975 20 35231 20 35487 18 35743 18 36001 14 36257 14
697a05c6fe4a07c601d46da80885645ad574ea19b47ee795ccff216c9f1f1808,54437 12 54693 12 54947 16 55203 16 55457 18 55713 18 55969 20 56225 20 56481 20 56737 20 56993 20 57249 20 57507 18 57763 18 58021 14 58277 14 58535 12 58791 12 59047 16 59303 16 59557 18 59813 18 60069 20 60325 20 60581 20 60837 20 61093 20 61349 20 61607 18 61863 18 62119 16 62375 16 62633 14 62889 14 63149 6 63405 6
697a05c6fe4a07c601d46da80885645ad574ea19b47ee795ccff216c9f1f1808,43215 16 43471 16 43715 30 43971 30 44223 34 44479 34 44735 34 44991 34 45245 36 45501 36 45757 34 46013 34 46269 34 46525 34 46781 32 47037 32 47295 28 47551 28 47807 18 47839 6 48063 18 48095 6 48319 18 48347 14 48575 18 48603 14 48821 6 48833 16 48857 18 49077 6 49089 16 49113 18 49331 28 49369 18 49587 28 49625 18 49843 26 49881 20 50099 26 50137 20 50355 16 50393 18 50413 6 50611 16 50649 18 50669 6 50865 20 50891 30 50925 14 51121 20 51147 30 51181 14 51377 56 51437 18 51633 56 51693 18 51889 56 51949 18 52145 56 52205 18 52403 54 52459 22 52659 54 52715 22 52917 14 52933 60 53173 14 53189 60 53429 12 53445 60 53685 12 53701 60 53943 10 53957 16 53981 24 54011 4 54199 10 54213 16 54237 24 54267 4 54465 20 54495 22 54721 20 54751 22 54973 26 55007 12 55021 8 55229 26 55263 12 55277 8 55483 18 55503 8 55519 12 55533 12 55549 2 55739 18 55759 8 55775 12 55789 12 55805 2 55995 16 56017 6 56029 14 56045 18 56251 16 56273 6 56285 14 56301 18 56507 18 56529 26 56559 18 56763 18 56785 26 56815 18 57019 20 57041 26 57071 18 57275 20 57297 26 57327 18 57531 48 57585 16 57787 48 57841 16 58043 46 58097 16 58299 46 58353 16 58555 44 58613 10 58811 44 58869 10 59069 26 59101 8 59325 26 59357 8 59583 22 59839 22 60099 16 60355 16 60613 12 60869 12 61135 18 61391 18 61643 24 61899 24 62153 26 62409 26 62665 28 62921 28 63177 28 63433 28 63689 28 63945 28 64201 28 64457 28 64715 26 64971 26 65229 8 65243 8 65485 8 65499 8
697a05c6fe4a07c601d46da80885645ad574ea19b47ee795ccff216c9f1f1808,63671 12 63927 12 64181 16 64437 16 64691 18 64947 18 65205 16 65461 16
697a05c6fe4a07c601d46da80885645ad574ea19b47ee795ccff216c9f1f1808,23741 8 23997 8 24251 14 24507 14 24761 16 25017 16 25271 20 25527 20 25781 22 26037 22 26293 20 26549 20 26805 20 27061 20 27317 20 27573 20 27829 20 28085 20 28341 18 28597 18 28857 12 29113 12
697a05c6fe4a07c601d46da80885645ad574ea19b47ee795ccff216c9f1f1808,6333 4 6589 4 6845 4 7101 4 7357 4 7613 4 7869 4 8125 4
697a05c6fe4a07c601d46da80885645ad574ea19b47ee795ccff216c9f1f1808,1259 20 1515 20 1769 24 2025 24 2249 2 2281 24 2505 2 2537 24 2757 10 2779 8 2793 24 3013 10 3035 8 3049 24 3267 16 3289 12 3305 22 3523 16 3545 12 3561 22 3779 36 3819 14 3837 2 4035 36 4075 14 4093 2 4289 54 4349 2 4545 54 4605 2 4803 52 4857 8 5059 52 5113 8 5315 62 5571 62 5827 62 6083 62 6341 60 6597 60 6853 60 7109 60 7365 38 7419 4 7621 38 7675 4 7879 34 8135 34 8391 20 8413 8 8647 20 8669 8 8905 16 9161 16 9419 12 9675 12
697a05c6fe4a07c601d46da80885645ad574ea19b47ee795ccff216c9f1f1808,16077 6 16333 6 16583 16 16839 16 17093 20 17349 20 17603 24 17859 24 18115 24 18371 24 18627 24 18883 24 19139 24 19395 24 19651 24 19907 24 20163 22 20419 22 20675 22 20931 22 21189 18 21445 18 21703 16 21959 16 22219 8 22475 8
697a05c6fe4a07c601d46da80885645ad574ea19b47ee795ccff216c9f1f1808,27859 2 28115 2 28365 12 28621 12 28873 18 29129 18 29383 20 29639 20 29893 22 30149 22 30405 24 30661 24 30915 26 31171 26 31427 26 31683 26 31939 26 32195 26 32451 24 32707 24 32965 22 33221 22 33477 20 33733 20 33993 12 34249 12
697a05c6fe4a07c601d46da80885645ad574ea19b47ee795ccff216c9f1f1808,35529 4 35785 4 36037 14 36293 14 36549 16 36805 16 37061 16 37317 16 37573 18 37829 18 38083 20 38339 20 38595 20 38851 20 39107 18 39363 18 39619 18 39875 18 40133 16 40389 16 40647 14 40903 14 41161 10 41417 10
697a05c6fe4a07c601d46da80885645ad574ea19b47ee795ccff216c9f1f1808,37087 6 37343 6 37597 12 37853 12 38107 16 38363 16 38619 18 38875 18 39131 18 39387 18 39641 20 39897 20 40153 22 40409 22 40665 20 40921 20 41179 18 41435 18 41691 16 41947 16 42207 8 42463 8
697a05c6fe4a07c601d46da80885645ad574ea19b47ee795ccff216c9f1f1808,20709 8 20965 8 21219 12 21475 12 21729 14 21985 14 22239 18 22495 18 22751 18 23007 18 23261 20 23517 20 23773 20 24029 20 24287 18 24543 18 24799 16 25055 16 25313 12 25569 12 25829 4 26085 4
697a05c6fe4a07c601d46da80885645ad574ea19b47ee795ccff216c9f1f1808,10479 6 10735 6 10985 18 11241 18 11495 22 11751 22 12005 26 12261 26 12517 28 12773 28 13027 30 13283 30 13539 30 13795 30 14051 30 14307 30 14563 30 14819 30 15075 30 15331 30 15587 30 15843 30 16099 30 16355 30 16613 28 16869 28 17125 28 17381 28 17637 28 17893 28 18151 26 18407 26 18663 26 18919 26 19175 26 19431 26 19697 16 19953 16 20217 6 20473 6 20731 4 20987 4
697a05c6fe4a07c601d46da80885645ad574ea19b47ee795ccff216c9f1f1808,42731 6 42987 6 43239 14 43495 14 43749 16 44005 16 44259 18 44515 18 44771 18 45027 18 45283 18 45539 18 45797 14 46053 14 46313 4 46569 4
697a05c6fe4a07c601d46da80885645ad574ea19b47ee795ccff216c9f1f1808,33529 6 33785 6 34041 8 34297 8 34541 8 34553 8 34797 8 34809 8 35051 22 35307 22 35563 14 35579 4 35819 14 35835 4 36073 16 36091 4 36329 16 36347 4 36587 14 36603 6 36843 14 36859 6 37099 14 37115 6 37355 14 37371 6 37613 10 37627 6 37869 10 37883 6 38127 4 38139 6 38383 4 38395 6 38653 2 38909 2
697a05c6fe4a07c601d46da80885645ad574ea19b47ee795ccff216c9f1f1808,59637 10 59893 10 60147 12 60403 12 60657 14 60913 14 61167 16 61423 16 61679 14 61935 14 62191 16 62447 16 62703 16 62959 16 63215 16 63471 16 63729 14 63985 14 64241 12 64497 12 64755 8 65011 8 65267 6 65523 6
697a05c6fe4a07c601d46da80885645ad574ea19b47ee795ccff216c9f1f1808,42747 6 43003 6 43259 6 43515 6 43771 6 44027 6 44283 6 44539 6 44795 6 45051 6 45307 6 45563 6 45821 4 46077 4
699f2992cd71e2e28cf45f81347ff22e76b37541ce88087742884cd0e9aadc68,3 4 263 4 523 4 781 10 1041 10 1301 10 1561 10 1821 10 2081 10 2341 10 2601 10 2861 8 3121 8 3381 8 3641 8 3901 8 4161 6 4421 6 4681 6 4941 6 5201 6 5461 6 5723 2 5983 2
699f2992cd71e2e28cf45f81347ff22e76b37541ce88087742884cd0e9aadc68,8581 10 8841 10 9101 12 9361 12 9621 12 9881 12 10141 12 10401 12 10661 12 10921 12 11181 12 11441 12 11701 12 11961 12 12221 12 12481 12 12741 8 13001 8 13261 8 13521 6 13781 6 14041 6 14301 6 14561 6 14821 6 15081 6 15341 6 15601 6 15861 6 16121 6 16381 6 16641 6 16901 6 17161 6 17421 6 17681 6 17941 6 18201 4 18461 4 18721 4 18983 2 19243 2 19503 2
699f2992cd71e2e28cf45f81347ff22e76b37541ce88087742884cd0e9aadc68,24705 6 24965 6 25225 6 25481 12 25741 12 26001 14 26261 14 26521 14 26781 14 27041 14 27301 14 27561 12 27821 12 28083 6 28343 6 28603 6
699f2992cd71e2e28cf45f81347ff22e76b37541ce88087742884cd0e9aadc68,31723 2 31983 2 32243 2 32501 10 32761 10 33021 10 33281 10 33541 10 33801 10 34061 10 34321 10 34581 10 34841 10 35101 10 35361 8 35621 8 35881 8 36141 8 36401 8 36661 6 36921 6 37181 6 37441 4 37701 4 37963 2 38223 2 38483 2 38743 2 39003 2 39263 2 39523 2 39783 2 40043 2 40301 4 40561 4 40821 6 41081 6 41341 6 41601 6 41861 6 42121 6 42381 6 42641 6 42901 4 43161 4 43421 4 43681 4 43941 4 44201 4
699f2992cd71e2e28cf45f81347ff22e76b37541ce88087742884cd0e9aadc68,67091 16 67351 16 67601 28 67861 28 68121 28 68381 28 68641 28 68901 28 69161 28 69421 28 69681 28 69941 28 70201 28 70463 22 70723 22 70983 22
699f2992cd71e2e28cf45f81347ff22e76b37541ce88087742884cd0e9aadc68,72021 4 72281 4 72541 6 72801 6 73061 6 73321 6 73581 6 73841 6 74101 6 74361 6 74621 4 74881 4 75141 4
699f2992cd71e2e28cf45f81347ff22e76b37541ce88087742884cd0e9aadc68,48625 12 48885 12 49145 12 49403 14 49663 14 49923 14 50183 14 50443 14 50705 10 50965 10 51225 10 51487 6 51747 6 52007 6
699f2992cd71e2e28cf45f81347ff22e76b37541ce88087742884cd0e9aadc68,59285 16 59545 16 59805 18 60065 18 60325 18 60585 20 60609 4 60845 20 60869 4 61105 20 61129 4 61365 33 61625 33 61885 33 62145 33 62405 33 62667 31 62927 31 63187 31 63449 29 63709 29 63969 29 64233 23 64493 23
699f2992cd71e2e28cf45f81347ff22e76b37541ce88087742884cd0e9aadc68,81135 12 81395 12 81653 18 81913 18 82173 18 82431 22 82691 22 82951 22 83211 22 83471 22 83731 22 83991 22 84251 22 84509 22 84769 22 85029 22 85287 26 85547 26 85807 26 86065 28 86325 28 86585 28 86845 28 87105 28 87367 26 87627 26 87887 26 88149 24 88409 24 88669 24 88933 18 89193 18
699f2992cd71e2e28cf45f81347ff22e76b37541ce88087742884cd0e9aadc68,33053 9 33313 9 33573 9 33829 15 34089 15 34349 15 34609 17 34869 17 35129 17 35387 17 35647 17 35907 17 36167 17 36427 17 36683 19 36943 19 37203 19 37459 23 37719 23 37979 21 38239 21 38499 21 38757 21 39017 21 39277 21 39537 19 39797 19 40057 19 40317 16 40577 16 40835 16 41095 16 41355 16 41613 16 41873 16 42133 16 42393 18 42653 18 42911 20 43171 20 43431 20 43691 20 43951 20 44211 20 44473 18 44733 18 44993 18 45253 18 45513 18 45775 14 46035 14 46295 14
699f2992cd71e2e28cf45f81347ff22e76b37541ce88087742884cd0e9aadc68,797 4 1057 4
699f2992cd71e2e28cf45f81347ff22e76b37541ce88087742884cd0e9aadc68,49427 11 49687 11 49943 17 50203 17 50463 17 50721 21 50981 21 51241 21 51499 23 51759 23 52019 23 52279 23 52539 23 52799 21 53059 21 53319 21 53579 19 53839 19 54099 19 54359 14 54619 14
699f2992cd71e2e28cf45f81347ff22e76b37541ce88087742884cd0e9aadc68,1342 6 1602 6 1862 6 2118 16 2378 16 2638 16 2893 25 3153 25 3413 25 3671 29 3931 29 4191 31 4451 31 4711 31 4971 31 5231 31 5491 31 5751 31 6011 31 6273 7 6286 14 6533 7 6546 14 6793 7 6806 14 7074 2 7334 2 7594 2
699f2992cd71e2e28cf45f81347ff22e76b37541ce88087742884cd0e9aadc68,11218 14 11478 14 11738 14 11996 20 12256 20 12516 20 12776 22 13036 22 13296 22 13556 22 13816 22 14076 24 14336 24 14596 24 14858 26 15118 26 15378 26 15652 14 15912 14 16172 14 16432 14 16692 14 16948 18 17208 18 17468 18 17730 16 17990 16 18246 20 18506 20 18766 20 19020 26 19280 26 19540 26 19796 32 20056 32 20316 32 20576 32 20836 32 21093 35 21353 35 21613 35 21876 30 22136 30 22396 30 22658 14 22918 14 23184 4 23444 4 23704 4
699f2992cd71e2e28cf45f81347ff22e76b37541ce88087742884cd0e9aadc68,57238 8 57498 8 57756 14 58016 14 58276 14 58533 17 58793 17 59053 17 59316 16 59576 16 59836 14 60096 14 60356 14 60624 2 60884 2 61144 2
699f2992cd71e2e28cf45f81347ff22e76b37541ce88087742884cd0e9aadc68,74136 8 74396 8 74656 10 74916 10 75176 10 75436 10 75696 10 75956 10 76216 10 76476 10 76738 14 76998 14 77258 14 77522 12 77546 2 77782 12 77806 2 78042 12 78066 2 78302 12 78324 16 78562 12 78584 16 78822 12 78844 16 79084 10 79104 16 79344 10 79364 16 79604 12 79622 16 79864 12 79882 16 80124 12 80142 16 80386 26 80646 26 80906 26 81168 22 81202 2 81428 22 81462 2 81692 18 81716 8 81952 18 81976 8 82212 18 82236 8 82474 16 82492 10 82734 16 82752 10 82994 16 83012 10 83256 28 83292 7 83516 28 83552 7 83776 28 83812 7 84036 6 84054 10 84072 7 84296 6 84314 10 84332 7 84556 6 84566 2 84574 14 84592 9 84816 6 84826 2 84834 14 84852 9 85076 6 85086 2 85094 14 85112 9 85328 63 85395 6 85425 4 85588 63 85655 6 85685 4 85848 63 85915 6 85945 4 86106 81 86201 10 86366 81 86461 10 86626 105 86886 105 87146 105 87404 105 87664 105 87924 105 88182 105 88442 105 88702 105 88962 103 89222 103 89484 99 89744 99 90004 99
699f2992cd71e2e28cf45f81347ff22e76b37541ce88087742884cd0e9aadc68,40860 8 41120 8 41380 8 41638 12 41898 12 42158 12 42418 14 42678 14 42938 12 43198 12 43458 12 43720 10 43980 10 44240 10
699f2992cd71e2e28cf45f81347ff22e76b37541ce88087742884cd0e9aadc68,49450 14 49710 14 49968 20 50228 20 50488 20 50746 24 51006 24 51266 24 51526 24 51786 24 52046 24 52306 24 52566 24 52828 20 53088 20 53348 20 53616 4 53876 4 54136 4
699f2992cd71e2e28cf45f81347ff22e76b37541ce88087742884cd0e9aadc68,28910 12 29170 12 29430 12 29690 16 29950 16 30210 16 30468 18 30728 18 30988 20 31248 20 31508 20 31770 18 32030 18 32290 18 32550 18 32810 18 33070 18 33330 18 33590 18 33852 16 34112 16 34372 16 34636 8 34896 8 35156 8
699f2992cd71e2e28cf45f81347ff22e76b37541ce88087742884cd0e9aadc68,59862 10 60122 10 60382 10 60640 12 60900 12 61160 12 61418 14 61678 14 61938 14 62200 12 62460 12 62720 8 62980 8 63240 8
699f2992cd71e2e28cf45f81347ff22e76b37541ce88087742884cd0e9aadc68,68444 12 68704 12 68964 12 69220 18 69480 18 69738 20 69998 20 70258 20 70518 20 70778 20 71038 20 71298 18 71558 18 71818 18 72082 4 72342 4
699f2992cd71e2e28cf45f81347ff22e76b37541ce88087742884cd0e9aadc68,66 16 326 16 586 16 842 22 1102 22 1366 16 1626 16 1886 16 2152 8 2412 8 2672 8
699f2992cd71e2e28cf45f81347ff22e76b37541ce88087742884cd0e9aadc68,34654 2 34914 2 35174 2 35430 8 35690 8 35950 10 36210 10 36470 10 36728 10 36988 10 37248 10 37510 6 37770 6
699f2992cd71e2e28cf45f81347ff22e76b37541ce88087742884cd0e9aadc68,27634 10 27894 10 28152 18 28412 18 28672 18 28932 20 29192 20 29452 20 29712 22 29972 22 30232 22 30494 18 30754 18
699f2992cd71e2e28cf45f81347ff22e76b37541ce88087742884cd0e9aadc68,41686 10 41946 10 42206 10 42464 15 42724 15 42982 19 43242 19 43502 19 43762 29 44022 29 44282 29 44542 35 44802 35 45062 35 45322 35 45582 35 45844 6 45856 21 46104 6 46116 21 46364 6 46376 21 46636 21 46896 21 47156 21 47421 14 47681 14
699f2992cd71e2e28cf45f81347ff22e76b37541ce88087742884cd0e9aadc68,22721 10 22981 10 23236 17 23496 17 23756 17 24006 27 24266 27 24526 27 24786 27 25046 27 25306 27 25564 29 25824 29 26086 27 26346 27 26606 27 26868 23 27128 23 27388 23 27659 12 27919 12 28179 12 28439 12 28699 12 28959 12 29219 12 29479 12 29741 10 30001 10 30261 10 30523 6 30783 6
699f2992cd71e2e28cf45f81347ff22e76b37541ce88087742884cd0e9aadc68,52903 12 53163 12 53423 12 53681 16 53941 16 54201 16 54459 18 54719 18 54948 21 54979 18 55208 21 55239 18 55468 21 55499 18 55726 25 55759 18 55986 25 56019 18 56246 25 56279 18 56504 31 56539 18 56764 31 56799 18 57024 31 57059 18 57284 33 57319 16 57544 33 57579 16 57806 31 57839 16 58066 31 58099 16 58326 31 58359 16 58588 11 58605 14 58621 14 58848 11 58865 14 58881 14 59108 11 59125 14 59141 14 59385 14 59401 12 59645 14 59661 12 59907 10 59925 4 60167 10 60185 4 60427 10 60445 4 60689 6 60949 6 61209 6
699f2992cd71e2e28cf45f81347ff22e76b37541ce88087742884cd0e9aadc68,49492 9 49752 9 50008 15 50268 15 50528 15 50786 17 51046 17 51306 17 51566 15 51826 15 52086 15 52346 15 52606 15 52868 8 53128 8 53388 8
699f2992cd71e2e28cf45f81347ff22e76b37541ce88087742884cd0e9aadc68,65616 13 65876 13 66136 13 66392 19 66652 19 66912 19 67170 21 67430 21 67690 21 67950 21 68210 21 68470 21 68495 8 68730 21 68755 8 68990 21 69015 8 69252 17 69271 14 69512 17 69531 14 69776 29 70036 29 70296 29 70567 18 70827 18 71087 18 71345 18 71605 18 71865 18 72123 18 72383 18 72641 18 72901 18 73161 18 73421 18 73681 18 73941 18 74199 20 74459 20 74716 23 74976 23 75236 23 75496 23 75756 23 76016 23 76276 21 76536 21 76796 15 77056 15 77316 15 77581 4 77841 4 78101 4
699f2992cd71e2e28cf45f81347ff22e76b37541ce88087742884cd0e9aadc68,92 4 352 4 612 4 872 7 1132 7 1392 7 1652 7 1912 7
699f2992cd71e2e28cf45f81347ff22e76b37541ce88087742884cd0e9aadc68,5888 4 6148 4 6399 17 6659 17 6919 17 7177 19 7437 19 7697 19 7949 27 8209 27 8469 27 8725 31 8985 31 9243 31 9503 31 9763 31 10009 6 10023 27 10052 16 10269 6 10283 27 10312 16 10529 6 10543 27 10572 16 10787 10 10801 25 10832 18 11047 10 11061 25 11092 18 11307 12 11321 27 11352 18 11567 12 11581 27 11612 18 11827 12 11841 27 11872 18 12063 10 12087 12 12101 27 12132 18 12323 10 12347 12 12361 27 12392 18 12583 10 12607 12 12621 27 12652 18 12841 67 12914 16 13101 67 13174 16 13361 67 13434 16 13619 50 13879 50 14139 52 14399 52 14659 52 14916 53 15176 53 15436 53 15696 53 15956 53 16216 19 16247 22 16476 19 16507 22 16736 19 16767 22 16994 21 17027 24 17254 21 17287 24 17514 21 17547 24 17774 21 17807 24 18034 21 18067 24 18294 21 18331 18 18554 21 18591 18 18814 21 18851 18
699f2992cd71e2e28cf45f81347ff22e76b37541ce88087742884cd0e9aadc68,105 12 365 12 625 12 883 14 1143 14 1403 14 1663 14 1923 14 2185 12 2445 12 2705 12 2967 6 3227 6 3487 6
699f2992cd71e2e28cf45f81347ff22e76b37541ce88087742884cd0e9aadc68,5049 16 5309 16 5569 16 5827 22 6087 22 6347 22 6607 22 6867 22 7127 24 7387 24 7647 24 7907 24 8167 24 8427 24 8691 18 8951 18
699f2992cd71e2e28cf45f81347ff22e76b37541ce88087742884cd0e9aadc68,34693 4 34719 14 34953 4 34979 14 35213 4 35239 14 35471 8 35495 18 35526 4 35731 8 35755 18 35786 4 35989 12 36013 22 36044 10 36249 12 36273 22 36304 10 36509 12 36533 22 36564 10 36769 10 36793 20 36821 15 37029 10 37053 20 37081 15 37289 10 37313 20 37341 15 37549 10 37563 8 37573 20 37601 17 37809 10 37823 8 37833 20 37861 17 38071 38 38119 21 38142 16 38331 38 38379 21 38402 16 38591 38 38639 21 38662 16 38853 22 38889 51 39113 22 39149 51 39373 22 39409 51 39635 22 39663 57 39895 22 39923 57 40155 22 40183 57 40415 22 40441 59 40675 22 40701 59 40937 18 40959 57 41197 18 41219 57 41457 18 41479 57 41719 16 41739 29 41774 12 41979 16 41999 29 42034 12 42239 16 42259 29 42294 12 42519 25 42552 16 42779 25 42812 16 43041 12 43070 18 43301 12 43330 18 43561 12 43590 18 43850 18 44110 18 44370 18 44630 18 44890 18 45150 18 45410 18 45670 18 45934 16 46194 16 46454 16 46718 14 46978 14 47238 14 47496 18 47756 18 48016 26 48276 26 48536 26 48796 30 49056 30 49316 30 49576 30 49836 30 50098 28 50358 28 50618 28 50890 16 51150 16 51410 16 51678 10 51938 10 52198 10 52458 12 52718 12 52978 12 53238 12 53498 12 53760 8 54020 8 54280 8
699f2992cd71e2e28cf45f81347ff22e76b37541ce88087742884cd0e9aadc68,77613 6 77873 6 78133 6 78389 14 78649 14 78909 14 79167 18 79427 18 79687 18 79947 18 80207 18 80467 18 80727 18 80987 18 81249 16 81509 16 81775 6 82035 6 82295 6
699f2992cd71e2e28cf45f81347ff22e76b37541ce88087742884cd0e9aadc68,911 4 1171 4
699f2992cd71e2e28cf45f81347ff22e76b37541ce88087742884cd0e9aadc68,23277 2 23537 2 23797 2 24055 6 24315 6 24575 6
699f2992cd71e2e28cf45f81347ff22e76b37541ce88087742884cd0e9aadc68,176 12 210 2 436 12 470 2 696 12 730 2 944 36 988 6 1204 36 1248 6 1461 37 1506 8 1721 37 1766 8 1981 37 2026 8 2229 8 2241 29 2288 4 2489 8 2501 29 2548 4 2749 8 2761 29 2808 4 2999 51 3062 14 3259 51 3322 14 3519 51 3582 14 3777 49 3842 14 4037 49 4102 14 4297 27 4330 16 4350 8 4360 18 4557 27 4590 16 4610 8 4620 18 4817 27 4850 16 4870 8 4880 18 5077 24 5114 44 5337 24 5374 44 5597 24 5634 44 5859 18 5900 16 5920 18 6119 18 6160 16 6180 18 6442 16 6702 16 6962 16 7224 22 7484 22 7744 22 8012 19 8272 19 8532 19 8792 21 9052 21 9312 21 9572 21 9832 21 10094 21 10354 21 10614 21 10876 19 11136 19 11400 15 11660 15 11920 15 12184 11 12444 11 12704 11 12973 10 13233 10 13493 10 13751 14 14011 14 14269 18 14529 18 14789 18 15049 18 15309 18 15569 18 15826 21 16086 21 16346 21 16606 21 16866 21 17126 19 17386 19 17646 19 17906 19 18166 19 18429 18 18689 18 18949 18 19213 16 19473 16 19733 16 19991 18 20251 18 20511 18 20769 20 21029 20 21289 18 21549 18 21809 18 22071 10 22331 10 22591 10
699f2992cd71e2e28cf45f81347ff22e76b37541ce88087742884cd0e9aadc68,62801 8 63061 8 63321 8 63579 12 63839 12 64099 12 64357 14 64617 14 64877 12 65137 12 65397 12 65657 12 65917 12 66177 12 66439 8 66699 8 66959 8 67225 12 67485 12 67743 16 68003 16 68263 16 68521 18 68781 18 69041 18 69299 20 69559 20 69819 18 70079 18 70339 18 70601 14 70861 14 71121 14
699f2992cd71e2e28cf45f81347ff22e76b37541ce88087742884cd0e9aadc68,47985 12 48245 12 48505 12 48763 16 49023 16 49283 16 49543 16 49803 16 50063 16 50323 16 50583 16 50845 14 51105 14 51365 14
699f2992cd71e2e28cf45f81347ff22e76b37541ce88087742884cd0e9aadc68,76855 6 77115 6 77375 6 77633 13 77893 13 78153 13 78413 13 78673 13 78933 13 79193 13 79453 13 79713 11 79973 11 80233 11 80495 6 80755 6 81015 6
699f2992cd71e2e28cf45f81347ff22e76b37541ce88087742884cd0e9aadc68,86735 13 86995 13 87255 13 87515 15 87775 15 88035 15 88293 17 88553 17 88813 17 89073 17 89333 17 89595 11 89855 11 90115 11
699f2992cd71e2e28cf45f81347ff22e76b37541ce88087742884cd0e9aadc68,22798 16 23058 16 23314 20 23574 20 23834 20 24090 26 24350 26 24610 26 24870 26 25130 26 25390 26 25650 24 25910 24 26170 22 26430 22 26690 22 26952 14 27212 14 27472 14
699f2992cd71e2e28cf45f81347ff22e76b37541ce88087742884cd0e9aadc68,51662 4 51922 4 52182 4 52436 14 52696 14 52954 16 53214 16 53474 16 53732 20 53992 20 54252 20 54512 22 54772 22 55034 22 55294 22 55554 22 55822 16 56082 16 56342 16 56602 18 56862 18 57122 18 57382 18 57642 18 57904 16 58164 16 58424 16 58684 16 58944 16 59204 16 59470 4 59730 4
699f2992cd71e2e28cf45f81347ff22e76b37541ce88087742884cd0e9aadc68,17858 8 18118 8 18376 12 18636 12 18896 12 19156 14 19416 14 19676 14 19936 14 20196 14 20456 14 20716 14 20976 14 21238 10 21498 10 21758 10
699f2992cd71e2e28cf45f81347ff22e76b37541ce88087742884cd0e9aadc68,87542 2 87802 2 88062 2 88320 6 88580 6 88840 6 89098 8 89358 8 89620 6 89880 6 90140 6
699f2992cd71e2e28cf45f81347ff22e76b37541ce88087742884cd0e9aadc68,29060 8 29320 8 29580 8 29838 12 30098 12 30358 12 30608 2 30616 16 30868 2 30876 16 31124 28 31384 28 31644 28 31902 30 32162 30 32422 30 32680 16 32698 16 32940 16 32958 16 33200 16 33218 14 33460 16 33478 14 33720 16 33738 14 33982 12 33998 14 34242 12 34258 14 34502 12 34518 14 34764 8 34778 12 35024 8 35038 12 35284 8 35298 12 35560 8 35820 8
699f2992cd71e2e28cf45f81347ff22e76b37541ce88087742884cd0e9aadc68,86262 8 86522 8 86778 18 87038 18 87298 18 87556 24 87816 24 88076 24 88334 28 88594 28 88854 28 89114 28 89374 28 89636 10 89656 4 89896 10 89916 4 90156 10 90176 4
699f2992cd71e2e28cf45f81347ff22e76b37541ce88087742884cd0e9aadc68,62338 14 62598 14 62856 18 63116 18 63376 18 63636 18 63896 18 64156 18 64416 18 64676 18 64938 16 65198 16 65458 16 65718 16 65978 16 66238 16 66496 20 66756 20 67016 20 67276 20 67536 20 67798 16 68058 16 68318 16 68580 12 68840 12 69100 12
699f2992cd71e2e28cf45f81347ff22e76b37541ce88087742884cd0e9aadc68,72758 2 73018 2 73278 2 73534 10 73794 10 74054 10 74310 16 74570 16 74828 18 75088 18 75348 18 75604 20 75864 20 76124 20 76382 22 76642 22 76900 29 77160 29 77420 29 77678 33 77938 33 78198 33 78458 35 78718 35 78978 35 79238 35 79498 35 79760 10 79774 19 80020 10 80034 19 80280 10 80294 19 80542 2 80556 17 80802 2 80816 17 81062 2 81076 17 81336 21 81596 21 81858 19 82118 19 82378 19 82638 27 82898 27 83158 27 83420 27 83680 27 83940 27 84202 27 84462 27 84733 16 84993 16 85253 16 85513 14 85773 14 86033 14 86295 10 86555 10
699f2992cd71e2e28cf45f81347ff22e76b37541ce88087742884cd0e9aadc68,43129 8 43389 8 43649 8 43892 29 44152 29 44412 29 44670 31 44930 31 45190 31 45450 31 45710 31 45968 33 46228 33 46488 33 46748 31 47008 31 47268 31 47528 14 47788 14 48048 10 48308 10 48568 10
699f2992cd71e2e28cf45f81347ff22e76b37541ce88087742884cd0e9aadc68,35589 12 35849 12 36104 19 36364 19 36624 19 36880 23 37140 23 37400 23 37656 25 37916 25 38174 27 38434 27 38694 27 38954 23 39214 23 39474 23 39732 21 39992 21 40252 21 40514 19 40774 19 41034 17 41294 17 41554 17 41816 10 42076 10 42336 10
699f2992cd71e2e28cf45f81347ff22e76b37541ce88087742884cd0e9aadc68,52482 9 52742 9 52998 15 53258 15 53518 15 53778 17 54038 17 54298 17 54556 19 54816 19 55076 17 55336 17 55596 17 55854 19 56114 19 56374 19 56634 19 56894 19 57154 19 57414 17 57674 17 57934 17 58194 17 58454 17 58714 15 58974 15 59234 15 59494 15 59754 15 60016 10 60276 10 60536 10 60798 6 61058 6 61318 6
699f2992cd71e2e28cf45f81347ff22e76b37541ce88087742884cd0e9aadc68,26245 2 26505 2 26765 2 27006 31 27266 31 27526 31 27786 33 28046 33 28304 37 28564 37 28824 37 29084 17 29109 12 29344 17 29369 12 29604 17 29629 12 29864 11 29891 10 30124 11 30151 10 30384 11 30411 10 30646 13 30669 10 30906 13 30929 10 31169 16 31189 6 31429 16 31449 6 31689 16 31709 6 31951 14 31969 10 32211 14 32229 10 32471 14 32489 10 32735 10 32747 14 32995 10 33007 14 33261 20 33521 20 33781 20 34041 20 34301 20 34561 20 34823 18 35083 18 35343 18 35605 16 35865 16 36125 16 36385 16 36645 16 36907 14 37167 14 37427 14
699f2992cd71e2e28cf45f81347ff22e76b37541ce88087742884cd0e9aadc68,56657 14 56917 14 57177 14 57435 18 57695 18 57955 16 58215 16 58475 16 58735 16 58995 16 59255 16 59517 16 59777 16 60037 16 60297 16 60557 16 60817 18 61077 18 61337 18 61597 18 61857 18 62117 18 62375 24 62635 24 62886 23 62913 6 63146 23 63173 6 63406 23 63433 6 63664 21 63693 8 63924 21 63953 8 64184 21 64213 8 64444 23 64473 8 64704 23 64733 8 64964 23 64997 2 65224 23 65257 2 65484 23 65517 2 65746 19 66006 19 66266 19 66531 10 66791 10 67051 10
699f2992cd71e2e28cf45f81347ff22e76b37541ce88087742884cd0e9aadc68,87593 16 87853 16 88113 16 88371 20 88631 20 88891 20 89149 20 89409 20 89683 6 89943 6 90203 6
699f2992cd71e2e28cf45f81347ff22e76b37541ce88087742884cd0e9aadc68,237 14 497 14 757 14 1013 22 1273 22 1535 18 1795 18 2055 18 2317 16 2577 16 2837 16 3101 10 3361 10 3621 10
699f2992cd71e2e28cf45f81347ff22e76b37541ce88087742884cd0e9aadc68,6493 8 6753 8 7013 8 7267 14 7527 14 7787 14 8043 18 8303 18 8563 18 8821 18 9081 18 9339 22 9599 22 9859 22 10119 22 10379 22 10639 22 10901 20 11161 20 11423 10 11437 2 11683 10 11697 2 11943 10 11957 2
699f2992cd71e2e28cf45f81347ff22e76b37541ce88087742884cd0e9aadc68,68637 2 68897 2 69157 2 69415 6 69675 6 69933 8 70193 8 70453 8 70711 10 70971 10 71231 10 71491 10 71751 10 72011 10 72269 12 72529 12 72789 12 73049 12 73309 12 73569 12 73829 12 74089 12 74349 12 74609 12 74869 12 75129 12 75389 12 75649 12 75909 12 76169 12 76429 12 76689 12 76949 12 77209 12 77469 12 77731 10 77991 10 78251 10 78511 10 78771 10 79031 10 79293 8 79553 8 79815 6 80075 6 80335 6 80595 6 80855 6 81115 6 81377 2 81637 2 81897 2 82157 2 82417 2
699f2992cd71e2e28cf45f81347ff22e76b37541ce88087742884cd0e9aadc68,41075 6 41335 6 41595 6 41855 6 42115 6 42375 6 42633 8 42893 8 43153 8 43413 8 43673 8 43933 8 44193 8 44453 8 44713 8 44973 8 45233 8 45493 8 45753 8 46015 6 46275 6 46535 6 46795 6 47055 6 47315 6 47575 4 47835 4 48097 2 48357 2 48617 2 48877 2 49137 2 49397 2 49655 4 49915 4 50173 8 50433 8 50693 8 50951 10 51211 10 51471 10 51731 10 51991 10 52251 10 52513 8 52773 8
699f2992cd71e2e28cf45f81347ff22e76b37541ce88087742884cd0e9aadc68,16377 4 16637 4 16897 4 17155 6 17415 6 17675 6 17935 6 18195 6 18455 6 18715 6 18975 6 19237 4 19497 4 19757 4
699f2992cd71e2e28cf45f81347ff22e76b37541ce88087742884cd0e9aadc68,88395 4 88655 4 88915 4 89175 6 89435 6
78a981bd27ba0c65a9169548665a17bda9f49050d0d3893a6567d1eb92cd003d,1 20 33 21 62 41 123 28 168 32 220 21 261 20 294 16 350 13 375 97 521 20 553 21 582 41 643 28 688 32 740 21 781 20 814 16 870 13 895 97 1041 20 1073 21 1102 41 1163 28 1208 32 1260 21 1301 20 1334 16 1390 13 1415 97 1561 20 1593 25 1622 41 1679 36 1728 36 1776 29 1813 32 1849 25 1882 16 1902 130 2081 20 2113 25 2142 41 2199 36 2248 36 2296 29 2333 32 2369 25 2402 16 2422 130 2601 20 2629 29 2662 45 2719 36 2768 44 2816 69 2889 25 2918 150 3121 20 3149 29 3182 45 3239 36 3288 44 3336 69 3409 25 3438 150 3641 20 3669 29 3702 45 3759 36 3808 44 3856 69 3929 25 3958 150 4161 16 4189 29 4226 16 4246 25 4275 40 4332 113 4454 20 4478 93 4588 28 4681 16 4709 29 4746 16 4766 25 4795 40 4852 113 4974 20 4998 93 5108 28 5201 16 5229 29 5266 16 5286 25 5315 40 5372 113 5494 20 5518 93 5628 28 5725 8 5749 25 5790 85 5896 109 6014 20 6038 93 6152 20 6245 8 6269 25 6310 85 6416 109 6534 20 6558 93 6672 20 6765 8 6789 25 6830 85 6936 109 7054 20 7078 93 7192 20 7289 45 7338 97 7460 134 7598 110 7716 12 7809 45 7858 97 7980 134 8118 110 8236 12 8321 154 8500 36 8557 77 8638 114 8841 154 9020 36 9077 77 9158 114 9361 154 9540 36 9597 77 9678 114 9881 32 9930 109 10060 32 10121 73 10202 110 10401 32 10450 109 10580 32 10641 73 10722 110 10921 32 10970 109 11100 32 11161 73 11242 110 11441 32 11490 65 11559 40 11624 28 11677 73 11766 16 11790 33 11847 25 11884 16 11953 40 12010 65 12079 40 12144 28 12197 73 12286 16 12310 33 12367 25 12404 16 12473 40 12530 61 12603 36 12664 24 12696 41 12745 45 12830 37 12887 25 12920 24 12993 40 13050 61 13123 36 13184 24 13216 41 13265 45 13350 37 13407 25 13440 24 13513 40 13570 61 13643 36 13704 24 13736 41 13785 45 13870 37 13927 25 13960 24 14033 36 14094 53 14163 36 14224 24 14256 37 14305 37 14386 49 14447 25 14476 28 14549 40 14614 53 14683 36 14744 24 14776 37 14825 37 14906 49 14967 25 14996 28 15069 40 15134 53 15203 36 15264 24 15296 37 15345 37 15426 49 15487 25 15516 28 15589 36 15658 53 15723 53 15780 28 15816 41 15865 16 15942 53 16007 21 16036 32 16109 36 16178 53 16243 53 16300 28 16336 41 16385 16 16462 53 16527 21 16556 32 16629 36 16698 53 16763 53 16820 28 16856 41 16905 16 16982 53 17047 21 17076 32 17149 28 17230 49 17283 85 17376 41 17502 53 17563 25 17596 32 17669 28 17750 49 17803 85 17896 41 18022 53 18083 25 18116 32 18189 28 18270 138 18416 41 18473 12 18542 53 18603 25 18636 36 18705 32 18790 138 18936 41 18993 12 19062 53 19123 25 19156 36 19225 32 19310 138 19456 41 19513 12 19582 53 19643 25 19676 36 19745 28 19826 142 19976 41 20029 20 20106 49 20159 29 20196 36 20257 36 20346 142 20496 41 20549 20 20626 49 20679 29 20716 36 20777 36 20866 142 21016 41 21069 20 21146 49 21199 29 21236 36 21297 36 21386 228 21666 49 21719 29 21760 36 21800 53 21906 228 22186 49 22239 29 22280 36 22320 53 22426 228 22706 49 22759 29 22800 36 22840 53 22946 154 23104 65 23222 53 23279 29 23320 93 23466 154 23624 65 23742 53 23799 29 23840 97 23986 24 24019 77 24108 101 24250 65 24319 29 24364 93 24506 24 24539 77 24628 101 24770 65 24839 29 24884 93 25026 24 25059 77 25148 101 25290 65 25359 29 25404 97 25546 24 25583 40 25631 21 25668 97 25806 69 25879 142 26066 24 26103 40 26151 21 26188 97 26326 69 26399 142 26586 24 26623 40 26671 21 26708 97 26846 69 26919 146 27106 24 27147 32 27220 81 27305 20 27362 41 27407 28 27443 12 27459 126 27626 24 27667 32 27740 81 27825 20 27882 41 27927 28 27963 12 27979 130 28122 48 28183 36 28252 89 28345 16 28402 37 28447 24 28499 130 28642 48 28703 36 28772 89 28865 16 28922 37 28967 24 29019 130 29162 48 29223 36 29292 89 29385 16 29442 37 29487 24 29539 191 29739 40 29812 36 29856 41 29901 24 29942 16 29962 32 30007 20 30059 49 30112 138 30259 40 30332 36 30376 41 30421 24 30462 16 30482 32 30527 20 30579 49 30632 138 30779 40 30852 36 30896 41 30941 24 30982 16 31002 32 31047 20 31099 49 31152 138 31294 61 31372 28 31420 33 31461 24 31502 52 31567 20 31619 45 31672 138 31814 61 31892 28 31940 33 31981 24 32022 52 32087 20 32139 45 32192 138 32334 61 32412 28 32460 33 32501 24 32542 52 32607 20 32659 45 32712 134 32854 65 32932 24 32968 4 32980 21 33021 24 33058 89 33179 45 33232 21 33261 105 33374 65 33452 24 33488 4 33500 21 33541 24 33578 89 33699 45 33752 21 33781 85 33874 8 33890 69 33976 20 34000 29 34061 24 34094 24 34126 61 34219 41 34268 25 34305 81 34394 8 34410 69 34496 20 34520 29 34581 24 34614 24 34646 61 34739 41 34788 25 34825 81 34914 8 34930 69 35016 20 35040 29 35101 24 35134 24 35166 61 35259 41 35308 25 35345 16 35365 57 35454 65 35556 37 35621 24 35654 24 35686 61 35779 37 35824 29 35869 12 35885 57 35974 65 36076 37 36141 24 36174 24 36206 61 36299 37 36344 29 36389 12 36405 57 36494 65 36596 37 36661 24 36694 24 36726 61 36819 37 36864 29 36909 12 36949 33 37014 65 37112 45 37161 4 37177 24 37209 29 37246 61 37339 21 37380 33 37433 4 37469 33 37534 65 37632 45 37681 4 37697 24 37729 29 37766 61 37859 21 37900 33 37953 4 37989 29 38059 60 38152 61 38217 24 38245 33 38290 33 38327 20 38355 41 38416 33 38509 29 38579 60 38672 61 38737 24 38765 33 38810 33 38847 20 38875 41 38936 33 39029 29 39099 60 39192 61 39257 24 39285 33 39330 33 39367 20 39395 41 39456 33 39549 29 39623 52 39708 130 39854 29 39887 69 39976 28 40069 29 40143 52 40228 130 40374 29 40407 69 40496 28 40589 29 40663 52 40748 130 40894 29 40927 69 41016 28 41118 16 41142 24 41183 28 41219 12 41264 134 41414 102 41536 24 41638 16 41662 24 41703 28 41739 12 41784 134 41934 102 42056 24 42158 16 42182 24 42223 28 42259 12 42304 134 42454 102 42576 24 42702 28 42747 24 42820 40 42864 37 42917 45 42978 114 43096 20 43222 28 43267 24 43340 40 43384 37 43437 45 43498 114 43616 20 43738 32 43787 32 43860 36 43909 40 43957 49 44018 118 44258 32 44307 32 44380 36 44429 40 44477 49 44538 118 44778 32 44827 32 44900 36 44949 40 44997 49 45058 118 45298 32 45351 32 45416 40 45469 101 45578 118 45704 8 45818 32 45871 32 45936 40 45989 101 46098 118 46224 8 46338 32 46391 32 46456 40 46509 101 46618 118 46744 8 46858 32 46923 24 46976 40 47033 36 47073 25 47106 24 47138 142 47378 32 47443 24 47496 40 47553 36 47593 25 47626 24 47658 142 47898 32 47963 24 48016 36 48073 32 48113 25 48146 24 48182 25 48227 93 48418 32 48483 24 48536 36 48593 32 48633 25 48666 24 48702 25 48747 93 48938 32 49003 24 49056 36 49113 32 49153 25 49186 24 49222 25 49267 93 49454 32 49523 24 49568 40 49637 28 49669 29 49706 24 49746 17 49779 142 49974 32 50043 24 50088 40 50157 28 50189 29 50226 24 50266 17 50299 142 50494 32 50563 24 50608 40 50677 28 50709 29 50746 24 50786 17 50819 142 51014 28 51083 24 51124 40 51193 65 51270 24 51306 17 51335 146 51534 28 51603 24 51644 40 51713 65 51790 24 51826 17 51855 146 52054 28 52123 24 52164 40 52233 65 52310 24 52346 17 52375 146 52574 24 52643 28 52679 25 52753 65 52834 24 52866 17 52891 81 52980 61 53094 24 53163 28 53199 25 53273 65 53354 24 53386 17 53411 81 53500 61 53602 20 53626 8 53683 61 53793 61 53874 28 53906 90 54020 61 54122 20 54146 8 54203 61 54313 61 54394 28 54426 90 54540 61 54642 20 54666 8 54723 61 54833 61 54914 28 54946 90 55060 61 55158 20 55243 61 55357 52 55434 28 55466 86 55576 65 55678 20 55763 61 55877 52 55954 28 55986 86 56096 65 56198 20 56283 61 56397 52 56474 28 56506 86 56616 65 56713 29 56807 57 56917 40 56969 17 56994 28 57026 82 57136 65 57233 29 57327 57 57437 40 57489 17 57514 28 57546 82 57656 65 57753 29 57823 16 57847 57 57957 40 58005 57 58070 45 58119 29 58176 28 58213 12 58229 12 58273 29 58343 16 58367 57 58477 40 58525 57 58590 45 58639 29 58696 28 58733 12 58749 12 58793 29 58863 16 58887 57 58997 40 59045 57 59110 45 59159 29 59216 28 59253 12 59269 12 59313 53 59379 81 59484 20 59517 36 59565 57 59630 41 59675 33 59716 69 59793 8 59833 53 59899 81 60004 20 60037 36 60085 57 60150 41 60195 33 60236 69 60313 8 60353 53 60419 81 60524 20 60557 36 60605 57 60670 41 60715 33 60756 69 60833 8 60873 57 60939 69 61040 24 61081 32 61125 57 61194 70 61272 73 61393 57 61459 69 61560 24 61601 32 61645 57 61714 70 61792 73 61913 57 61979 69 62080 24 62121 32 62165 57 62234 70 62312 73 62433 57 62499 65 62580 44 62637 36 62685 53 62750 74 62832 24 62860 49 62953 57 63019 65 63100 44 63157 36 63205 53 63270 74 63352 24 63380 49 63478 56 63539 65 63616 44 63677 32 63725 29 63762 187 63998 56 64059 65 64136 44 64197 32 64245 29 64282 187 64518 56 64579 65 64656 44 64717 32 64765 29 64802 187 65042 52 65099 65 65168 52 65237 28 65281 33 65326 183 65562 52 65619 65 65688 52 65757 28 65801 33 65846 183 66082 52 66139 65 66208 52 66277 28 66321 33 66366 183 66606 48 66663 56 66724 101 66833 41 66886 37 66931 138 67126 48 67183 56 67244 101 67353 41 67406 37 67451 138 67646 44 67703 16 67727 24 67764 101 67873 41 67926 37 67971 138 68166 44 68223 16 68247 24 68284 101 68393 41 68446 37 68491 138 68686 44 68743 16 68767 24 68804 101 68913 41 68966 37 69011 138 69210 16 69234 45 69295 4 69319 82 69429 41 69486 69 69559 37 69600 49 69653 28 69730 16 69754 45 69815 4 69839 82 69949 41 70006 69 70079 37 70120 49 70173 28 70250 16 70274 45 70335 4 70359 82 70469 41 70526 69 70599 37 70640 49 70693 28 70794 53 70859 102 70985 33 71042 73 71123 29 71160 44 71217 24 71314 53 71379 102 71505 33 71562 73 71643 29 71680 44 71737 24 71834 53 71899 102 72025 33 72082 73 72163 29 72200 44 72257 24 72354 163 72545 29 72582 89 72687 25 72720 40 72777 24 72874 163 73065 29 73102 89 73207 25 73240 40 73297 24 73390 167 73581 33 73618 89 73731 21 73760 32 73817 24 73910 167 74101 33 74138 89 74251 21 74280 32 74337 24 74430 167 74621 33 74658 89 74771 21 74800 32 74857 24 74950 98 75052 61 75137 37 75178 81 75295 13 75320 28 75373 28 75470 98 75572 61 75657 37 75698 81 75815 13 75840 28 75893 28 75990 98 76092 61 76177 37 76218 81 76335 13 76360 28 76413 28 76510 89 76616 57 76681 53 76738 48 76794 21 76880 81 77030 89 77136 57 77201 53 77258 48 77314 21 77400 81 77550 89 77656 57 77721 53 77778 48 77834 21 77920 81 78066 93 78176 53 78237 57 78298 40 78354 21 78436 81 78586 93 78696 53 78757 57 78818 40 78874 21 78956 81 79102 28 79139 56 79216 53 79273 105 79399 16 79476 4 79504 45 79622 28 79659 56 79736 53 79793 105 79919 16 79996 4 80024 45 80142 28 80179 56 80256 53 80313 105 80439 16 80516 4 80544 45 80662 24 80711 40 80776 166 81064 57 81182 24 81231 40 81296 166 81584 57 81702 24 81751 40 81816 166 82104 57 82222 20 82275 20 82315 17 82336 48 82389 113 82571 13 82604 16 82628 53 82742 20 82795 20 82835 17 82856 48 82909 113 83091 13 83124 16 83148 53 83262 20 83319 12 83347 73 83429 113 83603 29 83644 20 83668 53 83782 20 83839 12 83867 73 83949 113 84123 29 84164 20 84188 53 84302 20 84359 12 84387 73 84469 113 84643 29 84684 20 84708 53 84822 28 84903 37 84948 24 84984 118 85163 61 85232 29 85265 16 85342 28 85423 37 85468 24 85504 118 85683 61 85752 29 85785 16 85862 28 85943 37 85988 24 86024 118 86203 61 86272 29 86305 16 86386 28 86451 81 86544 118 86719 65 86796 25 86825 16 86906 28 86971 81 87064 118 87239 65 87316 25 87345 16 87426 28 87491 81 87584 118 87759 65 87836 25 87865 16 87950 24 87987 8 88007 85 88100 82 88198 20 88279 61 88356 21 88385 16 88470 24 88507 8 88527 85 88620 82 88718 20 88799 61 88876 21 88905 16 88990 138 89140 78 89246 8 89319 65 89429 12 89510 138 89660 78 89766 8 89839 65 89949 12 90030 138 90180 78 90286 8 90359 65 90469 12 90550 138 90704 74 90879 73 90989 8 91070 138 91224 74 91399 73 91509 8 91590 138 91744 74 91919 73 92029 8 92114 20 92139 109 92269 69 92374 33 92439 25 92468 48 92549 12 92634 20 92659 109 92789 69 92894 33 92959 25 92988 48 93069 12 93162 8 93179 117 93309 69 93410 41 93487 8 93512 48 93569 32 93682 8 93699 117 93829 69 93930 41 94007 8 94032 48 94089 32 94202 8 94219 117 94349 69 94450 41 94527 8 94552 48 94609 32 94739 24 94771 33 94808 52 94869 69 94954 57 95068 93 95259 24 95291 33 95328 52 95389 69 95474 57 95588 93 95779 24 95811 33 95848 52 95909 69 95994 57 96108 93 96282 37 96331 28 96364 130 96510 61 96632 89 96802 37 96851 28 96884 130 97030 61 97152 89 97322 37 97371 28 97404 130 97550 61 97672 89 97838 25 97891 24 97924 130 98066 65 98192 89 98358 25 98411 24 98444 130 98586 65 98712 89 98878 29 98939 16 98959 130 99094 81 99240 81 99398 29 99459 16 99479 130 99614 81 99760 81 99918 29 99979 16 99999 130 100134 81 100280 81 100438 33 100519 171 100698 45 100816 65 100958 33 101039 171 101218 45 101336 65 101478 33 101559 171 101738 45 101856 65 101998 33 102047 16 102079 82 102169 32 102205 41 102266 37 102372 49 102429 12 102518 33 102567 16 102599 82 102689 32 102725 41 102786 37 102892 49 102949 12 103038 41 103083 24 103115 86 103245 33 103306 41 103412 49 103465 16 103558 41 103603 24 103635 86 103765 33 103826 41 103932 49 103985 16 104078 41 104123 24 104155 86 104285 33 104346 41 104452 49 104505 16 104606 114 104724 8 104740 21 104801 33 104866 41 104968 24 105000 17 105025 16 105126 114 105244 8 105260 21 105321 33 105386 41 105488 24 105520 17 105545 16 105646 114 105764 8 105780 21 105841 33 105906 41 106008 24 106040 17 106065 16 106174 106 106300 17 106361 33 106426 41 106528 24 106585 16 106694 106 106820 17 106881 33 106946 41 107048 24 107105 16 107214 106 107340 17 107401 33 107466 41 107568 24 107625 16 107739 101 107864 13 107917 37 107986 41 108088 24 108141 20 108259 101 108384 13 108437 37 108506 41 108608 24 108661 20 108783 97 108904 17 108961 29 109026 45 109128 20 109177 24 109303 97 109424 17 109481 29 109546 45 109648 20 109697 24 109823 97 109944 17 110001 29 110066 45 110168 20 110217 24 110343 97 110460 25 110521 29 110558 16 110590 41 110692 12 110733 28 110863 97 110980 25 111041 29 111078 16 111110 41 111212 12 111253 28 111383 97 111500 25 111561 29 111598 16 111630 41 111732 12 111773 28 111903 24 111951 45 112020 29 112094 8 112114 28 112154 37 112293 28 112423 24 112471 45 112540 29 112614 8 112634 28 112674 37 112813 28 112943 20 113020 12 113056 33 113097 8 113117 12 113150 36 113333 16 113463 20 113540 12 113576 33 113617 8 113637 12 113670 36 113853 16 113983 20 114060 12 114096 33 114137 8 114157 12 114190 36 114373 16 114507 16 114616 78 114710 40 114893 16 115027 16 115136 78 115230 40 115413 16 115547 16 115656 78 115750 40 115933 16 116176 82 116274 36 116355 12 116453 16 116696 82 116794 36 116875 12 116973 16 117216 82 117314 36 117395 12 117493 16 117736 29 117773 45 117838 32 117874 13 117911 24 117944 4 118009 24 118256 29 118293 45 118358 32 118394 13 118431 24 118464 4 118529 24 118780 21 118829 29 118878 57 118947 49 119016 16 119049 28 119300 21 119349 29 119398 57 119467 49 119536 16 119569 28 119820 21 119869 29 119918 57 119987 49 120056 16 120089 28 120344 13 120389 37 120442 57 120503 57 120576 20 120609 28 120864 13 120909 37 120962 57 121023 57 121096 20 121129 28 121384 13 121429 37 121482 57 121543 57 121616 20 121649 28 121953 37 122002 24 122030 94 122132 24 122164 33 122473 37 122522 24 122550 94 122652 24 122684 33 122993 37 123042 24 123070 94 123172 24 123204 33 123517 37 123566 16 123590 94 123692 24 123724 33 124037 37 124086 16 124110 94 124212 24 124244 33 124557 37 124630 98 124732 24 124764 29 125077 37 125150 98 125252 24 125284 29 125597 37 125670 98 125772 24 125804 29 126117 37 126194 49 126247 41 126292 24 126324 29 126637 37 126714 49 126767 41 126812 24 126844 29 127157 37 127234 49 127287 41 127332 24 127364 29 127681 49 127754 45 127807 69 127884 29 128201 49 128274 45 128327 69 128404 29 128721 25 128754 20 128790 49 128843 49 128896 16 128929 28 129241 25 129274 20 129310 49 129363 49 129416 16 129449 28 129761 25 129794 20 129830 49 129883 49 129936 16 129969 28 130285 17 130310 24 130350 102 130460 8 130493 4 130505 16 130805 17 130830 24 130870 102 130980 8 131013 4 131025 16 131325 17 131350 24 131390 102 131500 8 131533 4 131545 16 131638 21 131833 8 131870 24 131910 21 131939 69 132028 29 132069 12 132158 21 132353 8 132390 24 132430 21 132459 69 132548 29 132589 12 132678 21 132873 8 132910 24 132950 21 132979 69 133068 29 133109 12 133194 25 133389 20 133430 24 133470 21 133499 69 133584 33 133629 12 133714 25 133909 20 133950 24 133990 21 134019 69 134104 33 134149 12 134234 29 134425 29 134470 24 134510 21 134539 69 134624 37 134669 12 134754 29 134945 29 134990 24 135030 21 135059 69 135144 37 135189 12 135274 29 135465 29 135510 24 135550 21 135579 69 135664 37 135709 12 135790 37 135985 29 136030 20 136070 21 136099 122 136229 12 136310 37 136505 29 136550 20 136590 21 136619 122 136749 12 136830 37 137025 29 137070 20 137110 21 137139 122 137269 12 137354 37 137545 29 137586 24 137634 17 137663 16 137683 94 137789 12 137874 37 138065 29 138106 24 138154 17 138183 16 138203 94 138309 12 138394 37 138585 29 138618 48 138679 16 138707 4 138731 86 138833 4 138914 37 139105 29 139138 48 139199 16 139227 4 139251 86 139353 4 139434 37 139625 29 139658 48 139719 16 139747 4 139771 86 139873 4 139962 29 140145 24 140178 48 140239 20 140295 78 140482 29 140665 24 140698 48 140759 20 140815 78 141002 29 141185 24 141218 48 141279 20 141335 78 141522 29 141705 20 141738 48 141794 29 141859 13 141876 69 142042 29 142225 20 142258 48 142314 29 142379 13 142396 69 142562 29 142745 20 142778 48 142834 29 142899 13 142916 69 143066 12 143082 29 143241 12 143265 20 143294 52 143354 29 143436 32 143484 25 143586 12 143602 29 143761 12 143785 20 143814 52 143874 29 143956 32 144004 25 144102 45 144216 8 144277 20 144301 24 144338 24 144370 16 144394 29 144476 32 144524 29 144622 45 144736 8 144797 20 144821 24 144858 24 144890 16 144914 29 144996 32 145044 29 145142 45 145256 8 145317 20 145341 24 145378 24 145410 16 145434 29 145516 32 145564 29 145658 24 145686 21 145768 20 145837 20 145861 28 145898 20 145930 16 145954 29 146036 32 146084 29 146178 24 146206 21 146288 20 146357 20 146381 28 146418 20 146450 16 146474 29 146556 32 146604 29 146698 24 146726 21 146808 20 146877 20 146901 28 146938 20 146970 16 146994 29 147076 32 147124 29 147214 24 147246 17 147319 37 147397 20 147421 57 147490 12 147514 29 147596 32 147644 33 147734 24 147766 17 147839 37 147917 20 147941 57 148010 12 148034 29 148116 32 148164 33 148254 24 148286 21 148351 49 148437 81 148530 12 148554 25 148636 28 148684 37 148774 24 148806 21 148871 49 148957 81 149050 12 149074 25 149156 28 149204 37 149294 24 149326 21 149391 49 149477 81 149570 12 149594 25 149676 28 149724 37 149814 53 149891 69 149997 24 150025 57 150090 12 150119 20 150196 28 150249 32 150334 53 150411 69 150517 24 150545 57 150610 12 150639 20 150716 28 150769 32 150854 53 150931 69 151037 24 151065 57 151130 12 151159 20 151236 28 151289 32 151382 45 151447 77 151557 28 151601 41 151650 12 151679 20 151756 28 151829 12 151902 45 151967 77 152077 28 152121 41 152170 12 152199 20 152276 28 152349 12 152422 45 152487 77 152597 28 152641 41 152690 12 152719 20 152796 28 152869 12 152950 37 153003 97 153117 28 153161 41 153210 20 153239 20 153328 16 153369 12 153389 12 153470 37 153523 97 153637 28 153681 41 153730 20 153759 20 153848 16 153889 12 153909 12 153994 29 154039 110 154157 28 154201 41 154250 49 154404 37 154514 29 154559 110 154677 28 154721 41 154770 49 154924 37 155034 29 155079 110 155197 28 155241 41 155290 49 155444 37 155558 21 155583 126 155717 28 155761 41 155810 49 155875 8 155960 41 156078 21 156103 126 156237 28 156281 41 156330 49 156395 8 156480 41 156598 21 156623 126 156757 28 156801 41 156850 49 156915 8 157000 41 157122 4 157139 130 157277 44 157334 85 157431 16 157520 41 157642 4 157659 130 157797 44 157854 85 157951 16 158040 41 158179 44 158231 49 158284 25 158317 44 158374 28 158406 53 158467 24 158495 13 158556 45 158699 44 158751 49 158804 25 158837 44 158894 28 158926 53 158987 24 159015 13 159076 45 159219 44 159271 49 159324 25 159357 44 159414 28 159446 53 159507 24 159535 13 159596 45 159690 4 159722 4 159739 44 159791 45 159844 25 159881 44 159929 33 159970 29 160007 4 160023 49 160116 45 160210 4 160242 4 160259 44 160311 45 160364 25 160401 44 160449 33 160490 29 160527 4 160543 49 160636 45 160730 4 160762 4 160779 44 160831 45 160884 25 160921 44 160969 33 161010 29 161047 4 161063 49 161156 45 161242 20 161274 49 161343 53 161404 25 161449 36 161489 29 161530 29 161583 49 161644 20 161676 45 161762 20 161794 49 161863 53 161924 25 161969 36 162009 29 162050 29 162103 49 162164 20 162196 45 162282 20 162314 49 162383 53 162444 25 162489 36 162529 29 162570 29 162623 49 162684 20 162716 45 162802 24 162830 65 162899 29 162932 28 162964 25 163013 32 163049 25 163090 29 163143 53 163204 28 163236 25 163322 24 163350 65 163419 29 163452 28 163484 25 163533 32 163569 25 163610 29 163663 53 163724 28 163756 25 163842 52 163899 69 163972 57 164053 28 164089 25 164134 20 164179 57 164244 53 164362 52 164419 69 164492 57 164573 28 164609 25 164654 20 164699 57 164764 53 164882 52 164939 69 165012 57 165093 28 165129 25 165174 20 165219 57 165284 53 165398 56 165459 69 165532 24 165560 29 165601 40 165649 25 165690 24 165739 57 165804 32 165918 56 165979 69 166052 24 166080 29 166121 40 166169 25 166210 24 166259 57 166324 32 166438 56 166499 69 166572 24 166600 29 166641 40 166689 25 166730 24 166779 57 166844 32 166953 70 167031 53 167096 16 167124 29 167157 40 167209 21 167250 24 167299 57 167368 28 167413 16 167473 70 167551 53 167616 16 167644 29 167677 40 167729 21 167770 24 167819 57 167888 28 167933 16 167993 70 168071 53 168136 16 168164 29 168197 40 168249 21 168290 24 168339 57 168408 28 168453 16 168505 78 168591 53 168652 20 168684 49 168741 45 168806 33 168859 53 168932 24 168969 24 169025 78 169111 53 169172 20 169204 49 169261 45 169326 33 169379 53 169452 24 169489 24 169525 4 169541 86 169631 44 169684 28 169724 49 169781 37 169846 33 169899 53 169972 20 170004 33 170045 4 170061 86 170151 44 170204 28 170244 49 170301 37 170366 33 170419 53 170492 20 170524 33 170565 4 170581 86 170671 44 170724 28 170764 49 170821 37 170886 33 170939 53 171012 20 171044 33 171081 146 171244 32 171288 21 171313 65 171410 45 171459 49 171528 24 171564 33 171601 146 171764 32 171808 21 171833 65 171930 45 171979 49 172048 24 172084 33 172121 146 172284 32 172328 21 172353 65 172450 45 172499 49 172568 24 172604 33 172641 146 172799 37 172844 20 172877 65 172974 81 173084 73 173161 146 173319 37 173364 20 173397 65 173494 81 173604 73 173681 49 173742 65 173815 8 173839 33 173880 20 173921 61 174006 8 174026 90 174124 40 174169 28 174201 49 174262 65 174335 8 174359 33 174400 20 174441 61 174526 8 174546 90 174644 40 174689 28 174721 49 174782 65 174855 8 174879 33 174920 20 174961 61 175046 8 175066 90 175164 40 175209 28 175241 45 175314 53 175399 33 175440 29 175481 61 175558 118 175684 36 175733 20 175761 45 175834 53 175919 33 175960 29 176001 61 176078 118 176204 36 176253 20 176281 45 176354 53 176439 33 176480 29 176521 61 176598 118 176724 36 176773 20 176805 37 176878 65 176959 29 177000 33 177037 65 177114 65 177191 49 177244 36 177293 20 177325 37 177398 65 177479 29 177520 33 177557 65 177634 65 177711 49 177764 36 177813 20 177845 37 177918 65 177999 29 178040 33 178077 65 178154 65 178231 49 178284 36 178333 20 178381 12 178467 40 178519 29 178560 102 178674 65 178751 49 178808 32 178901 12 178987 40 179039 29 179080 102 179194 65 179271 49 179328 32 179523 24 179564 20 179604 29 179641 20 179677 21 179714 65 179791 45 179860 16 180043 24 180084 20 180124 29 180161 20 180197 21 180234 65 180311 45 180380 16 180563 24 180604 20 180644 29 180681 20 180717 21 180754 65 180831 45 180900 16
78a981bd27ba0c65a9169548665a17bda9f49050d0d3893a6567d1eb92cd003d,42661 4 43181 4 43697 16 44217 16 44737 16 45257 16 45777 16 46297 16 46817 21 47337 21 47857 21 48377 21 48897 21 49417 21 49937 21 50457 21 50961 32 51481 32 52001 32 52521 28 53041 28 53561 28 54081 28 54601 28 55121 28 55641 28 56161 28 56681 28 57201 28 57725 20 58245 20 58765 20 59281 8 59801 8 60321 8 60841 8 61361 8 61881 8 62401 16 62921 16 63441 20 63961 20 64481 20 65001 20 65521 20 66041 20 66561 20 67081 20 67601 20 68121 20 68641 20 69165 16 69685 16 70205 16 70729 8 71249 8 71769 8 72293 16 72813 16 73329 24 73849 24 74369 24 74889 24 75409 24 75929 24 76449 29 76969 29 77489 29 78009 29 78529 29 79049 29 79569 29 80089 29 80609 24 81129 24 81649 24 82173 20 82693 20 83217 12 83737 12 84257 12
78a981bd27ba0c65a9169548665a17bda9f49050d0d3893a6567d1eb92cd003d,86321 24 86362 8 86841 24 86882 8 87361 24 87402 8 87881 24 87918 16 88401 24 88438 16 88921 24 88953 21 89441 24 89473 21 89961 24 89993 21 90481 24 90513 25 91001 24 91033 25 91521 24 91553 25 92041 24 92073 25 92561 24 92593 25 93081 24 93109 29 93601 24 93629 29 94121 24 94149 29 94641 20 94665 45 95161 20 95185 45 95681 20 95705 45 96221 33 96258 12 96741 33 96778 12 97261 33 97298 12 97781 33 97818 12 98301 33 98338 12 98821 37 99341 37 99861 37 100365 8 100381 37 100885 8 100901 37 101405 8 101421 37 101921 16 101941 37 102441 16 102461 37 102961 53 103481 53 104001 53 104521 49 105041 49 105561 49 106081 53 106601 53 107121 53 107641 57 108161 57 108681 20 108705 37 109201 20 109225 37 109721 20 109745 37 110241 16 110265 37 110761 16 110785 37 111281 16 111305 37 111801 16 111829 37 112321 16 112349 37 112841 12 112869 37 113361 12 113389 37 113881 12 113909 37 114401 12 114429 37 114921 12 114949 37 115441 12 115469 37 115961 12 115989 37 116481 12 116509 37 117001 12 117029 37 117521 12 117549 37 117590 16 118041 12 118069 37 118110 16 118561 8 118593 29 118626 24 119081 8 119113 29 119146 24 119601 8 119633 29 119666 24 120121 8 120158 16 120182 32 120641 8 120678 16 120702 32 121161 8 121198 16 121222 32 121681 8 121742 32 122201 8 122262 32 122721 8 122782 32 123241 8 123282 12 123298 36 123761 8 123802 12 123818 36 124322 52 124842 52 125362 52 125882 52 126402 52 126922 52 127442 48 127962 48 128486 16 128514 12 129006 16 129034 12 129526 16 129554 12 130042 20 130562 20 131082 20 131602 24 132122 24 132642 24 133158 24 133678 24 134198 20 134718 20 135238 20 135758 20 136278 20 136798 20 137322 16 137842 16 138366 8 138886 8 139406 8
78a981bd27ba0c65a9169548665a17bda9f49050d0d3893a6567d1eb92cd003d,125841 12 126361 12 126881 12 127401 16 127921 16 128441 20 128961 20 129481 20 130001 20 130521 20 131041 20 131561 20 132081 20 132601 20 133121 20 133641 20 134161 20 134681 20 135201 20 135721 20 136241 20 136761 20 137281 20 137801 20 138321 16 138841 16 139361 16 139885 8 140405 8 140925 8
78a981bd27ba0c65a9169548665a17bda9f49050d0d3893a6567d1eb92cd003d,147161 8 147681 8 148201 12 148721 12 149241 12 149761 12 150281 12 150801 12 151321 12 151841 12 152361 12 152881 8 153401 8 153921 8 154441 8 154961 8
78a981bd27ba0c65a9169548665a17bda9f49050d0d3893a6567d1eb92cd003d,143029 9 143549 9 144065 21 144585 21 145105 21 145621 29 146141 29 146661 29 147181 29 147701 29 148221 25 148741 25 149261 25 149781 21 150301 21 150821 21 151341 21 151861 21 152381 21 152897 25 153417 25 153937 25 154457 25 154977 25 155497 25 156017 25 156537 25 157053 29 157573 29 158089 29 158609 29 159129 29 159645 33 160165 33 160685 33 161205 28 161725 28 162245 28 162765 28 163285 28 163805 24 164325 24 164845 24 165365 20 165885 20 166405 20 166929 12 167449 12 167969 12
78a981bd27ba0c65a9169548665a17bda9f49050d0d3893a6567d1eb92cd003d,116107 17 116627 17 117147 17 117659 33 118179 33 118699 37 119219 37 119739 37 120255 57 120775 57 121295 57 121819 57 122339 57 122859 57 123379 57 123899 57 124411 69 124931 69 125451 69 125967 73 126487 73 127007 73 127523 24 127555 9 127568 32 128043 24 128075 9 128088 32 128563 24 128612 28 129083 24 129132 28 129603 24 129652 28 130119 28 130168 32 130639 28 130688 32 131159 28 131208 32 131679 28 131724 32 132199 28 132244 32 132719 28 132764 32 133243 20 133275 29 133763 20 133795 29 134283 20 134311 33 134803 20 134831 33 135323 20 135351 33 135843 16 135867 37 136363 16 136387 37 136883 16 136907 37 137399 24 137427 33 137919 24 137947 33 138439 61 138959 61 139479 61 139995 61 140515 61 141035 61 141559 28 141591 17 142079 28 142111 17 142599 28 142631 17 143119 28 143639 28 144159 28 144679 28 145199 28 145723 20 146243 20 146763 20 147291 4 147811 4
78a981bd27ba0c65a9169548665a17bda9f49050d0d3893a6567d1eb92cd003d,135932 12 136452 12 136972 12 137488 21 138008 21 138524 29 139044 29 139564 29 140084 29 140604 29 141124 29 141644 29 142164 29 142684 29 143204 29 143724 29 144240 33 144760 33 145280 33 145804 29 146324 29 146844 29 147364 25 147884 25 148404 25 148924 25 149444 25 149972 8 150492 8 151012 8
78a981bd27ba0c65a9169548665a17bda9f49050d0d3893a6567d1eb92cd003d,141835 16 142355 16 142875 16 143391 24 143911 24 144427 32 144947 32 145467 32 145987 37 146507 37 147027 37 147547 37 148067 37 148587 37 149107 37 149627 37 150151 33 150671 33 151191 33 151715 29 152235 29 152755 29 153283 16 153803 16
78a981bd27ba0c65a9169548665a17bda9f49050d0d3893a6567d1eb92cd003d,100779 13 101299 13 101819 13 102335 21 102855 21 103375 25 103895 25 104415 25 104931 29 105451 29 105971 29 106491 29 107011 29 107531 29 108051 29 108571 29 109091 29 109611 29 110131 29 110651 25 111171 25 111691 25 112215 21 112735 21
78a981bd27ba0c65a9169548665a17bda9f49050d0d3893a6567d1eb92cd003d,4636 21 5156 21 5676 21 6192 29 6712 29 7232 29 7752 29 8272 29 8792 29 9312 29 9832 29 10352 29 10872 29 11392 29 11912 29 12432 29 12956 25 13476 25 13996 25 14520 17 15040 17 15560 17
7bdb668e6127b7eafc837a883f0648002bd063c736f55a4f673e787250a3fb04,30721 12 31233 12 31745 12 32257 12 32769 12 33281 12 33793 12 34305 12 34817 12 35329 12 35841 16 36353 16 36865 16 37377 16 37889 16 38401 16 38913 16 39425 16 39937 16 40449 16 40961 16 41473 16 41985 16 42497 16 43009 16 43521 16 44033 16 44545 16 45057 16 45569 16 46081 16 46593 16 47105 16 47617 16 48129 16 48641 16 49153 16 49665 16 50177 16 50689 16 51201 16 51713 16 52225 16 52737 16 53249 16 53761 16 54273 16 54785 16 55297 16 55809 16 56321 16 56833 16 57345 16 57857 16 58369 16 58881 16 59393 16 59905 16 60417 16 60929 16 61441 12 61953 12 62465 12 62977 12 63489 12 64005 4 64517 4 65029 4 65541 4 66053 4
7bdb668e6127b7eafc837a883f0648002bd063c736f55a4f673e787250a3fb04,84485 20 84997 20 85509 20 86021 20 86533 20 87041 32 87553 32 88065 32 88577 32 89089 32 89601 36 90113 36 90625 36 91137 36 91649 36 92161 44 92673 44 93185 44 93697 44 94209 44 94721 44 95233 44 95745 44 96257 44 96769 44 97281 48 97793 48 98305 48 98817 48 99329 48 99841 48 100353 48 100865 48 101377 48 101889 48 102401 48 102913 48 103425 48 103937 48 104449 48 104961 48 105473 48 105985 48 106497 48 107009 48 107521 44 108033 44 108545 44 109057 44 109569 44 110081 40 110593 40 111105 40 111617 40 112129 40 112641 36 113153 36 113665 36 114177 36 114689 36 115201 28 115713 28 116225 28 116737 28 117249 28 117761 24 118273 24 118785 24 119297 24 119809 24 120325 12 120837 12 121349 12 121861 12 122373 12
7bdb668e6127b7eafc837a883f0648002bd063c736f55a4f673e787250a3fb04,171529 12 172041 12 172553 12 173065 12 173577 12 174081 28 174593 28 175105 28 175617 28 176129 28 176641 28 177153 28 177665 28 178177 28 178689 28 179201 28 179713 28 180225 28 180737 28 181249 28 181761 28 182273 28 182785 28 183297 28 183809 28 184321 28 184833 28 185345 28 185857 28 186369 28 186881 24 187393 24 187905 24 188417 24 188929 24 189441 24 189953 24 190465 24 190977 24 191489 24 192001 24 192513 24 193025 24 193537 24 194049 24 194561 24 195073 24 195585 24 196097 24 196609 24 197121 20 197633 20 198145 20 198657 20 199169 20 199681 20 200193 20 200705 20 201217 20 201729 20 202241 16 202753 16 203265 16 203777 16 204289 16 204801 12 205313 12 205825 12 206337 12 206849 12 207365 4 207877 4 208389 4 208901 4 209413 4
7bdb668e6127b7eafc837a883f0648002bd063c736f55a4f673e787250a3fb04,212485 12 212997 12 213509 12 214021 12 214533 12 215041 24 215553 24 216065 24 216577 24 217089 24 217601 24 218113 24 218625 24 219137 24 219649 24 220161 20 220673 20 221185 20 221697 20 222209 20 222721 20 223233 20 223745 20 224257 20 224769 20 225281 24 225793 24 226305 24 226817 24 227329 24 227841 24 228353 24 228865 24 229377 24 229889 24 230401 24 230913 24 231425 24 231937 24 232449 24 232961 28 233473 28 233985 28 234497 28 235009 28 235521 28 236033 28 236545 28 237057 28 237569 28 238081 28 238593 28 239105 28 239617 28 240129 28 240641 24 241153 24 241665 24 242177 24 242689 24 243205 16 243717 16 244229 16 244741 16 245253 16
7bdb668e6127b7eafc837a883f0648002bd063c736f55a4f673e787250a3fb04,248333 36 248845 36 249357 36 249869 36 250381 36 250889 48 251401 48 251913 48 252425 48 252937 48 253449 52 253961 52 254473 52 254985 52 255497 52 256005 60 256517 60 257029 60 257541 60 258053 60 258565 60 259077 60 259589 60 260101 60 260613 60 261125 60 261637 60 262149 60 262661 60 263173 60 263685 60 264197 60 264709 60 265221 60 265733 60 266245 60 266757 60 267269 60 267781 60 268293 60 268809 56 269321 56 269833 56 270345 56 270857 56 271373 48 271885 48 272397 48 272909 48 273421 48 273937 40 274449 40 274961 40 275473 40 275985 40 276505 24 277017 24 277529 24 278041 24 278553 24 279081 4 279593 4 280105 4 280617 4 281129 4 281641 28 282153 28 282665 28 283177 28 283689 28 284197 44 284709 44 285221 44 285733 44 286245 44 286761 44 287273 44 287785 44 288297 44 288809 44 289333 36 289845 36 290357 36 290869 36 291381 36 291897 28 292409 28 292921 28 293433 28 293945 28 294465 12 294977 12 295489 12 296001 12 296513 12
7bdb668e6127b7eafc837a883f0648002bd063c736f55a4f673e787250a3fb04,120377 8 120889 8 121401 8 121913 8 122425 8 122925 28 123437 28 123949 28 124461 28 124973 28 125481 40 125993 40 126505 40 127017 40 127529 40 128037 48 128549 48 129061 48 129573 48 130085 48 130597 52 131109 52 131621 52 132133 52 132645 52 133153 56 133665 56 134177 56 134689 56 135201 56 135713 56 136225 56 136737 56 137249 56 137761 56 138273 56 138785 56 139297 56 139809 56 140321 56 140833 56 141345 56 141857 56 142369 56 142881 56 143397 52 143909 52 144421 52 144933 52 145445 52 145961 44 146473 44 146985 44 147497 44 148009 44 148529 32 149041 32 149553 32 150065 32 150577 32 151097 12 151609 12 152121 12 152633 12 153145 12
7bdb668e6127b7eafc837a883f0648002bd063c736f55a4f673e787250a3fb04,181817 28 182329 28 182841 28 183353 28 183865 28 184373 36 184885 36 185397 36 185909 36 186421 36 186933 40 187445 40 187957 40 188469 40 188981 40 189489 44 190001 44 190513 44 191025 44 191537 44 192049 44 192561 44 193073 44 193585 44 194097 44 194613 36 195125 36 195637 36 196149 36 196661 36 197173 32 197685 32 198197 32 198709 32 199221 32 199737 20 200249 20 200761 20 201273 20 201785 20
7bdb668e6127b7eafc837a883f0648002bd063c736f55a4f673e787250a3fb04,17977 32 18489 32 19001 32 19513 32 20025 32 20533 48 21045 48 21557 48 22069 48 22581 48 23093 64 23605 64 24117 64 24629 64 25141 64 25653 72 26165 72 26677 72 27189 72 27701 72 28213 84 28725 84 29237 84 29749 84 30261 84 30773 84 31285 84 31797 84 32309 84 32821 84 33333 88 33845 88 34357 88 34869 88 35381 88 35897 84 36409 84 36921 84 37433 84 37945 84 38461 84 38973 84 39485 84 39997 84 40509 84 41029 76 41541 76 42053 76 42565 76 43077 76 43593 72 44105 72 44617 72 45129 72 45641 72 46157 68 46669 68 47181 68 47693 68 48205 68 48717 68 49229 68 49741 68 50253 68 50765 68 51281 60 51793 60 52305 60 52817 60 53329 60 53845 56 54357 56 54869 56 55381 56 55893 56 56413 44 56925 44 57437 44 57949 44 58461 44 58977 28 59489 28 60001 28 60513 28 61025 28
7bdb668e6127b7eafc837a883f0648002bd063c736f55a4f673e787250a3fb04,297049 16 297561 16 298073 16 298585 16 299097 16 299601 36 300113 36 300625 36 301137 36 301649 36 302157 44 302669 44 303181 44 303693 44 304205 44 304713 52 305225 52 305737 52 306249 52 306761 52 307273 52 307785 52 308297 52 308809 52 309321 52 309833 56 310345 56 310857 56 311369 56 311881 56 312397 48 312909 48 313421 48 313933 48 314445 48 314957 48 315469 48 315981 48 316493 48 317005 48 317521 40 318033 40 318545 40 319057 40 319569 40 320089 24 320601 24 321113 24 321625 24 322137 24
7bdb668e6127b7eafc837a883f0648002bd063c736f55a4f673e787250a3fb04,163941 20 164453 20 164965 20 165477 20 165989 20 166505 12 167017 12 167529 12 168041 12 168553 12
7bdb668e6127b7eafc837a883f0648002bd063c736f55a4f673e787250a3fb04,197237 16 197749 16 198261 16 198773 16 199285 16 199793 24 200305 24 200817 24 201329 24 201841 24 202353 28 202865 28 203377 28 203889 28 204401 28 204913 32 205425 32 205937 32 206449 32 206961 32 207473 32 207985 32 208497 32 209009 32 209521 32 210033 32 210545 32 211057 32 211569 32 212081 32 212593 32 213105 32 213617 32 214129 32 214641 32 215157 24 215669 24 216181 24 216693 24 217205 24 217717 20 218229 20 218741 20 219253 20 219765 20 220281 8 220793 8 221305 8 221817 8 222329 8
7bdb668e6127b7eafc837a883f0648002bd063c736f55a4f673e787250a3fb04,74473 16 74985 16 75497 16 76009 16 76521 16 77033 20 77545 20 78057 20 78569 20 79081 20 79593 20 80105 20 80617 20 81129 20 81641 20 82157 16 82669 16 83181 16 83693 16 84205 16 84725 8 85237 8 85749 8 86261 8 86773 8
7bdb668e6127b7eafc837a883f0648002bd063c736f55a4f673e787250a3fb04,118021 8 118533 8 119045 8 119557 8 120069 8 120577 32 121089 32 121601 32 122113 32 122625 32 123133 40 123645 40 124157 40 124669 40 125181 40 125693 48 126205 48 126717 48 127229 48 127741 48 128249 56 128761 56 129273 56 129785 56 130297 56 130809 60 131321 60 131833 60 132345 60 132857 60 133373 60 133885 60 134397 60 134909 60 135421 60 135933 64 136445 64 136957 64 137469 64 137981 64 138497 60 139009 60 139521 60 140033 60 140545 60 141057 60 141569 60 142081 60 142593 60 143105 60 143621 56 144133 56 144645 56 145157 56 145669 56 146185 48 146697 48 147209 48 147721 48 148233 48 148757 20 149269 20 149781 20 150293 20 150805 20
7bdb668e6127b7eafc837a883f0648002bd063c736f55a4f673e787250a3fb04,304921 4 305433 4 305945 4 306457 4 306969 4 307481 8 307993 8 308505 8 309017 8 309529 8 310041 8 310553 8 311065 8 311577 8 312089 8
7bdb668e6127b7eafc837a883f0648002bd063c736f55a4f673e787250a3fb04,148805 20 149317 20 149829 20 150341 20 150853 20 151357 32 151869 32 152381 32 152893 32 153405 32 153913 40 154425 40 154937 40 155449 40 155961 40 156473 44 156985 44 157497 44 158009 44 158521 44 159029 48 159541 48 160053 48 160565 48 161077 48 161593 44 162105 44 162617 44 163129 44 163641 44 164153 40 164665 40 165177 40 165689 40 166201 40 166721 28 167233 28 167745 28 168257 28 168769 28
7bdb668e6127b7eafc837a883f0648002bd063c736f55a4f673e787250a3fb04,266561 16 267073 16 267585 16 268097 16 268609 16 269117 28 269629 28 270141 28 270653 28 271165 28 271673 36 272185 36 272697 36 273209 36 273721 36 274233 40 274745 40 275257 40 275769 40 276281 40 276793 40 277305 40 277817 40 278329 40 278841 40 279353 40 279865 40 280377 40 280889 40 281401 40 281917 32 282429 32 282941 32 283453 32 283965 32 284481 24 284993 24 285505 24 286017 24 286529 24
7bdb668e6127b7eafc837a883f0648002bd063c736f55a4f673e787250a3fb04,125769 4 126281 4 126793 4 127305 4 127817 4 128329 16 128841 16 129353 16 129865 16 130377 16 130889 24 131401 24 131913 24 132425 24 132937 24 133449 32 133961 32 134473 32 134985 32 135497 32 136013 32 136525 32 137037 32 137549 32 138061 32 138573 36 139085 36 139597 36 140109 36 140621 36 141137 32 141649 32 142161 32 142673 32 143185 32 143701 28 144213 28 144725 28 145237 28 145749 28 146273 16 146785 16 147297 16 147809 16 148321 16
7bdb668e6127b7eafc837a883f0648002bd063c736f55a4f673e787250a3fb04,228181 12 228693 12 229205 12 229717 12 230229 12 230741 16 231253 16 231765 16 232277 16 232789 16 233305 8 233817 8 234329 8 234841 8 235353 8
7bdb668e6127b7eafc837a883f0648002bd063c736f55a4f673e787250a3fb04,110429 4 110941 4 111453 4 111965 4 112477 4
7bdb668e6127b7eafc837a883f0648002bd063c736f55a4f673e787250a3fb04,2953 44 3465 44 3977 44 4489 44 5001 44 5509 52 6021 52 6533 52 7045 52 7557 52 8069 56 8581 56 9093 56 9605 56 10117 56 10625 64 11137 64 11649 64 12161 64 12673 64 13185 64 13697 64 14209 64 14721 64 15233 64 15741 68 16253 68 16765 68 17277 68 17789 68 18301 68 18813 68 19325 68 19837 68 20349 68 20861 64 21373 64 21885 64 22397 64 22909 64 23421 64 23933 64 24445 64 24957 64 25469 64 25981 64 26493 64 27005 64 27517 64 28029 64 28545 56 29057 56 29569 56 30081 56 30593 56 31109 40 31621 40 32133 40 32645 40 33157 40 33673 24 34185 24 34697 24 35209 24 35721 24
7bdb668e6127b7eafc837a883f0648002bd063c736f55a4f673e787250a3fb04,174481 32 174993 32 175505 32 176017 32 176529 32 177033 60 177545 60 178057 60 178569 60 179081 60 179589 68 180101 68 180613 68 181125 68 181637 68 182149 72 182661 72 183173 72 183685 72 184197 72 184705 80 185217 80 185729 80 186241 80 186753 80 187265 80 187777 80 188289 80 188801 80 189313 80 189825 80 190337 80 190849 80 191361 80 191873 80 192389 76 192901 76 193413 76 193925 76 194437 76 194949 72 195461 72 195973 72 196485 72 196997 72 197509 72 198021 72 198533 72 199045 72 199557 72 200069 68 200581 68 201093 68 201605 68 202117 68 202633 60 203145 60 203657 60 204169 60 204681 60 205193 56 205705 56 206217 56 206729 56 207241 56 207757 48 208269 48 208781 48 209293 48 209805 48 210317 44 210829 44 211341 44 211853 44 212365 44 212893 24 213405 24 213917 24 214429 24 214941 24
7bdb668e6127b7eafc837a883f0648002bd063c736f55a4f673e787250a3fb04,235937 4 236449 4 236961 4 237473 4 237985 4 238485 28 238997 28 239509 28 240021 28 240533 28 241033 48 241545 48 242057 48 242569 48 243081 48 243589 60 244101 60 244613 60 245125 60 245637 60 246145 64 246657 64 247169 64 247681 64 248193 64 248705 64 249217 64 249729 64 250241 64 250753 64 251265 68 251777 68 252289 68 252801 68 253313 68 253825 72 254337 72 254849 72 255361 72 255873 72 256385 84 256897 84 257409 84 257921 84 258433 84 258945 92 259457 92 259969 92 260481 92 260993 92 261505 96 262017 96 262529 96 263041 96 263553 96 264065 100 264577 100 265089 100 265601 100 266113 100 266625 100 267137 100 267649 100 268161 100 268673 100 269185 100 269697 100 270209 100 270721 100 271233 100 271749 96 272261 96 272773 96 273285 96 273797 96 274309 92 274821 92 275333 92 275845 92 276357 92 276869 60 276933 24 277381 60 277445 24 277893 60 277957 24 278405 60 278469 24 278917 60 278981 24 279429 56 279941 56 280453 56 280965 56 281477 56 281985 56 282497 56 283009 56 283521 56 284033 56 284545 48 285057 48 285569 48 286081 48 286593 48 287105 48 287617 48 288129 48 288641 48 289153 48 289669 48 290181 48 290693 48 291205 48 291717 48 292249 32 292761 32 293273 32 293785 32 294297 32 294821 20 295333 20 295845 20 296357 20 296869 20 297389 12 297901 12 298413 12 298925 12 299437 12 299949 12 300461 12 300973 12 301485 12 301997 12 302513 8 303025 8 303537 8 304049 8 304561 8
7bdb668e6127b7eafc837a883f0648002bd063c736f55a4f673e787250a3fb04,317849 24 318361 24 318873 24 319385 24 319897 24 320405 32 320917 32 321429 32 321941 32 322453 32 322965 36 323477 36 323989 36 324501 36 325013 36 325525 32 326037 32 326549 32 327061 32 327573 32
7bdb668e6127b7eafc837a883f0648002bd063c736f55a4f673e787250a3fb04,15821 44 16333 44 16845 44 17357 44 17869 44 18377 52 18889 52 19401 52 19913 52 20425 52 20933 60 21445 60 21957 60 22469 60 22981 60 23493 60 24005 60 24517 60 25029 60 25541 60 26053 60 26565 60 27077 60 27589 60 28101 60 28613 60 29125 60 29637 60 30149 60 30661 60 31177 56 31689 56 32201 56 32713 56 33225 56 33737 52 34249 52 34761 52 35273 52 35785 52 36301 48 36813 48 37325 48 37837 48 38349 48 38869 36 39381 36 39893 36 40405 36 40917 36
7bdb668e6127b7eafc837a883f0648002bd063c736f55a4f673e787250a3fb04,230901 12 231413 12 231925 12 232437 12 232949 12 233457 16 233969 16 234481 16 234993 16 235505 16 236013 20 236525 20 237037 20 237549 20 238061 20 238569 24 239081 24 239593 24 240105 24 240617 24 241125 28 241637 28 242149 28 242661 28 243173 28 243685 28 244197 28 244709 28 245221 28 245733 28 246249 16 246761 16 247273 16 247785 16 248297 16
7f4cbe0b36b5d09466476a7d4e01f4f976c67872d549f4ff47b3e1e3a2b403af,20995 2 21251 2 21505 6 21761 6 22017 8 22273 8 22529 10 22785 10 23041 12 23297 12 23553 12 23809 12 24065 12 24321 12 24577 12 24833 12 25089 12 25345 12 25601 10 25857 10 26113 10 26369 10 26625 10 26881 10 27137 10 27393 10 27649 10 27905 10 28161 10 28417 10 28673 8 28929 8 29185 8 29441 8
7f4cbe0b36b5d09466476a7d4e01f4f976c67872d549f4ff47b3e1e3a2b403af,30721 12 30977 12 31233 14 31489 14 31745 14 32001 14 32257 16 32513 16 32769 16 33025 16 33281 16 33537 16 33793 16 34049 16 34305 16 34561 16 34817 16 35073 16 35329 16 35585 16 35841 14 36097 14 36353 12 36609 12 36865 8 37121 8 37379 2 37635 2 37889 6 38145 6 38401 6 38657 6 38913 6 39169 6 39425 8 39681 8 39937 8 40193 8 40449 8 40705 8 40961 8 41217 8 41473 8 41729 8 41985 6 42241 6 42497 6 42753 6 43009 4 43265 4
7f4cbe0b36b5d09466476a7d4e01f4f976c67872d549f4ff47b3e1e3a2b403af,44033 4 44289 4 44545 6 44801 6 45057 8 45313 8 45569 8 45825 8 46081 8 46337 8 46593 8 46849 8 47105 8 47361 8 47617 8 47873 8 48129 6 48385 6 48641 6 48897 6 49153 6 49409 6 49665 6 49921 6 50177 4 50433 4
7f4cbe0b36b5d09466476a7d4e01f4f976c67872d549f4ff47b3e1e3a2b403af,17945 8 18201 8 18455 18 18711 18 18965 22 19221 22 19477 22 19733 22 19987 24 20243 24 20499 24 20755 24 21011 24 21267 24 21523 24 21779 24 22035 24 22291 24 22549 22 22805 22 23063 18 23319 18 23583 6 23839 6
7f4cbe0b36b5d09466476a7d4e01f4f976c67872d549f4ff47b3e1e3a2b403af,32289 6 32545 6 32795 16 33051 16 33305 20 33561 20 33815 22 34071 22 34327 24 34583 24 34837 26 35093 26 35349 26 35605 26 35861 26 36117 26 36373 24 36629 24 36883 26 37139 26 37397 22 37653 22 37909 22 38165 22 38421 18 38677 18 38935 12 39191 12 39451 2 39707 2
7f4cbe0b36b5d09466476a7d4e01f4f976c67872d549f4ff47b3e1e3a2b403af,22067 16 22323 16 22579 18 22835 18 23089 22 23345 22 23599 24 23855 24 24111 26 24367 26 24623 26 24879 26 25133 26 25389 26 25645 26 25901 26 26155 28 26411 28 26665 30 26921 30 27177 28 27433 28 27689 24 27945 24 28201 20 28457 20 28723 6 28979 6
7f4cbe0b36b5d09466476a7d4e01f4f976c67872d549f4ff47b3e1e3a2b403af,35387 14 35643 14 35895 20 36151 20 36407 20 36663 20 36917 24 37173 24 37429 24 37685 24 37941 24 38197 24 38453 24 38709 24 38965 24 39221 24 39477 22 39733 22 39989 22 40245 22 40501 22 40757 22 41015 18 41271 18
7f4cbe0b36b5d09466476a7d4e01f4f976c67872d549f4ff47b3e1e3a2b403af,28739 14 28995 14 29247 20 29503 20 29755 24 30011 24 30267 24 30523 24 30777 26 31033 26 31289 26 31545 26 31803 24 32059 24 32315 24 32571 24 32829 20 33085 20 33343 18 33599 18 33861 10 34117 10
7f4cbe0b36b5d09466476a7d4e01f4f976c67872d549f4ff47b3e1e3a2b403af,55383 14 55639 14 55891 20 56147 20 56403 20 56659 20 56913 24 57169 24 57425 24 57681 24 57937 24 58193 24 58449 22 58705 22 58961 22 59217 22 59475 18 59731 18 59985 20 60241 20 60499 16 60755 16 61013 12 61269 12
7f4cbe0b36b5d09466476a7d4e01f4f976c67872d549f4ff47b3e1e3a2b403af,40029 4 40285 4 40537 14 40793 14 41047 18 41303 18 41559 18 41815 18 42069 22 42325 22 42581 22 42837 22 43093 22 43349 22 43605 22 43861 22 44117 20 44373 20 44631 18 44887 18 45145 14 45401 14
7f4cbe0b36b5d09466476a7d4e01f4f976c67872d549f4ff47b3e1e3a2b403af,12411 8 12667 8 12919 16 13175 16 13429 20 13685 20 13941 22 14197 22 14453 24 14709 24 14957 2 14965 24 15213 2 15221 24 15465 8 15477 24 15721 8 15733 24 15977 34 16233 34 16487 36 16743 36 16999 36 17255 36 17511 34 17767 34 18025 32 18281 32 18537 32 18793 32 19049 32 19305 32 19561 32 19817 32 20065 40 20321 40 20575 42 20831 42 21087 40 21343 40 21597 42 21853 42 22109 54 22365 54 22619 60 22875 60 23131 26 23163 30 23387 26 23419 30 23643 26 23681 26 23899 26 23937 26 24157 22 24193 26 24413 22 24449 26 24669 22 24705 26 24925 22 24961 26 25183 18 25217 26 25439 18 25473 26 25697 14 25729 26 25953 14 25985 26 26243 24 26499 24 26755 24 27011 24 27269 20 27525 20 27783 18 28039 18 28299 10 28555 10
7f4cbe0b36b5d09466476a7d4e01f4f976c67872d549f4ff47b3e1e3a2b403af,31839 16 32095 16 32349 20 32605 20 32861 20 33117 20 33371 24 33627 24 33883 24 34139 24 34397 22 34653 22 34909 22 34937 12 35165 22 35193 12 35421 42 35677 42 35935 40 36191 40 36447 42 36703 42 36961 40 37217 40 37477 4 37489 24 37733 4 37745 24 37999 26 38255 26 38511 26 38767 26 39023 26 39279 26 39535 26 39791 26 40047 24 40303 24 40559 24 40815 24 41073 20 41329 20 41585 18 41841 18 42101 4 42357 4
7f4cbe0b36b5d09466476a7d4e01f4f976c67872d549f4ff47b3e1e3a2b403af,43135 12 43391 12 43643 18 43899 18 44153 22 44409 22 44663 24 44919 24 45175 26 45431 26 45687 26 45943 26 46199 26 46455 26 46711 24 46967 24 47225 22 47481 22 47737 22 47993 22 48251 20 48507 20 48767 14 49023 14
7f4cbe0b36b5d09466476a7d4e01f4f976c67872d549f4ff47b3e1e3a2b403af,2175 14 2431 14 2685 18 2941 18 3195 22 3451 22 3707 22 3963 22 4219 22 4475 22 4731 22 4987 22 5243 28 5499 28 5755 30 6011 30 6269 20 6291 4 6525 20 6547 4 6783 16 7039 16 7299 10 7555 10
7f4cbe0b36b5d09466476a7d4e01f4f976c67872d549f4ff47b3e1e3a2b403af,12957 10 13213 10 13465 16 13721 16 13975 20 14231 20 14487 22 14743 22 14999 22 15255 22 15509 24 15765 24 16021 24 16277 24 16533 22 16789 22 17047 20 17303 20 17559 18 17815 18 18071 18 18327 18 18585 14 18841 14 19101 4 19357 4
7f4cbe0b36b5d09466476a7d4e01f4f976c67872d549f4ff47b3e1e3a2b403af,49819 8 50075 8 50329 14 50585 14 50839 18 51095 18 51351 20 51607 20 51863 22 52119 22 52375 22 52631 22 52889 20 53145 20 53403 18 53659 18 53915 16 54171 16 54429 14 54685 14 54947 4 55203 4
7f4cbe0b36b5d09466476a7d4e01f4f976c67872d549f4ff47b3e1e3a2b403af,43173 10 43429 10 43681 16 43937 16 44191 20 44447 20 44703 20 44959 20 45213 22 45469 22 45725 24 45981 24 46237 24 46493 24 46749 24 47005 24 47261 24 47517 24 47773 22 48029 22 48287 20 48543 20 48803 12 49059 12
7f4cbe0b36b5d09466476a7d4e01f4f976c67872d549f4ff47b3e1e3a2b403af,33955 14 34211 14 34465 18 34721 18 34975 22 35231 22 35487 22 35743 22 35999 24 36255 24 36511 24 36767 24 37023 24 37279 24 37535 24 37791 24 38047 22 38303 22 38559 22 38815 22 39071 20 39327 20 39585 16 39841 16 40097 14 40353 14
7f4cbe0b36b5d09466476a7d4e01f4f976c67872d549f4ff47b3e1e3a2b403af,177 20 433 20 687 24 943 24 1199 24 1455 24 1711 22 1967 22 2223 22 2479 22 2735 20 2991 20 3249 16 3505 16 3765 6 4021 6
7f4cbe0b36b5d09466476a7d4e01f4f976c67872d549f4ff47b3e1e3a2b403af,36027 10 36283 10 36537 14 36793 14 37049 16 37305 16 37561 16 37817 16 38073 18 38329 18 38585 18 38841 18 39097 18 39353 18 39607 20 39863 20 40121 16 40377 16 40633 14 40889 14 41147 10 41403 10
7f4cbe0b36b5d09466476a7d4e01f4f976c67872d549f4ff47b3e1e3a2b403af,44223 10 44479 10 44733 16 44989 16 45245 18 45501 18 45757 18 46013 18 46269 20 46525 20 46781 20 47037 20 47293 20 47549 20 47805 20 48061 20 48317 20 48573 20 48829 20 49085 20 49341 20 49597 20 49853 20 50109 20 50365 20 50621 20 50881 14 51137 14 51397 8 51653 8
7f4cbe0b36b5d09466476a7d4e01f4f976c67872d549f4ff47b3e1e3a2b403af,15089 8 15345 8 15599 14 15855 14 16085 8 16109 20 16341 8 16365 20 16593 16 16621 20 16849 16 16877 20 17103 20 17133 20 17359 20 17389 20 17615 22 17645 20 17871 22 17901 20 18125 24 18157 20 18381 24 18413 20 18637 26 18669 20 18893 26 18925 20 19149 26 19183 18 19405 26 19439 18 19659 28 19697 16 19915 28 19953 16 20171 26 20209 16 20427 26 20465 16 20685 24 20711 24 20941 24 20967 24 21197 40 21453 40 21711 16 21731 18 21967 16 21987 18 22225 10 22241 22 22481 10 22497 22 22753 22 23009 22 23263 24 23519 24 23775 22 24031 22 24287 22 24543 22 24801 18 25057 18 25315 16 25571 16 25829 10 26085 10
7f4cbe0b36b5d09466476a7d4e01f4f976c67872d549f4ff47b3e1e3a2b403af,38615 6 38871 6 39123 12 39379 12 39633 16 39889 16 40143 18 40399 18 40655 20 40911 20 41167 20 41423 20 41677 20 41933 20 42189 20 42445 20 42703 18 42959 18 43215 16 43471 16 43729 10 43985 10
7f4cbe0b36b5d09466476a7d4e01f4f976c67872d549f4ff47b3e1e3a2b403af,26325 6 26581 6 26833 16 27089 16 27343 22 27599 22 27855 24 28111 24 28367 24 28623 24 28879 24 29135 24 29391 24 29647 24 29903 24 30159 24 30415 22 30671 22 30927 22 31183 22 31441 18 31697 18 31955 14 32211 14 32469 8 32725 8
7f4cbe0b36b5d09466476a7d4e01f4f976c67872d549f4ff47b3e1e3a2b403af,45287 10 45543 10 45793 18 46049 18 46303 22 46559 22 46815 22 47071 22 47327 24 47583 24 47839 24 48095 24 48351 24 48607 24 48863 24 49119 24 49375 24 49631 24 49889 20 50145 20 50401 18 50657 18 50915 14 51171 14
7f4cbe0b36b5d09466476a7d4e01f4f976c67872d549f4ff47b3e1e3a2b403af,64231 4 64487 4 64741 8 64997 8 65255 6 65511 6
7f4cbe0b36b5d09466476a7d4e01f4f976c67872d549f4ff47b3e1e3a2b403af,35053 14 35309 14 35563 18 35819 18 36075 20 36331 20 36585 22 36841 22 37097 24 37353 24 37609 24 37865 24 38121 24 38377 24 38633 24 38889 24 39145 24 39401 24 39657 24 39913 24 40169 24 40425 24 40681 22 40937 22 41195 18 41451 18 41707 18 41963 18 42223 12 42479 12
7f4cbe0b36b5d09466476a7d4e01f4f976c67872d549f4ff47b3e1e3a2b403af,57595 4 57851 4 58103 10 58359 10 58613 12 58869 12 59123 14 59379 14 59635 14 59891 14 60145 16 60401 16 60657 16 60913 16 61169 16 61425 16 61681 16 61937 16 62195 14 62451 14 62707 14 62963 14 63219 14 63475 14 63733 12 63989 12 64247 10 64503 10
7f4cbe0b36b5d09466476a7d4e01f4f976c67872d549f4ff47b3e1e3a2b403af,4861 2 5117 2 5371 6 5627 6 5883 6 6139 6 6393 8 6649 8 6905 8 7161 8 7417 8 7673 8 7929 8 8185 8 8441 8 8697 8 8955 6 9211 6 9467 6 9723 6 9981 2 10237 2
8922a6ac8fd0258ec27738ca101867169b20d90a60fc84f93df77acd5bf7c80b,120325 20 120837 20 121349 20 121861 20 122373 20 122881 28 123393 28 123905 28 124417 28 124929 28 125441 28 125953 28 126465 28 126977 28 127489 28 128001 32 128513 32 129025 32 129537 32 130049 32 130561 32 131073 32 131585 32 132097 32 132609 32 133121 32 133633 32 134145 32 134657 32 135169 32 135681 36 136193 36 136705 36 137217 36 137729 36 138241 32 138753 32 139265 32 139777 32 140289 32 140801 32 141313 32 141825 32 142337 32 142849 32 143361 28 143873 28 144385 28 144897 28 145409 28 145929 16 146441 16 146953 16 147465 16 147977 16
8922a6ac8fd0258ec27738ca101867169b20d90a60fc84f93df77acd5bf7c80b,115237 12 115749 12 116261 12 116773 12 117285 12 117801 8 118313 8 118825 8 119337 8 119849 8 120365 8 120877 8 121389 8 121901 8 122413 8
8922a6ac8fd0258ec27738ca101867169b20d90a60fc84f93df77acd5bf7c80b,284217 16 284729 16 285241 16 285753 16 286265 16 286777 16 287289 16 287801 16 288313 16 288825 16 289337 12 289849 12 290361 12 290873 12 291385 12
8922a6ac8fd0258ec27738ca101867169b20d90a60fc84f93df77acd5bf7c80b,240729 36 241241 36 241753 36 242265 36 242777 36 243285 52 243797 52 244309 52 244821 52 245333 52 245841 64 246353 64 246865 64 247377 64 247889 64 248397 72 248909 72 249421 72 249933 72 250445 72 250953 80 251041 24 251465 80 251553 24 251977 80 252065 24 252489 80 252577 24 253001 80 253089 24 253513 120 254025 120 254537 120 255049 120 255561 120 256069 128 256581 128 257093 128 257605 128 258117 128 258629 132 259141 132 259653 132 260165 132 260677 132 261193 128 261705 128 262217 128 262729 128 263241 128 263753 128 264265 128 264777 128 265289 128 265801 128 266321 120 266833 120 267345 120 267857 120 268369 120 268889 112 269401 112 269913 112 270425 112 270937 112 271453 108 271965 108 272477 108 272989 108 273501 108 274017 100 274529 100 275041 100 275553 100 276065 100 276581 52 276637 40 277093 52 277149 40 277605 52 277661 40 278117 52 278173 40 278629 52 278685 40 279149 44 279209 24 279661 44 279721 24 280173 44 280233 24 280685 44 280745 24 281197 44 281257 24 281713 32 282225 32 282737 32 283249 32 283761 32
8922a6ac8fd0258ec27738ca101867169b20d90a60fc84f93df77acd5bf7c80b,197273 24 197785 24 198297 24 198809 24 199321 24 199821 44 200333 44 200845 44 201357 44 201869 44 202377 52 202889 52 203401 52 203913 52 204425 52 204933 56 205445 56 205957 56 206469 56 206981 56 207493 60 208005 60 208517 60 209029 60 209541 60 210053 60 210565 60 211077 60 211589 60 212101 60 212613 60 213125 60 213637 60 214149 60 214661 60 215177 56 215689 56 216201 56 216713 56 217225 56 217737 52 218249 52 218761 52 219273 52 219785 52 220301 48 220813 48 221325 48 221837 48 222349 48 222865 40 223377 40 223889 40 224401 40 224913 40 225437 24 225949 24 226461 24 226973 24 227485 24
8922a6ac8fd0258ec27738ca101867169b20d90a60fc84f93df77acd5bf7c80b,153789 4 154301 4 154813 4 155325 4 155837 4 156341 20 156853 20 157365 20 157877 20 158389 20 158897 32 159409 32 159921 32 160433 32 160945 32 161453 36 161965 36 162477 36 162989 36 163501 36 163997 56 164509 56 165021 56 165533 56 166045 56 166549 64 167061 64 167573 64 168085 64 168597 64 169109 64 169621 64 170133 64 170645 64 171157 64 171665 68 172177 68 172689 68 173201 68 173713 68 174225 68 174737 68 175249 68 175761 68 176273 68 176789 60 177301 60 177813 60 178325 60 178837 60 179349 60 179861 60 180373 60 180885 60 181397 60 181913 52 182425 52 182937 52 183449 52 183961 52 184477 48 184989 48 185501 48 186013 48 186525 48
8922a6ac8fd0258ec27738ca101867169b20d90a60fc84f93df77acd5bf7c80b,161545 24 162057 24 162569 24 163081 24 163593 24 164101 36 164613 36 165125 36 165637 36 166149 36 166661 40 167173 40 167685 40 168197 40 168709 40 169221 44 169733 44 170245 44 170757 44 171269 44 171781 44 172293 44 172805 44 173317 44 173829 44 174341 44 174853 44 175365 44 175877 44 176389 44 176905 40 177417 40 177929 40 178441 40 178953 40 179465 40 179977 40 180489 40 181001 40 181513 40 182029 40 182541 40 183053 40 183565 40 184077 40 184589 44 185101 44 185613 44 186125 44 186637 44 187153 40 187665 40 188177 40 188689 40 189201 40 189725 32 190237 32 190749 32 191261 32 191773 32 192293 24 192805 24 193317 24 193829 24 194341 24 194861 16 195373 16 195885 16 196397 16 196909 16 197425 16 197937 16 198449 16 198961 16 199473 16 199989 12 200501 12 201013 12 201525 12 202037 12 202553 8 203065 8 203577 8 204089 8 204601 8
8922a6ac8fd0258ec27738ca101867169b20d90a60fc84f93df77acd5bf7c80b,307493 24 308005 24 308517 24 309029 24 309541 24 310041 44 310553 44 311065 44 311577 44 312089 44 312597 52 313109 52 313621 52 314133 52 314645 52 315153 60 315665 60 316177 60 316689 60 317201 60 317713 64 318225 64 318737 64 319249 64 319761 64 320273 68 320785 68 321297 68 321809 68 322321 68 322833 72 323345 72 323857 72 324369 72 324881 72 325393 68 325905 68 326417 68 326929 68 327441 68
8922a6ac8fd0258ec27738ca101867169b20d90a60fc84f93df77acd5bf7c80b,228193 20 228705 20 229217 20 229729 20 230241 20 230745 36 231257 36 231769 36 232281 36 232793 36 233305 44 233817 44 234329 44 234841 44 235353 44 235865 48 236377 48 236889 48 237401 48 237913 48 238425 52 238937 52 239449 52 239961 52 240473 52 240989 48 241501 48 242013 48 242525 48 243037 48 243549 48 244061 48 244573 48 245085 48 245597 48 246113 44 246625 44 247137 44 247649 44 248161 44 248677 40 249189 40 249701 40 250213 40 250725 40 251241 32 251753 32 252265 32 252777 32 253289 32 253805 24 254317 24 254829 24 255341 24 255853 24
8922a6ac8fd0258ec27738ca101867169b20d90a60fc84f93df77acd5bf7c80b,123313 4 123825 4 124337 4 124849 4 125361 4 125861 24 126373 24 126885 24 127397 24 127909 24 128417 32 128929 32 129441 32 129953 32 130465 32 130973 36 131485 36 131997 36 132509 36 133021 36 133513 56 134025 56 134537 56 135049 56 135561 56 136069 60 136581 60 137093 60 137605 60 138117 60 138625 60 139137 60 139649 60 140161 60 140673 60 141185 60 141697 60 142209 60 142721 60 143233 60 143745 56 144257 56 144769 56 145281 56 145793 56 146305 52 146817 52 147329 52 147841 52 148353 52 148865 52 149377 52 149889 52 150401 52 150913 52 151429 44 151941 44 152453 44 152965 44 153477 44 153985 44 154497 44 155009 44 155521 44 156033 44 156533 52 157045 52 157557 52 158069 52 158581 52 159093 52 159605 52 160117 52 160629 52 161141 52 161649 56 162161 56 162673 56 163185 56 163697 56 164209 56 164721 56 165233 56 165745 56 166257 56 166769 52 167281 52 167793 52 168305 52 168817 52 169329 52 169841 52 170353 52 170865 52 171377 52 171889 48 172401 48 172913 48 173425 48 173937 48 174449 40 174961 40 175473 40 175985 40 176497 40 177017 20 177529 20 178041 20 178553 20 179065 20
8922a6ac8fd0258ec27738ca101867169b20d90a60fc84f93df77acd5bf7c80b,248749 16 249261 16 249773 16 250285 16 250797 16 251297 36 251809 36 252321 36 252833 36 253345 36 253849 48 254361 48 254873 48 255385 48 255897 48 256401 60 256913 60 257425 60 257937 60 258449 60 258953 84 259465 84 259977 84 260489 84 261001 84 261509 96 262021 96 262533 96 263045 96 263557 96 264069 100 264581 100 265093 100 265605 100 266117 100 266629 104 267141 104 267653 104 268165 104 268677 104 269185 112 269697 112 270209 112 270721 112 271233 112 271745 116 272257 116 272769 116 273281 116 273793 116 274309 120 274821 120 275333 120 275845 120 276357 120 276869 124 277381 124 277893 124 278405 124 278917 124 279437 116 279949 116 280461 116 280973 116 281485 116 282017 96 282529 96 283041 96 283553 96 284065 96 284585 88 285097 88 285609 88 286121 88 286633 88 287149 84 287661 84 288173 84 288685 84 289197 84 289733 24 289773 16 290245 24 290285 16 290757 24 290797 16 291269 24 291309 16 291781 24 291821 16
8922a6ac8fd0258ec27738ca101867169b20d90a60fc84f93df77acd5bf7c80b,136153 16 136665 16 137177 16 137689 16 138201 16 138705 32 139217 32 139729 32 140241 32 140753 32 141257 48 141769 48 142281 48 142793 48 143305 48 143813 56 144325 56 144837 56 145349 56 145861 56 146369 64 146881 64 147393 64 147905 64 148417 64 148925 68 149437 68 149949 68 150461 68 150973 68 151485 68 151997 68 152509 68 153021 68 153533 68 154045 68 154557 68 155069 68 155581 68 156093 68 156605 68 157117 68 157629 68 158141 68 158653 68 159165 68 159677 68 160189 68 160701 68 161213 68 161729 64 162241 64 162753 64 163265 64 163777 64 164293 60 164805 60 165317 60 165829 60 166341 60 166857 52 167369 52 167881 52 168393 52 168905 52 169389 28 169425 44 169901 28 169937 44 170413 28 170449 44 170925 28 170961 44 171437 28 171473 44 171945 40 172001 24 172457 40 172513 24 172969 40 173025 24 173481 40 173537 24 173993 40 174049 24 174501 44 175013 44 175525 44 176037 44 176549 44 177061 48 177573 48 178085 48 178597 48 179109 48 179617 56 180129 56 180641 56 181153 56 181665 56 182177 80 182689 80 183201 80 183713 80 184225 80 184741 88 185253 88 185765 88 186277 88 186789 88 187301 92 187813 92 188325 92 188837 92 189349 92 189865 88 190377 88 190889 88 191401 88 191913 88 192429 84 192941 84 193453 84 193965 84 194477 84 195001 72 195513 72 196025 72 196537 72 197049 72 197573 60 198085 60 198597 60 199109 60 199621 60 200133 60 200645 60 201157 60 201669 60 202181 60 202697 56 203209 56 203721 56 204233 56 204745 56 205265 48 205777 48 206289 48 206801 48 207313 48 207837 36 208349 36 208861 36 209373 36 209885 36 210405 28 210917 28 211429 28 211941 28 212453 28 212969 24 213481 24 213993 24 214505 24 215017 24 215537 12 216049 12 216561 12 217073 12 217585 12
8922a6ac8fd0258ec27738ca101867169b20d90a60fc84f93df77acd5bf7c80b,18393 24 18905 24 19417 24 19929 24 20441 24 20949 36 21461 36 21973 36 22485 36 22997 36 23509 40 24021 40 24533 40 25045 40 25557 40 26069 40 26581 40 27093 40 27605 40 28117 40 28629 44 29141 44 29653 44 30165 44 30677 44 31189 44 31701 44 32213 44 32725 44 33237 44 33717 24 33749 40 34229 24 34261 40 34741 24 34773 40 35253 24 35285 40 35765 24 35797 40 36273 76 36785 76 37297 76 37809 76 38321 76 38833 36 38881 24 39345 36 39393 24 39857 36 39905 24 40369 36 40417 24 40881 36 40929 24 41393 36 41905 36 42417 36 42929 36 43441 36 43957 32 44469 32 44981 32 45493 32 46005 32 46521 40 47033 40 47545 40 48057 40 48569 40 49077 44 49589 44 50101 44 50613 44 51125 44 51633 48 52145 48 52657 48 53169 48 53681 48 54189 52 54701 52 55213 52 55725 52 56237 52 56745 56 57257 56 57769 56 58281 56 58793 56 59305 56 59817 56 60329 56 60841 56 61353 56 61865 60 62377 60 62889 60 63401 60 63913 60 64429 56 64941 56 65453 56 65965 56 66477 56 66989 56 67501 56 68013 56 68525 56 69037 56 69553 52 70065 52 70577 52 71089 52 71601 52 72121 40 72633 40 73145 40 73657 40 74169 40 74693 20 75205 20 75717 20 76229 20 76741 20
8922a6ac8fd0258ec27738ca101867169b20d90a60fc84f93df77acd5bf7c80b,13237 12 13749 12 14261 12 14773 12 15285 12 15797 16 16309 16 16821 16 17333 16 17845 16 18361 12 18873 12 19385 12 19897 12 20409 12
8b59819fbc92eefe45b1db95c0cc3a467ddcfc755684c7f2ba2f6ccb9ad740ab,22881 8 23401 8 23921 8 24441 8 24961 8 25481 12 26001 12 26521 12 27041 12 27561 12 28081 12 28601 12 29121 12 29641 12 30161 12 30681 12 31201 12 31721 12 32241 12 32761 12 33281 12 33801 8 34321 8 34841 8 35361 8 35881 8 36401 8 36921 8 37441 8 37961 8 38481 8 39001 8
8b59819fbc92eefe45b1db95c0cc3a467ddcfc755684c7f2ba2f6ccb9ad740ab,98809 4 99329 4 99849 4 100369 4 100889 4 101409 4 101921 28 102441 28 102961 28 103481 28 104001 28 104521 32 105041 32 105561 32 106081 32 106601 32 107121 32 107641 37 108161 37 108681 37 109201 37 109721 37 110241 37 110294 20 110761 37 110814 20 111281 37 111334 20 111801 37 111854 20 112321 37 112374 20 112841 81 113361 81 113881 81 114401 81 114921 81 115441 81 115961 85 116481 85 117001 85 117521 85 118041 85 118561 85 119081 85 119601 85 120121 85 120641 85 121161 85 121685 81 122205 81 122725 81 123245 81 123765 81 124289 77 124809 77 125329 77 125849 77 126369 77 126889 77 127413 69 127933 69 128453 69 128973 69 129493 69 130013 61 130533 61 131053 61 131573 61 132093 61 132613 61 133137 45 133657 45 134177 45 134697 45 135217 45
8b59819fbc92eefe45b1db95c0cc3a467ddcfc755684c7f2ba2f6ccb9ad740ab,155481 12 156001 12 156521 12 157041 12 157561 12 158081 20 158601 20 159121 20 159641 20 160161 20 160681 20 161201 20 161721 20 162241 20 162761 20 163281 20 163801 24 164321 24 164841 24 165361 24 165881 24 166401 24 166921 24 167441 24 167961 24 168481 24 169001 24 169521 24 170041 24 170561 24 171081 24 171601 24 172121 24 172641 20 173161 20 173681 20 174201 20 174721 20
8b59819fbc92eefe45b1db95c0cc3a467ddcfc755684c7f2ba2f6ccb9ad740ab,186685 12 187205 12 187725 12 188245 12 188765 12 189281 24 189801 24 190321 24 190841 24 191361 24 191881 24 192401 24 192921 24 193441 24 193961 24 194481 24 195001 24 195521 24 196041 24 196561 24 197081 24 197601 24 198125 12 198645 12 199165 12 199685 12 200205 12
8b59819fbc92eefe45b1db95c0cc3a467ddcfc755684c7f2ba2f6ccb9ad740ab,214826 24 215346 24 215866 24 216386 24 216906 24 217426 24 217942 37 218462 37 218982 37 219502 37 220022 37 220489 16 220538 45 221009 16 221058 45 221529 16 221578 45 222049 16 222098 45 222569 16 222618 45 223089 16 223138 45 223605 28 223654 49 224125 28 224174 49 224645 28 224694 49 225165 28 225214 49 225685 28 225734 49 226205 102 226327 8 226725 102 226847 8 227245 102 227367 8 227765 102 227887 8 228285 102 228407 8 228805 106 228919 20 229325 106 229439 20 229845 106 229959 20 230365 106 230479 20 230885 106 230999 20 231405 106 231519 20 231921 138 232441 138 232961 138 233481 138 234001 138 234521 138 235041 138 235561 138 236081 138 236601 138 237121 138 237641 138 238161 138 238681 138 239201 138 239721 138 240241 49 240306 12 240326 53 240761 49 240826 12 240846 53 241281 49 241346 12 241366 53 241801 49 241866 12 241886 53 242321 49 242386 12 242406 53 242841 49 242906 12 242926 53 243361 41 243442 53 243881 41 243962 53 244401 41 244482 53 244921 41 245002 53 245441 41 245522 53 245965 8 246042 49 246485 8 246562 49 247005 8 247082 49 247525 8 247602 49 248045 8 248122 49 248565 8 248642 49 249162 45 249682 45 250202 45 250722 45 251242 45 251762 41 252282 41 252802 41 253322 41 253842 41 254366 33 254886 33 255406 33 255926 33 256446 33 256966 33
8b59819fbc92eefe45b1db95c0cc3a467ddcfc755684c7f2ba2f6ccb9ad740ab,260009 24 260529 24 261049 24 261569 24 262089 24 262609 24 263121 61 263641 61 264161 61 264681 61 265201 61 265721 65 266241 65 266761 65 267281 65 267801 65 268321 65 268841 69 269361 69 269881 69 270401 69 270921 69 271441 69 271961 69 272481 69 273001 69 273521 69 274041 69 274561 69 275081 69 275601 69 276121 69 276641 69 277161 69 277681 69 278201 69 278721 69 279241 69 279761 69 280281 69 280801 69 281321 69 281841 69 282361 69 282885 61 283405 61 283925 61 284445 61 284965 61 285493 45 286013 45 286533 45 287053 45 287573 45 288093 45
8b59819fbc92eefe45b1db95c0cc3a467ddcfc755684c7f2ba2f6ccb9ad740ab,42 12 74 53 562 12 594 53 1082 12 1114 53 1602 12 1634 53 2122 12 2154 53 2633 33 2670 61 3153 33 3190 61 3673 33 3710 61 4193 33 4230 61 4713 33 4750 61 5233 33 5270 61 5749 106 6269 106 6789 106 7309 106 7829 106 8349 45 8402 53 8869 45 8922 53 9389 45 9442 53 9909 45 9962 53 10429 45 10482 53 10949 45 11002 53 11465 49 11522 53 11985 49 12042 53 12505 49 12562 53 13025 49 13082 53 13545 49 13602 53 14065 49 14126 49 14585 49 14646 49 15105 49 15166 49 15625 49 15686 49 16145 49 16206 49 16665 49 16726 49 17185 49 17250 45 17705 49 17770 45 18225 49 18290 45 18745 49 18810 45 19265 49 19330 45 19785 49 19859 32 20305 49 20379 32 20825 49 20899 32 21345 49 21419 32 21865 49 21939 32 22385 49 22459 32 22905 49 23425 49 23945 49 24465 49 24985 49 25505 45 26025 45 26545 45 27065 45 27585 45 28105 45 28625 45 29145 45 29665 45 30185 45 30705 45 31229 37 31749 37 32269 37 32789 37 33309 37 33829 33 34349 33 34869 33 35389 33 35909 33 36429 33 36958 12 37478 12 37998 12 38518 12 39038 12
8b59819fbc92eefe45b1db95c0cc3a467ddcfc755684c7f2ba2f6ccb9ad740ab,76571 20 77091 20 77611 20 78131 20 78651 20 79159 40 79679 40 80199 40 80719 40 81239 40 81759 40 82271 57 82791 57 83311 57 83831 57 84351 57 84863 65 85383 65 85903 65 86423 65 86943 65 87463 65 87983 69 88503 69 89023 69 89543 69 90063 69 90583 69 91103 69 91623 69 92143 69 92663 69 93183 65 93703 65 94223 65 94743 65 95263 65 95783 65 96303 65 96823 65 97343 65 97863 65 98383 65 98907 52 99427 52 99947 52 100467 52 100987 52 101507 52 102043 12 102563 12 103083 12 103603 12 104123 12
8b59819fbc92eefe45b1db95c0cc3a467ddcfc755684c7f2ba2f6ccb9ad740ab,178491 12 179011 12 179531 12 180051 12 180571 12 181083 24 181603 24 182123 24 182643 24 183163 24 183675 36 184195 36 184715 36 185235 36 185755 36 186275 36 186791 48 187311 48 187831 48 188351 48 188871 48 189391 48 189911 48 190431 48 190951 48 191471 48 191991 48 192511 53 193031 53 193551 53 194071 53 194591 53 195111 53 195631 53 196151 53 196671 53 197191 53 197711 53 198231 53 198751 53 199271 53 199791 53 200311 53 200835 44 201355 44 201875 44 202395 44 202915 44 203439 40 203959 40 204479 40 204999 40 205519 40 206039 40 206571 20 207091 20 207611 20 208131 20 208651 20
8b59819fbc92eefe45b1db95c0cc3a467ddcfc755684c7f2ba2f6ccb9ad740ab,51136 28 51656 28 52176 28 52696 28 53216 28 53728 44 54248 44 54768 44 55288 44 55808 44 56328 44 56844 52 57364 52 57884 52 58404 52 58924 52 59444 56 59964 56 60484 56 61004 56 61524 56 62044 56 62559 61 63079 61 63599 61 64119 61 64639 61 65159 61 65679 61 66199 61 66719 61 67239 61 67759 57 68279 57 68799 57 69319 57 69839 57 70359 57 70879 53 71399 53 71919 53 72439 53 72959 53 73484 36 74004 36 74524 36 75044 36 75564 36 76084 36 76608 16 77128 16 77648 16 78168 16 78688 16
8b59819fbc92eefe45b1db95c0cc3a467ddcfc755684c7f2ba2f6ccb9ad740ab,237816 20 238336 20 238856 20 239376 20 239896 20 240412 28 240932 28 241452 28 241972 28 242492 28 243012 28 243532 28 244052 28 244572 28 245092 28 245612 28 246132 32 246652 32 247172 32 247692 32 248212 32 248732 32 249252 36 249772 36 250292 36 250812 36 251332 36 251856 32 252376 32 252896 32 253416 32 253936 32 254456 32 254976 32 255496 32 256016 32 256536 32 257056 32 257580 28 258100 28 258620 28 259140 28 259660 28 260180 28 260700 28 261220 28 261740 28 262260 28 262780 28 263304 20 263824 20 264344 20 264864 20 265384 20
8b59819fbc92eefe45b1db95c0cc3a467ddcfc755684c7f2ba2f6ccb9ad740ab,176 24 212 45 696 24 732 45 1216 24 1252 45 1736 24 1772 45 2256 24 2292 45 2776 81 3296 81 3816 81 4336 81 4856 81 5376 81 5896 81 6416 81 6936 81 7456 81 7976 81 8504 69 9024 69 9544 69 10064 69 10584 69 11104 69 11628 36 12148 36 12668 36 13188 36 13708 36 14228 32 14748 32 15268 32 15788 32 16308 32 16828 32 17352 24 17872 24 18392 24 18912 24 19432 24
8b59819fbc92eefe45b1db95c0cc3a467ddcfc755684c7f2ba2f6ccb9ad740ab,155688 25 156208 25 156728 25 157248 25 157768 25 158280 37 158800 37 159320 37 159840 37 160360 37 160880 37 161396 45 161916 45 162436 45 162956 45 163476 45 163996 45 164516 45 165036 45 165556 45 166076 45 166596 45 167116 49 167636 49 168156 49 168676 49 169196 49 169716 49 170236 49 170756 49 171276 49 171796 49 172316 49 172836 45 173356 45 173876 45 174396 45 174916 45 175440 37 175960 37 176480 37 177000 37 177520 37 178040 37 178564 20 179084 20 179604 20 180124 20 180644 20
8b59819fbc92eefe45b1db95c0cc3a467ddcfc755684c7f2ba2f6ccb9ad740ab,158382 20 158902 20 159422 20 159942 20 160462 20 160982 20 161494 32 162014 32 162534 32 163054 32 163574 32 164085 41 164605 41 165125 41 165645 41 166165 41 166685 41 167205 41 167725 41 168245 41 168765 41 169285 41 169801 45 170321 45 170841 45 171361 45 171881 45 172401 45 172921 41 173441 41 173961 41 174481 41 175001 41 175517 41 176037 41 176557 41 177077 41 177597 41 178117 41 178641 33 179161 33 179681 33 180201 33 180721 33 181241 25 181761 25 182281 25 182801 25 183321 25
8b59819fbc92eefe45b1db95c0cc3a467ddcfc755684c7f2ba2f6ccb9ad740ab,395 73 915 73 1435 73 1955 73 2475 73 2991 81 3511 81 4031 81 4551 81 5071 81 5591 81 6111 81 6631 81 7151 81 7671 81 8191 81 8711 85 9231 85 9751 85 10271 85 10791 85 11311 85 11835 81 12355 81 12875 81 13395 81 13915 81 14443 69 14963 69 15483 69 16003 69 16523 69 17043 69 17571 57 18091 57 18611 57 19131 57 19651 57 20200 12 20720 12 21240 12 21760 12 22280 12 22800 12
8b59819fbc92eefe45b1db95c0cc3a467ddcfc755684c7f2ba2f6ccb9ad740ab,220879 25 221399 25 221919 25 222439 25 222959 25 223479 25 223999 25 224519 25 225039 25 225559 25 226079 25 226595 33 227115 33 227635 33 228155 33 228675 33 229195 33 229715 33 230235 33 230755 33 231275 33 231795 33 232315 37 232835 37 233355 37 233875 37 234395 37 234911 45 235431 45 235951 45 236471 45 236991 45 237511 45 238031 45 238551 45 239071 45 239591 45 240111 45 240635 41 241155 41 241675 41 242195 41 242715 41 243235 41 243755 41 244275 41 244795 41 245315 41 245835 41 246355 41 246875 41 247395 41 247915 41 248435 41 248955 41 249475 41 249995 41 250515 41 251035 41 251555 41 252079 37 252599 37 253119 37 253639 37 254159 37 254679 37 255199 37 255719 37 256239 37 256759 37 257279 37 257803 29 258323 29 258843 29 259363 29 259883 29 260407 21 260927 21 261447 21 261967 21 262487 21 263007 21
8b59819fbc92eefe45b1db95c0cc3a467ddcfc755684c7f2ba2f6ccb9ad740ab,113272 20 113792 20 114312 20 114832 20 115352 20 115872 20 116379 37 116899 37 117419 37 117939 37 118459 37 118971 49 119491 49 120011 49 120531 49 121051 49 121571 49 122087 53 122607 53 123127 53 123647 53 124167 53 124683 57 125203 57 125723 57 126243 57 126763 57 127283 57 127799 61 128319 61 128839 61 129359 61 129879 61 130399 61 130919 61 131439 61 131959 61 132479 61 132999 61 133519 57 134039 57 134559 57 135079 57 135599 57 136119 90 136639 90 137159 90 137679 90 138199 90 138719 110 139239 110 139759 110 140279 110 140799 110 141319 110 141839 114 142359 114 142879 114 143399 114 143919 114 144443 114 144963 114 145483 114 146003 114 146523 114 147043 114 147575 102 148095 102 148615 102 149135 102 149655 102 150175 102 150695 102 151215 102 151735 102 152255 102 152775 102 153295 98 153815 98 154335 98 154855 98 155375 98 155891 65 155977 12 156411 65 156497 12 156931 65 157017 12 157451 65 157537 12 157971 65 158057 12 158491 61 159011 61 159531 61 160051 61 160571 61 161091 61 161611 53 162131 53 162651 53 163171 53 163691 53 164215 49 164735 49 165255 49 165775 49 166295 49 166815 49 167339 49 167859 49 168379 49 168899 49 169419 49 169944 44 170464 44 170984 44 171504 44 172024 44 172544 44 173068 40 173588 40 174108 40 174628 40 175148 40 175680 28 176200 28 176720 28 177240 28 177760 28 178280 28
8b59819fbc92eefe45b1db95c0cc3a467ddcfc755684c7f2ba2f6ccb9ad740ab,277649 8 278169 8 278689 8 279209 8 279729 8 280228 41 280748 41 281268 41 281788 41 282308 41 282828 41 283340 53 283860 53 284380 53 284900 53 285420 53 285932 61 286452 61 286972 61 287492 61 288012 61 288532 61 289048 65 289568 65 290088 65 290608 65 291128 65 291648 61 292168 61 292688 61 293208 61 293728 61 294248 61 294768 61 295288 61 295808 61 296328 61 296848 61 297364 61 297884 61 298404 61 298924 61 299444 61 299968 49 300488 49 301008 49 301528 49 302048 49 302568 49 303092 37 303612 37 304132 37 304652 37 305172 37
8b59819fbc92eefe45b1db95c0cc3a467ddcfc755684c7f2ba2f6ccb9ad740ab,311424 25 311944 25 312464 25 312984 25 313504 25 314024 25 314536 37 315056 37 315576 37 316096 37 316616 37 317132 41 317652 41 318172 41 318692 41 319212 41 319732 41 320252 41 320772 41 321292 41 321812 41 322332 41 322852 41 323372 41 323892 41 324412 41 324932 41 325452 37 325972 37 326492 37 327012 37 327532 37 328052 37 328572 28 329092 28 329612 28 330132 28 330652 28
8b59819fbc92eefe45b1db95c0cc3a467ddcfc755684c7f2ba2f6ccb9ad740ab,76924 17 77444 17 77964 17 78484 17 79004 17 79512 41 80032 41 80552 41 81072 41 81592 41 82112 41 82624 49 83144 49 83664 49 84184 49 84704 49 85224 53 85744 53 86264 53 86784 53 87304 53 87824 53 88340 57 88860 57 89380 57 89900 57 90420 57 90940 57 91460 57 91980 57 92500 57 93020 57 93540 57 94060 57 94580 57 95100 57 95620 57 96140 57 96660 57 97180 57 97700 57 98220 57 98740 57 99264 53 99784 53 100304 53 100824 53 101344 53 101864 53 102388 49 102908 49 103428 49 103948 49 104468 49
8b59819fbc92eefe45b1db95c0cc3a467ddcfc755684c7f2ba2f6ccb9ad740ab,8821 12 9341 12 9861 12 10381 12 10901 12 11421 12 11937 24 12457 24 12977 24 13497 24 14017 24 14533 28 15053 28 15573 28 16093 28 16613 28 17133 28 17653 28 18173 28 18693 28 19213 28 19733 28 20253 28 20773 28 21293 28 21813 28 22333 28 22853 28 23373 28 23893 28 24413 28 24933 28 25453 28 25973 24 26493 24 27013 24 27533 24 28053 24
8b59819fbc92eefe45b1db95c0cc3a467ddcfc755684c7f2ba2f6ccb9ad740ab,116461 16 116981 16 117501 16 118021 16 118541 16 119057 24 119577 24 120097 24 120617 24 121137 24 121657 24 122177 24 122697 24 123217 24 123737 24 124257 24 124777 24 125297 24 125817 24 126337 24 126857 24 127377 24 127897 24 128417 24 128937 24 129457 24 129977 24 130505 8 131025 8 131545 8 132065 8 132585 8 133105 8
8b59819fbc92eefe45b1db95c0cc3a467ddcfc755684c7f2ba2f6ccb9ad740ab,254789 12 255309 12 255829 12 256349 12 256869 12 257389 12 257905 16 258425 16 258945 16 259465 16 259985 16 260501 20 261021 20 261541 20 262061 20 262581 20 263101 20 263621 20 264141 20 264661 20 265181 20 265701 20 266221 20 266741 20 267261 20 267781 20 268301 20 268821 20 269345 16 269865 16 270385 16 270905 16 271425 16 271949 12 272469 12 272989 12 273509 12 274029 12
912a679e4b9b1d1a75170254fd675b8c24b664d80ad7ea7e460241a23535a406,7173 10 7429 10 7683 16 7939 16 8195 16 8451 16 8705 20 8961 20 9217 20 9473 20 9729 20 9985 20 10243 16 10499 16 10755 16 11011 16 11269 10 11525 10
912a679e4b9b1d1a75170254fd675b8c24b664d80ad7ea7e460241a23535a406,13827 8 14083 8 14337 14 14593 14 14849 16 15105 16 15361 16 15617 16 15873 16 16129 16 16385 16 16641 16 16897 16 17153 16 17409 14 17665 14 17921 10 18177 10
912a679e4b9b1d1a75170254fd675b8c24b664d80ad7ea7e460241a23535a406,36865 6 37121 6 37377 8 37633 8 37889 10 38145 10 38401 10 38657 10 38913 12 39169 12 39425 12 39681 12 39937 12 40193 12 40449 10 40705 10 40961 10 41217 10 41475 4 41731 4
912a679e4b9b1d1a75170254fd675b8c24b664d80ad7ea7e460241a23535a406,60929 6 61185 6 61441 8 61697 8 61953 8 62209 8 62465 8 62721 8 62977 8 63233 8 63489 8 63745 8 64001 8 64257 8 64513 6 64769 6
912a679e4b9b1d1a75170254fd675b8c24b664d80ad7ea7e460241a23535a406,26635 8 26891 8 27145 18 27401 18 27655 24 27911 24 28167 24 28423 24 28679 26 28935 26 29189 28 29445 28 29701 26 29957 26 30215 24 30471 24 30727 24 30983 24 31241 20 31497 20 31755 18 32011 18 32273 10 32529 10
912a679e4b9b1d1a75170254fd675b8c24b664d80ad7ea7e460241a23535a406,38959 6 39215 6 39469 12 39725 12 39981 12 40237 12 40493 14 40509 10 40749 14 40765 10 41005 28 41261 28 41517 28 41773 28 42031 26 42287 26 42541 28 42797 28 43049 32 43305 32 43559 30 43595 4 43815 30 43851 4 44071 28 44103 12 44327 28 44359 12 44583 44 44839 44 45095 44 45351 44 45609 28 45639 12 45865 28 45895 12 46123 10 46137 12 46151 20 46379 10 46393 12 46407 20 46637 6 46649 10 46663 8 46673 12 46893 6 46905 10 46919 8 46929 12 47145 12 47167 14 47185 12 47401 12 47423 14 47441 12 47655 16 47679 14 47697 12 47911 16 47935 14 47953 12 48165 18 48191 14 48207 14 48421 18 48447 14 48463 14 48677 16 48703 28 48933 16 48959 28 49165 6 49189 14 49215 14 49233 10 49421 6 49445 14 49471 14 49489 10 49673 12 49703 10 49729 12 49929 12 49959 10 49985 12 50185 14 50201 14 50441 14 50457 14 50695 34 50951 34 51207 36 51463 36 51719 36 51757 10 51773 10 51975 36 52013 10 52029 10 52231 48 52283 14 52487 48 52539 14 52743 16 52761 16 52779 12 52793 18 52999 16 53017 16 53035 12 53049 18 53257 12 53277 26 53305 18 53513 12 53533 26 53561 18 53771 8 53795 20 53817 18 54027 8 54051 20 54073 18 54309 36 54565 36 54821 10 54835 22 55077 10 55091 22 55331 10 55345 22 55587 10 55601 22 55831 6 55841 12 55857 16 56087 6 56097 12 56113 16 56339 26 56371 14 56595 26 56627 14 56849 28 56883 12 57105 28 57139 12 57361 26 57397 10 57617 26 57653 10 57871 18 58127 18 58383 16 58639 16 58897 14 59153 14 59409 12 59665 12
912a679e4b9b1d1a75170254fd675b8c24b664d80ad7ea7e460241a23535a406,33827 2 34083 2 34321 8 34335 10 34577 8 34591 10 34831 12 34845 14 35087 12 35101 14 35341 30 35597 30 35851 32 36107 32 36363 32 36619 32 36877 30 37133 30 37391 14 37409 8 37647 14 37665 8 37907 8 38163 8
912a679e4b9b1d1a75170254fd675b8c24b664d80ad7ea7e460241a23535a406,60439 4 60695 4 60945 14 61201 14 61457 16 61713 16 61967 20 62223 20 62479 18 62735 18 62991 18 63247 18 63503 16 63759 16 64017 14 64273 14 64533 4 64789 4
912a679e4b9b1d1a75170254fd675b8c24b664d80ad7ea7e460241a23535a406,17435 8 17691 8 17943 14 18199 14 18453 18 18709 18 18965 18 19221 18 19477 18 19733 18 19987 20 20243 20 20501 18 20757 18 21013 16 21269 16 21527 12 21783 12
912a679e4b9b1d1a75170254fd675b8c24b664d80ad7ea7e460241a23535a406,5671 6 5927 6 6181 10 6437 10 6693 12 6949 12 7205 10 7461 10 7717 8 7973 8
912a679e4b9b1d1a75170254fd675b8c24b664d80ad7ea7e460241a23535a406,24619 10 24875 10 25129 14 25385 14 25641 14 25897 14 26151 18 26407 18 26663 18 26919 18 27175 18 27431 18 27687 18 27943 18 28199 16 28455 16 28713 14 28969 14 29225 12 29481 12
912a679e4b9b1d1a75170254fd675b8c24b664d80ad7ea7e460241a23535a406,557 12 813 12 1067 14 1323 14 1579 14 1835 14 2091 14 2347 14 2603 14 2859 14 3115 14 3371 14 3629 12 3885 12 4149 8 4405 8 4661 10 4917 10 5171 12 5427 12 5683 12 5939 12 6195 12 6451 12 6709 10 6965 10 7223 6 7479 6
912a679e4b9b1d1a75170254fd675b8c24b664d80ad7ea7e460241a23535a406,34361 8 34617 8 34871 12 35127 12 35381 14 35637 14 35893 16 36149 16 36403 16 36659 16 36917 14 37173 14 37429 14 37685 14 37943 10 38199 10 38459 4 38715 4
912a679e4b9b1d1a75170254fd675b8c24b664d80ad7ea7e460241a23535a406,59453 10 59709 10 59961 14 60217 14 60473 16 60729 16 60985 16 61241 16 61497 14 61753 14 62009 14 62265 14 62521 12 62777 12
912a679e4b9b1d1a75170254fd675b8c24b664d80ad7ea7e460241a23535a406,23109 8 23365 8 23619 12 23875 12 24129 16 24385 16 24641 18 24897 18 25153 18 25409 18 25665 18 25921 18 26177 18 26433 18 26689 16 26945 16 27201 16 27457 16 27715 12 27971 12 28229 6 28485 6
912a679e4b9b1d1a75170254fd675b8c24b664d80ad7ea7e460241a23535a406,64579 2 64835 2
912a679e4b9b1d1a75170254fd675b8c24b664d80ad7ea7e460241a23535a406,34893 4 35149 4 35401 12 35657 12 35913 14 36169 14 36423 16 36679 16 36935 16 37191 16 37447 16 37703 16 37959 14 38215 14 38473 12 38729 12 38987 8 39243 8
912a679e4b9b1d1a75170254fd675b8c24b664d80ad7ea7e460241a23535a406,59987 6 60243 6 60497 10 60753 10 61007 14 61263 14 61519 14 61775 14 62031 14 62287 14 62541 14 62797 14 63049 16 63305 16 63561 14 63817 14 64071 16 64327 16 64583 16 64839 16 65099 8 65355 8
912a679e4b9b1d1a75170254fd675b8c24b664d80ad7ea7e460241a23535a406,37471 8 37481 8 37727 8 37737 8 37979 28 38235 28 38491 30 38747 30 39003 30 39259 30 39515 30 39771 30 40027 30 40283 30 40543 2 40549 20 40799 2 40805 20 41063 18 41319 18 41575 16 41831 16 42087 16 42343 16 42599 14 42855 14 43111 12 43367 12 43625 8 43881 8
912a679e4b9b1d1a75170254fd675b8c24b664d80ad7ea7e460241a23535a406,25195 10 25451 10 25705 14 25961 14 26215 18 26471 18 26727 18 26983 18 27237 20 27493 20 27743 26 27999 26 28253 28 28509 28 28765 28 29021 28 29277 26 29533 26 29789 18 30045 18 30301 18 30557 18 30813 18 31069 18 31327 14 31583 14 31841 12 32097 12
912a679e4b9b1d1a75170254fd675b8c24b664d80ad7ea7e460241a23535a406,95 10 351 10 607 10 863 10 1121 6 1377 6
912a679e4b9b1d1a75170254fd675b8c24b664d80ad7ea7e460241a23535a406,16489 4 16745 4 16997 12 17253 12 17507 16 17763 16 18019 16 18275 16 18531 16 18787 16 19043 18 19299 18 19557 16 19813 16 20071 12 20327 12 20583 10 20839 10 21089 12 21345 12 21599 14 21855 14 22111 14 22367 14 22623 14 22879 14 23137 12 23393 12 23649 10 23905 10
912a679e4b9b1d1a75170254fd675b8c24b664d80ad7ea7e460241a23535a406,63075 8 63331 8 63585 12 63841 12 64097 12 64353 12 64609 12 64865 12 65121 12 65377 12
912a679e4b9b1d1a75170254fd675b8c24b664d80ad7ea7e460241a23535a406,4715 2 4971 2 5223 10 5479 10 5733 16 5989 16 6245 20 6501 20 6757 24 7013 24 7271 26 7527 26 7785 26 8041 26 8297 26 8553 26 8813 22 9069 22 9327 18 9583 18 9851 4 10107 4
912a679e4b9b1d1a75170254fd675b8c24b664d80ad7ea7e460241a23535a406,11383 6 11639 6 11891 14 12147 14 12401 18 12657 18 12913 18 13169 18 13425 18 13681 18 13937 16 14193 16 14453 10 14709 10 14973 4 15229 4 15483 8 15739 8 15993 12 16249 12 16505 12 16761 12 17015 14 17271 14 17529 14 17785 14 18041 14 18297 14 18555 14 18811 14 19067 16 19323 16 19579 16 19835 16 20091 16 20347 16 20603 16 20859 16 21115 14 21371 14 21629 12 21885 12
912a679e4b9b1d1a75170254fd675b8c24b664d80ad7ea7e460241a23535a406,41087 10 41343 10 41597 14 41853 14 42109 16 42365 16 42621 16 42877 16 43133 16 43389 16 43647 14 43903 14 44161 10 44417 10
912a679e4b9b1d1a75170254fd675b8c24b664d80ad7ea7e460241a23535a406,55435 16 55691 16 55943 22 56199 22 56453 26 56709 26 56963 28 57219 28 57473 32 57729 32 57985 32 58241 32 58497 32 58753 32 59009 32 59265 32 59521 32 59777 32 60033 30 60289 30 60545 28 60801 28 61059 22 61315 22 61575 12 61831 12
912a679e4b9b1d1a75170254fd675b8c24b664d80ad7ea7e460241a23535a406,37513 10 37769 10 38025 12 38281 12 38535 14 38791 14 39047 14 39303 14 39561 12 39817 12 40073 12 40329 12
912a679e4b9b1d1a75170254fd675b8c24b664d80ad7ea7e460241a23535a406,3217 10 3473 10 3727 14 3983 14 4237 16 4493 16 4749 18 5005 18 5261 18 5517 18 5773 16 6029 16 6285 16 6541 16 6797 14 7053 14 7311 12 7567 12 7827 4 8083 4
912a679e4b9b1d1a75170254fd675b8c24b664d80ad7ea7e460241a23535a406,31379 8 31635 8 31887 16 32143 16 32397 18 32653 18 32909 18 33165 18 33421 20 33677 20 33933 20 34189 20 34445 20 34701 20 34959 16 35215 16 35471 16 35727 16 35985 12 36241 12
912a679e4b9b1d1a75170254fd675b8c24b664d80ad7ea7e460241a23535a406,22679 2 22935 2 23187 10 23443 10 23697 14 23953 14 24207 18 24463 18 24719 18 24975 18 25231 18 25487 18 25743 18 25999 18 26257 14 26513 14 26771 10 27027 10
912a679e4b9b1d1a75170254fd675b8c24b664d80ad7ea7e460241a23535a406,8861 12 9117 12 9371 16 9627 16 9883 18 10139 18 10393 20 10649 20 10905 20 11161 20 11417 20 11673 20 11929 18 12185 18 12441 18 12697 18 12953 16 13209 16 13469 10 13725 10
912a679e4b9b1d1a75170254fd675b8c24b664d80ad7ea7e460241a23535a406,18079 4 18335 4 18589 10 18845 10 19099 14 19355 14 19611 16 19867 16 20123 16 20379 16 20635 16 20891 16 21149 12 21405 12
912a679e4b9b1d1a75170254fd675b8c24b664d80ad7ea7e460241a23535a406,41129 8 41385 8 41639 12 41895 12 42149 16 42405 16 42661 18 42917 18 43171 20 43427 20 43685 18 43941 18 44197 16 44453 16 44711 14 44967 14 45225 10 45481 10
912a679e4b9b1d1a75170254fd675b8c24b664d80ad7ea7e460241a23535a406,169 16 425 16 679 18 935 18 1191 18 1447 18 1703 18 1959 18 2215 18 2471 18 2729 16 2985 16 3243 12 3499 12
912a679e4b9b1d1a75170254fd675b8c24b664d80ad7ea7e460241a23535a406,24243 2 24499 2 24749 12 25005 12 25259 16 25515 16 25769 18 26025 18 26281 18 26537 18 26793 18 27049 18 27307 14 27563 14 27823 6 28079 6
912a679e4b9b1d1a75170254fd675b8c24b664d80ad7ea7e460241a23535a406,28851 10 29107 10 29359 16 29615 16 29867 20 30123 20 30379 20 30635 20 30891 20 31147 20 31403 20 31659 20 31917 16 32173 16 32429 16 32685 16 32947 6 33203 6
912a679e4b9b1d1a75170254fd675b8c24b664d80ad7ea7e460241a23535a406,16561 14 16817 14 17071 18 17327 18 17583 18 17839 18 18093 20 18349 20 18605 20 18861 20 19117 20 19373 20 19631 16 19887 16 20143 14 20399 14 20661 6 20917 6
912a679e4b9b1d1a75170254fd675b8c24b664d80ad7ea7e460241a23535a406,10935 8 11191 8 11445 12 11701 12 11957 12 12213 12 12469 14 12725 14 12981 14 13237 14 13495 10 13751 10
912a679e4b9b1d1a75170254fd675b8c24b664d80ad7ea7e460241a23535a406,30441 4 30697 4 30951 12 31207 12 31463 14 31719 14 31975 14 32231 14 32449 12 32467 12 32487 14 32705 12 32723 12 32743 14 32959 36 32999 14 33215 36 33255 14 33469 56 33725 56 33981 52 34237 52 34493 50 34749 50 35005 50 35261 50 35519 10 35531 36 35775 10 35787 36 36031 8 36045 16 36065 12 36287 8 36301 16 36321 12 36559 8 36577 12 36815 8 36833 12 37089 12 37345 12 37601 10 37857 10 38115 6 38371 6
912a679e4b9b1d1a75170254fd675b8c24b664d80ad7ea7e460241a23535a406,18627 10 18883 10 19139 12 19395 12 19651 20 19907 20 20161 24 20417 24 20673 26 20929 26 21185 26 21441 26 21699 8 21709 14 21955 8 21965 14 22225 8 22481 8
912a679e4b9b1d1a75170254fd675b8c24b664d80ad7ea7e460241a23535a406,37067 2 37323 2 37575 12 37831 12 38087 12 38343 12 38599 12 38855 12 39111 12 39367 12 39623 12 39879 12 40137 10 40149 8 40393 10 40405 8 40659 12 40915 12 41169 14 41425 14 41681 14 41937 14 42193 14 42449 14 42705 14 42961 14 43217 14 43473 14 43729 14 43985 14 44243 10 44499 10
912a679e4b9b1d1a75170254fd675b8c24b664d80ad7ea7e460241a23535a406,53973 4 54229 4 54481 12 54737 12 54993 14 55249 14 55505 14 55761 14 56017 14 56273 14 56529 14 56785 14 57043 10 57299 10
912a679e4b9b1d1a75170254fd675b8c24b664d80ad7ea7e460241a23535a406,58087 14 58343 14 58595 22 58851 22 59103 28 59359 28 59611 32 59867 32 60121 34 60377 34 60633 34 60889 34 61147 32 61403 32 61665 24 61921 24 62181 20 62437 20 62695 20 62951 20 63207 22 63463 22 63719 24 63975 24 64231 24 64487 24 64743 24 64999 24 65257 22 65513 22
912a679e4b9b1d1a75170254fd675b8c24b664d80ad7ea7e460241a23535a406,62683 4 62939 4 63195 6 63451 6 63707 4 63963 4
912a679e4b9b1d1a75170254fd675b8c24b664d80ad7ea7e460241a23535a406,9443 10 9699 10 9955 10 10211 10 10467 12 10723 12 10979 12 11235 12 11493 10 11749 10 12007 6 12263 6
9ab2d381f90b485a68b82bc07f94397a0373e3215ad20935a958738e55f3cfc2,248329 40 248841 40 249353 40 249865 40 250377 40 250881 56 251393 56 251905 56 252417 56 252929 56 253441 60 253953 60 254465 60 254977 60 255489 60 256001 64 256513 64 257025 64 257537 64 258049 64 258561 64 259073 64 259585 64 260097 64 260609 64 261121 64 261633 64 262145 64 262657 64 263169 64 263681 68 264193 68 264705 68 265217 68 265729 68 266241 68 266753 68 267265 68 267777 68 268289 68 268801 64 269313 64 269825 64 270337 64 270849 64 271361 64 271873 64 272385 64 272897 64 273409 64 273921 64 274433 64 274945 64 275457 64 275969 64 276481 60 276993 60 277505 60 278017 60 278529 60 279041 56 279553 56 280065 56 280577 56 281089 56 281605 48 282117 48 282629 48 283141 48 283653 48 284169 36 284681 36 285193 36 285705 36 286217 36 286733 24 287245 24 287757 24 288269 24 288781 24
9ab2d381f90b485a68b82bc07f94397a0373e3215ad20935a958738e55f3cfc2,135757 12 136269 12 136781 12 137293 12 137805 12 138309 32 138821 32 139333 32 139845 32 140357 32 140865 40 141377 40 141889 40 142401 40 142913 40 143421 52 143933 52 144445 52 144957 52 145469 52 145977 68 146489 68 147001 68 147513 68 148025 68 148533 40 148585 24 149045 40 149097 24 149557 40 149609 24 150069 40 150121 24 150581 40 150633 24 151089 44 151145 28 151601 44 151657 28 152113 44 152169 28 152625 44 152681 28 153137 44 153193 28 153649 44 153705 32 154161 44 154217 32 154673 44 154729 32 155185 44 155241 32 155697 44 155753 32 156209 48 156261 40 156721 48 156773 40 157233 48 157285 40 157745 48 157797 40 158257 48 158309 40 158769 92 159281 92 159793 92 160305 92 160817 92 161329 92 161841 92 162353 92 162865 92 163377 92 163889 96 164401 96 164913 96 165425 96 165937 96 166445 100 166957 100 167469 100 167981 100 168493 100 169005 96 169517 96 170029 96 170541 96 171053 96 171565 96 172077 96 172589 96 173101 96 173613 96 174125 96 174637 96 175149 96 175661 96 176173 96 176685 96 177197 96 177709 96 178221 96 178733 96 179249 92 179761 92 180273 92 180785 92 181297 92 181809 88 182321 88 182833 88 183345 88 183857 88 184369 84 184881 84 185393 84 185905 84 186417 84 186933 76 187445 76 187957 76 188469 76 188981 76 189497 68 190009 68 190521 68 191033 68 191545 68 192065 56 192577 56 193089 56 193601 56 194113 56 194637 40 195149 40 195661 40 196173 40 196685 40
9ab2d381f90b485a68b82bc07f94397a0373e3215ad20935a958738e55f3cfc2,256197 36 256709 36 257221 36 257733 36 258245 36 258749 52 259261 52 259773 52 260285 52 260797 52 261301 64 261813 64 262325 64 262837 64 263349 64 263861 68 264373 68 264885 68 265397 68 265909 68 266417 76 266929 76 267441 76 267953 76 268465 76 268973 84 269485 84 269997 84 270509 84 271021 84 271533 84 272045 84 272557 84 273069 84 273581 84 274093 88 274605 88 275117 88 275629 88 276141 88 276649 92 277161 92 277673 92 278185 92 278697 92 279209 92 279721 92 280233 92 280745 92 281257 92 281769 96 282281 96 282793 96 283305 96 283817 96 284329 96 284841 96 285353 96 285865 96 286377 96 286893 92 287405 92 287917 92 288429 92 288941 92 289453 92 289965 92 290477 92 290989 92 291501 92 292013 96 292525 96 293037 96 293549 96 294061 96 294573 96 295085 96 295597 96 296109 96 296621 96 297137 88 297649 88 298161 88 298673 88 299185 88 299697 88 300209 88 300721 88 301233 88 301745 88 302257 84 302769 84 303281 84 303793 84 304305 84 304821 72 305333 72 305845 72 306357 72 306869 72 307381 64 307893 64 308405 64 308917 64 309429 64 309945 52 310457 52 310969 52 311481 52 311993 52 312509 40 313021 40 313533 40 314045 40 314557 40 315073 16 315585 16 316097 16 316609 16 317121 16
9f17aea854db13015d19b34cb2022cfdeda44133323fcd6bb3545f7b9404d8ab,155177 12 155245 28 155689 12 155757 28 156201 12 156269 28 156713 12 156781 28 157225 12 157293 28 157729 36 157793 48 158241 36 158305 48 158753 36 158817 48 159265 36 159329 48 159777 36 159841 48 160281 56 160349 56 160793 56 160861 56 161305 56 161373 56 161817 56 161885 56 162329 56 162397 56 162841 56 162909 56 163349 132 163861 132 164373 132 164885 132 165397 132 165905 136 166417 136 166929 136 167441 136 167953 136 168465 136 168977 136 169489 136 170001 136 170513 136 171025 136 171537 136 172049 136 172561 136 173073 136 173585 136 174097 132 174609 132 175121 132 175633 132 176145 132 176657 76 176769 8 177169 76 177281 8 177681 76 177793 8 178193 76 178305 8 178705 76 178817 8 179217 76 179329 8 179717 36 179781 12 180229 36 180293 12 180741 36 180805 12 181253 36 181317 12 181765 36 181829 12 182277 40 182789 40 183301 40 183813 40 184325 40 184833 48 185345 48 185857 48 186369 48 186881 48 187393 48 187905 48 188417 48 188929 48 189441 48 189953 48 190465 48 190977 48 191489 48 192001 48 192513 48 193029 40 193541 40 194053 40 194565 40 195077 40 195589 40
9f17aea854db13015d19b34cb2022cfdeda44133323fcd6bb3545f7b9404d8ab,209413 12 209925 12 210437 12 210949 12 211461 12 211969 24 212481 24 212993 24 213505 24 214017 24 214529 24 215041 24 215553 24 216065 24 216577 24 217089 24 217601 28 218113 28 218625 28 219137 28 219649 28 220161 28 220673 28 221185 28 221697 28 222209 28 222721 28 223233 28 223745 28 224257 28 224769 28 225281 28 225793 24 226305 24 226817 24 227329 24 227841 24 228353 24 228865 24 229377 24 229889 24 230401 24 230913 24 231425 20 231937 20 232449 20 232961 20 233473 20 233985 12 234497 12 235009 12 235521 12 236033 12 236549 4 237061 4 237573 4 238085 4 238597 4 239109 4
9f17aea854db13015d19b34cb2022cfdeda44133323fcd6bb3545f7b9404d8ab,255517 20 256029 20 256541 20 257053 20 257565 20 258077 20 258577 36 259089 36 259601 36 260113 36 260625 36 261137 40 261649 40 262161 40 262673 40 263185 40 263693 44 264205 44 264717 44 265229 44 265741 44 266253 44 266757 56 267269 56 267781 56 268293 56 268805 56 269313 20 269345 28 269825 20 269857 28 270337 20 270369 28 270849 20 270881 28 271361 20 271393 28 271873 16 271909 24 272385 16 272421 24 272897 16 272933 24 273409 16 273445 24 273921 16 273957 24 274433 16 274469 24 274949 8 274977 24 275461 8 275489 24 275973 8 276001 24 276485 8 276513 24 276997 8 277025 24 277509 52 278021 52 278533 52 279045 52 279557 52 280073 44 280585 44 281097 44 281609 44 282121 44 282633 44 283149 28 283661 28 284173 28 284685 28 285197 28 285713 12 286225 12 286737 12 287249 12 287761 12
9f17aea854db13015d19b34cb2022cfdeda44133323fcd6bb3545f7b9404d8ab,331781 4 332293 4 332805 4 333317 4 333829 4 334337 12 334849 12 335361 12 335873 12 336385 12 336897 12 337409 12 337921 12 338433 12 338945 12 339457 12 339969 8 340481 8 340993 8 341505 8 342017 8
9f17aea854db13015d19b34cb2022cfdeda44133323fcd6bb3545f7b9404d8ab,223281 28 223793 28 224305 28 224817 28 225329 28 225833 36 226345 36 226857 36 227369 36 227881 36 228385 44 228897 44 229409 44 229921 44 230433 44 230945 44 231457 44 231969 44 232481 44 232993 44 233505 44 234017 40 234529 40 235041 40 235553 40 236065 40 236577 36 237089 36 237601 36 238113 36 238625 36 239137 36 239649 32 240161 32 240673 32 241185 32 241697 32 242213 24 242725 24 243237 24 243749 24 244261 24 244781 4 245293 4 245805 4 246317 4 246829 4
9f17aea854db13015d19b34cb2022cfdeda44133323fcd6bb3545f7b9404d8ab,307277 28 307789 28 308301 28 308813 28 309325 28 309837 28 310341 40 310853 40 311365 40 311877 40 312389 40 312893 52 313405 52 313917 52 314429 52 314941 52 315453 52 315965 52 316477 52 316989 52 317501 52 318013 52 318521 52 319033 52 319545 52 320057 52 320569 52 321081 52 321593 52 322105 52 322617 52 323129 52 323637 52 324149 52 324661 52 325173 52 325685 52 326197 52 326709 44 327221 44 327733 44 328245 44 328757 44 329273 32 329785 32 330297 32 330809 32 331321 32
9f17aea854db13015d19b34cb2022cfdeda44133323fcd6bb3545f7b9404d8ab,65 12 577 12 1089 12 1601 12 2113 12 2625 16 3137 16 3649 16 4161 16 4673 16 5185 16 5697 16 6209 16 6721 16 7233 16 7745 16 8261 8 8773 8 9285 8 9797 8 10309 8
9f17aea854db13015d19b34cb2022cfdeda44133323fcd6bb3545f7b9404d8ab,193141 16 193653 16 194165 16 194677 16 195189 16 195701 16 196205 32 196717 32 197229 32 197741 32 198253 32 198757 40 199269 40 199781 40 200293 40 200805 40 201313 44 201825 44 202337 44 202849 44 203361 44 203873 40 204385 40 204897 40 205409 40 205921 40 206433 40 206945 36 207457 36 207969 36 208481 36 208993 36 209505 28 210017 28 210529 28 211041 28 211553 28 212077 4 212589 4 213101 4 213613 4 214125 4 214637 4
9f17aea854db13015d19b34cb2022cfdeda44133323fcd6bb3545f7b9404d8ab,122505 20 123017 20 123529 20 124041 20 124553 20 125053 36 125565 36 126077 36 126589 36 127101 36 127613 36 128121 36 128633 36 129145 36 129657 36 130169 36 130677 40 131189 40 131701 40 132213 40 132725 40 133237 36 133749 36 134261 36 134773 36 135285 36 135797 36
9f17aea854db13015d19b34cb2022cfdeda44133323fcd6bb3545f7b9404d8ab,76557 20 77069 20 77581 20 78093 20 78605 20 79113 32 79625 32 80137 32 80649 32 81161 32 81669 40 82181 40 82693 40 83205 40 83717 40 84229 40 84741 40 85253 40 85765 40 86277 40 86789 40 87301 36 87813 36 88325 36 88837 36 89349 36 89861 36 90373 36 90885 36 91397 36 91909 36 92421 36 92945 20 93457 20 93969 20 94481 20 94993 20 95509 28 96021 28 96533 28 97045 28 97557 28 98061 72 98573 72 99085 72 99597 72 100109 72 100621 72 101129 92 101641 92 102153 92 102665 92 103177 92 103685 136 104197 136 104709 136 105221 136 105733 136 106237 152 106749 152 107261 152 107773 152 108285 152 108797 152 109305 80 109397 64 109817 80 109909 64 110329 80 110421 64 110841 80 110933 64 111353 80 111445 64 111865 24 111909 32 111953 68 112377 24 112421 32 112465 68 112889 24 112933 32 112977 68 113401 24 113445 32 113489 68 113913 24 113957 32 114001 68 114385 20 114417 28 114469 112 114897 20 114929 28 114981 112 115409 20 115441 28 115493 112 115921 20 115953 28 116005 112 116433 20 116465 28 116517 112 116933 72 117021 116 117445 72 117533 116 117957 72 118045 116 118469 72 118557 116 118981 72 119069 116 119493 72 119581 116 119993 80 120081 128 120505 80 120593 128 121017 80 121105 128 121529 80 121617 128 122041 80 122129 128 122549 212 123061 212 123573 212 124085 212 124597 212 125105 208 125617 208 126129 208 126641 208 127153 208 127665 208 128173 148 128685 148 129197 148 129709 148 130221 148 130729 152 131241 152 131753 152 132265 152 132777 152 133289 148 133801 148 134313 148 134825 148 135337 148 135849 148 136361 144 136873 144 137385 144 137897 144 138409 144 138925 32 138977 80 139437 32 139489 80 139949 32 140001 80 140461 32 140513 80 140973 32 141025 80 141545 68 142057 68 142569 68 143081 68 143593 68 144105 68 144617 60 145129 60 145641 60 146153 60 146665 60 147181 44 147693 44 148205 44 148717 44 149229 44 149741 36 150253 36 150765 36 151277 36 151789 36 152301 36 152805 16 152833 20 153317 16 153345 20 153829 16 153857 20 154341 16 154369 20 154853 16 154881 20 155357 24 155393 20 155869 24 155905 20 156381 24 156417 20 156893 24 156929 20 157405 24 157441 20 157909 68 158421 68 158933 68 159445 68 159957 68 160461 72 160973 72 161485 72 161997 72 162509 72 163021 72 163529 72 164041 72 164553 72 165065 72 165577 72 166089 52 166601 52 167113 52 167625 52 168137 52 168613 24 168645 52 169125 24 169157 52 169637 24 169669 52 170149 24 170181 52 170661 24 170693 52 171173 24 171205 52 171681 84 172193 84 172705 84 173217 84 173729 84 174237 88 174749 88 175261 88 175773 88 176285 88 176793 88 177305 88 177817 88 178329 88 178841 88 179353 88 179861 88 180373 88 180885 88 181397 88 181909 88 182421 40 182469 32 182933 40 182981 32 183445 40 183493 32 183957 40 184005 32 184469 40 184517 32 184977 40 185037 12 185489 40 185549 12 186001 40 186061 12 186513 40 186573 12 187025 40 187085 12 187537 40 187597 12 188049 36 188561 36 189073 36 189585 36 190097 36 190609 32 191121 32 191633 32 192145 32 192657 32 193169 24 193681 24 194193 24 194705 24 195217 24 195729 24 196265 28 196777 28 197289 28 197801 28 198313 28 198817 44 199329 44 199841 44 200353 44 200865 44 201373 52 201885 52 202397 52 202909 52 203421 52 203933 52 204445 52 204957 52 205469 52 205981 52 206493 52 207001 56 207513 56 208025 56 208537 56 209049 56 209561 56 210073 56 210585 56 211097 56 211609 56 212121 52 212633 52 213145 52 213657 52 214169 52 214681 52 215197 40 215709 40 216221 40 216733 40 217245 40 217765 28 218277 28 218789 28 219301 28 219813 28 220329 32 220841 32 221353 32 221865 32 222377 32 222889 32 223401 36 223913 36 224425 36 224937 36 225449 36 225961 36 226473 36 226985 36 227497 36 228009 36 228521 36 229033 36 229545 36 230057 36 230569 36 231081 36 231593 32 232105 32 232617 32 233129 32 233641 32 234161 20 234673 20 235185 20 235697 20 236209 20
9f17aea854db13015d19b34cb2022cfdeda44133323fcd6bb3545f7b9404d8ab,290981 28 291493 28 292005 28 292517 28 293029 28 293541 28 294045 44 294557 44 295069 44 295581 44 296093 44 296601 52 297113 52 297625 52 298137 52 298649 52 299161 56 299673 56 300185 56 300697 56 301209 56 301721 56 302229 60 302741 60 303253 60 303765 60 304277 60 304785 68 305297 68 305809 68 306321 68 306833 68 307345 64 307857 64 308369 64 308881 64 309393 64 309905 64 310421 60 310933 60 311445 60 311957 60 312469 60 312981 56 313493 56 314005 56 314517 56 315029 56 315545 48 316057 48 316569 48 317081 48 317593 48 318105 48 318629 16 319141 16 319653 16 320165 16 320677 16
9f17aea854db13015d19b34cb2022cfdeda44133323fcd6bb3545f7b9404d8ab,247513 16 248025 16 248537 16 249049 16 249561 16 250073 16 250585 16 251097 16 251609 16 252121 16 252633 16 253145 12 253657 12 254169 12 254681 12 255193 12
9f17aea854db13015d19b34cb2022cfdeda44133323fcd6bb3545f7b9404d8ab,5909 4 6421 4 6933 4 7445 4 7957 4 8457 36 8969 36 9481 36 9993 36 10505 36 11013 44 11525 44 12037 44 12549 44 13061 44 13573 44 14081 52 14593 52 15105 52 15617 52 16129 52 16641 52 17153 52 17665 52 18177 52 18689 52 19201 44 19713 44 20225 44 20737 44 21249 44 21765 16 22277 16 22789 16 23301 16 23813 16 24325 16
9f17aea854db13015d19b34cb2022cfdeda44133323fcd6bb3545f7b9404d8ab,296729 16 297241 16 297753 16 298265 16 298777 16 299285 28 299797 28 300309 28 300821 28 301333 28 301845 28 302357 32 302869 32 303381 32 303893 32 304405 32 304917 32 305429 32 305941 32 306453 32 306965 32 307481 24 307993 24 308505 24 309017 24 309529 24 310041 24
9f17aea854db13015d19b34cb2022cfdeda44133323fcd6bb3545f7b9404d8ab,250701 24 251213 24 251725 24 252237 24 252749 24 253253 32 253765 32 254277 32 254789 32 255301 32 255809 36 256321 36 256833 36 257345 36 257857 36 258369 36 258881 32 259393 32 259905 32 260417 32 260929 32 261457 8 261969 8 262481 8 262993 8 263505 8
9f17aea854db13015d19b34cb2022cfdeda44133323fcd6bb3545f7b9404d8ab,310649 8 311161 8 311673 8 312185 8 312697 8 313205 20 313717 20 314229 20 314741 20 315253 20 315761 28 316273 28 316785 28 317297 28 317809 28 318321 28 318809 52 319321 52 319833 52 320345 52 320857 52 321365 56 321877 56 322389 56 322901 56 323413 56 323925 60 324437 60 324949 60 325461 60 325973 60 326485 60 326997 56 327509 56 328021 56 328533 56 329045 56 329561 52 330073 52 330585 52 331097 52 331609 52 332125 44 332637 44 333149 44 333661 44 334173 44 334697 16 335209 16 335721 16 336233 16 336745 16 337257 16
9f17aea854db13015d19b34cb2022cfdeda44133323fcd6bb3545f7b9404d8ab,272281 24 272313 12 272793 24 272825 12 273305 24 273337 12 273817 24 273849 12 274329 24 274361 12 274841 24 274873 12 275345 60 275857 60 276369 60 276881 60 277393 60 277901 68 278413 68 278925 68 279437 68 279949 68 280461 72 280973 72 281485 72 281997 72 282509 72 283021 72 283533 76 284045 76 284557 76 285069 76 285581 76 286093 76 286605 76 287117 76 287629 76 288141 76 288653 76 289165 76 289677 76 290189 76 290701 76 291217 68 291729 68 292241 68 292753 68 293265 68 293777 68 294317 20 294829 20 295341 20 295853 20 296365 20
a4816cc1fb76cb3c5e481186833fc0ae9cf426a1406a2607e974e65e9cddba4f,23356 8 23875 8 24394 12 24913 12 25432 12 25951 12 26470 12 26989 12 27508 12 28027 12 28546 16 29065 16 29584 28 30103 28 30622 32 31141 32 31660 36 32179 36 32698 36 33217 36 33736 36 34255 36 34778 32 35297 32 35816 32 36335 32 36850 36 37369 36 37888 36 38407 36 38926 36 39445 36 39964 32 40483 32 41002 32 41521 32 42040 32 42559 32 43078 32 43597 32 44116 28 44635 28 45154 28 45673 28 46196 20 46715 20 47234 16 47753 16 48276 4 48795 4
a4816cc1fb76cb3c5e481186833fc0ae9cf426a1406a2607e974e65e9cddba4f,17 20 536 20 1051 29 1570 29 2089 33 2608 33 3127 33 3646 33 4165 33 4684 33 5203 33 5722 33 6241 33 6760 33 7279 33 7798 33 8313 37 8370 4 8832 37 8889 4 9351 37 9400 16 9870 37 9919 16 10389 37 10434 24 10908 37 10953 24 11427 37 11468 28 11946 37 11987 28 12465 37 12506 32 12984 37 13025 32 13503 73 14022 73 14545 69 15064 69 15583 69 16102 69 16621 29 16654 36 17140 29 17173 36 17663 20 17692 36 18182 20 18211 36 18709 4 18730 40 19228 4 19249 40 19768 40 20287 40 20806 40 21325 40 21844 40 22363 40 22882 40 23405 36 23924 36 24443 32 24962 32 25485 28 26004 28 26527 24 27046 24 27565 20 28084 20 28607 16 29126 16
a4816cc1fb76cb3c5e481186833fc0ae9cf426a1406a2607e974e65e9cddba4f,76841 17 77360 17 77875 21 78394 21 78913 25 79432 25 79947 29 80466 29 80985 33 81504 33 82023 33 82542 33 83061 33 83580 33 84099 33 84618 33 85137 33 85656 33 86175 33 86694 33 87213 33 87732 33 88255 29 88774 29 89293 29 89812 29 90331 29 90850 29 91369 29 91888 29 92407 25 92926 25 93449 17 93968 17
a4816cc1fb76cb3c5e481186833fc0ae9cf426a1406a2607e974e65e9cddba4f,38979 12 39498 12 40013 16 40532 16 41047 24 41566 24 42081 28 42600 28 43119 28 43638 28 44157 28 44676 28 45195 28 45714 28 46233 28 46752 28 47271 28 47790 28 48309 28 48828 28 49347 28 49379 16 49866 28 49898 16 50385 52 50904 52 51423 52 51942 52 52465 48 52984 48 53507 44 54026 44 54557 61 55076 61 55591 69 56110 69 56629 73 57148 73 57667 73 58186 73 58705 73 59224 73 59743 73 59901 16 60262 73 60420 16 60785 89 60935 24 61304 89 61454 24 61823 89 61973 24 62342 89 62492 24 62885 65 63011 24 63404 65 63530 24 63923 69 64045 32 64442 69 64564 32 64965 65 65083 32 65484 65 65602 32 66011 8 66036 28 66121 32 66555 28 66640 32 67074 28 67159 32 67593 28 67678 32 68112 28 68197 32 68627 36 68675 12 68716 36 69146 36 69194 12 69235 36 69665 36 69705 20 69754 36 70184 36 70224 20 70273 36 70703 64 70792 36 71222 64 71311 36 71741 64 71830 36 72260 64 72349 36 72779 64 72868 36 73298 64 73387 36 73817 64 73902 40 74336 64 74421 40 74855 64 74940 40 75374 64 75459 40 75893 64 75978 40 76412 64 76497 40 76931 69 77016 36 77450 69 77535 36 77969 69 78054 36 78488 69 78573 36 79007 69 79092 36 79526 69 79611 36 80041 125 80560 125 81079 125 81598 125 82117 125 82636 125 83155 125 83674 125 84193 125 84712 125 85231 125 85750 125 86269 121 86788 121 87307 121 87826 121 88345 32 88397 69 88864 32 88916 69 89383 28 89439 61 89902 28 89958 61 90421 28 90477 61 90940 28 90996 61 91459 28 91515 57 91978 28 92034 57 92501 24 92553 57 93020 24 93072 57 93539 24 93591 57 94058 24 94110 57 94577 24 94629 57 95096 24 95148 57 95615 24 95671 53 96134 24 96190 53 96653 24 96709 53 97172 24 97228 53 97695 16 97755 5 97772 28 98214 16 98274 5 98291 28 98737 8 98810 28 99256 8 99329 28 99848 28 100367 28 100886 24 101405 24 101924 24 102443 24 102966 20 103485 20 104004 16 104523 16 105050 4 105569 4
a4816cc1fb76cb3c5e481186833fc0ae9cf426a1406a2607e974e65e9cddba4f,67544 12 68063 12 68578 20 69097 20 69616 24 70135 24 70650 28 71169 28 71688 28 72207 28 72726 28 73245 28 73760 32 74279 32 74798 32 75317 32 75836 32 76355 32 76874 32 77393 32 77912 32 78431 32 78950 32 79469 32 79988 32 80507 32 81026 32 81545 32 82064 32 82583 32 83106 24 83625 24 84144 24 84663 24 85182 24 85701 24 86220 28 86739 28 87258 28 87777 28 88296 28 88815 28 89334 32 89853 32 90372 32 90891 32 91410 32 91929 32 92448 32 92967 32 93486 32 94005 32 94524 32 95043 32 95558 36 96077 36 96592 36 97111 36 97626 40 98145 40 98660 40 99179 40 99698 40 100217 40 100736 36 101255 36 101770 40 102289 40 102808 40 103327 40 103846 40 104365 40 104884 40 105403 40 105922 40 106441 40 106960 40 107479 40 108002 32 108521 32 109040 32 109559 28 110078 28 110601 20 111120 20 111639 20 112158 20 112673 24 113192 24 113707 32 114226 32 114745 32 115264 32 115779 40 116298 40 116817 44 117336 44 117855 44 118374 44 118893 44 119412 44 119931 48 120450 48 120969 48 121488 48 122007 48 122526 48 123045 48 123564 48 124083 48 124602 48 125125 44 125644 44 126163 48 126682 48 127205 44 127724 44 128243 48 128762 48 129285 44 129804 44 130331 36 130850 36
a4816cc1fb76cb3c5e481186833fc0ae9cf426a1406a2607e974e65e9cddba4f,123 28 642 28 1157 36 1676 36 2195 36 2714 36 3233 36 3752 36 4271 36 4790 36 5309 36 5828 36 6351 32 6870 32 7389 36 7908 36 8427 40 8946 40 9465 44 9984 44 10503 44 11022 44 11545 44 12064 44 12587 40 12635 13 13106 40 13154 13 13625 65 14144 65 14663 65 15182 65 15701 69 16220 69 16739 69 17258 69 17777 69 18296 69 18815 69 19334 69 19853 69 20372 69 20891 69 21410 69 21929 69 22448 28 22480 37 22967 28 22999 37 23478 32 23518 37 23997 32 24037 37 24512 32 24556 37 25031 32 25075 37 25546 32 25598 33 26065 32 26117 33 26579 37 26636 37 27098 37 27155 37 27617 41 27674 41 28136 41 28193 41 28651 45 28716 37 29170 45 29235 37 29689 45 29754 37 30208 45 30273 37 30723 49 30796 33 31242 49 31315 33 31761 49 31834 33 32280 49 32353 33 32799 49 32872 33 33318 49 33391 33 33837 49 33910 33 34356 49 34429 33 34879 45 34948 33 35398 45 35467 33 35917 45 35986 29 36436 45 36505 29 36972 32 37024 29 37491 32 37543 29 38014 32 38062 29 38533 32 38581 29 39052 32 39100 29 39571 32 39619 29 40090 32 40138 25 40609 32 40657 25 41124 36 41176 25 41643 36 41695 25 42162 36 42218 17 42681 36 42737 17 43200 36 43256 17 43719 36 43775 17 44238 36 44757 36 45276 36 45795 36 46314 36 46833 36 47352 36 47871 36 48390 32 48909 32 49428 32 49947 32 50470 24 50989 24 51512 16 52031 16
a4816cc1fb76cb3c5e481186833fc0ae9cf426a1406a2607e974e65e9cddba4f,107085 4 107604 4 108115 20 108634 20 109153 25 109668 33 110187 33 110706 33 111225 33 111744 33 112263 33 112782 37 113301 37 113792 20 113816 41 114311 20 114335 41 114830 65 115349 65 115864 69 116383 69 116902 65 117421 65 117940 65 118459 65 118974 69 119493 69 120012 65 120531 65 121050 44 121569 44 122088 44 122607 44 123126 40 123645 40 124164 40 124683 40 125202 40 125721 40 126240 36 126759 36 127278 32 127797 32 128320 24 128839 24 129358 20 129877 20
a4816cc1fb76cb3c5e481186833fc0ae9cf426a1406a2607e974e65e9cddba4f,19950 16 20469 16 20984 24 21503 24 22018 28 22537 28 23056 28 23575 28 24094 28 24613 28 25132 28 25651 28 26170 28 26689 28 27208 28 27727 28 28246 28 28761 32 29280 32 29799 32 30318 32 30837 32 31356 32 31875 32 32394 32 32917 28 33436 28 33955 28 34474 28 34993 28 35512 28 36035 28 36554 28 37073 28 37592 28 38111 28 38152 20 38630 28 38671 20 39149 61 39668 61 40187 65 40706 65 41225 65 41744 65 42259 69 42778 69 43297 69 43816 69 44335 69 44854 69 45373 69 45892 69 46411 69 46930 69 47449 69 47968 69 48491 61 49010 61 49533 12 49549 41 50052 12 50068 41 50591 33 51110 33 51633 29 52152 29 52675 21 53194 21
a4816cc1fb76cb3c5e481186833fc0ae9cf426a1406a2607e974e65e9cddba4f,72920 9 73439 9 73950 21 74469 21 74984 25 75503 25 76022 29 76541 29 77060 29 77579 29 78094 33 78613 33 79132 33 79651 33 80170 37 80689 37 81208 37 81727 37 82246 37 82765 37 83284 37 83803 37 84326 33 84845 33 85364 33 85883 33 86402 33 86921 33 87440 33 87959 33 88478 33 88997 33 89516 33 90035 33 90554 29 91073 29 91596 25 91637 16 92115 25 92156 16 92634 25 92667 28 93153 25 93186 28 93676 57 94195 57 94727 44 95246 44 95765 44 96284 44 96803 44 97322 44 97841 44 98360 44 98879 44 99398 44 99917 40 100436 40 100951 44 101470 44 101989 40 102508 40 103027 40 103546 40 104065 36 104584 36 105107 28 105626 28 106145 24 106664 24 107187 16 107706 16
a4816cc1fb76cb3c5e481186833fc0ae9cf426a1406a2607e974e65e9cddba4f,252 25 771 25 1290 25 1809 25 2324 29 2843 29 3362 29 3881 29 4400 29 4919 29 5438 29 5957 29 6476 29 6995 29 7514 29 8033 29 8552 29 9071 29 9590 29 10109 29 10628 29 11147 29 11666 29 12185 29 12704 29 13223 29 13742 29 14261 29 14780 25 15299 25 15818 25 16337 25 16860 17 17379 17 17902 9 18421 9
a4816cc1fb76cb3c5e481186833fc0ae9cf426a1406a2607e974e65e9cddba4f,119128 20 119647 20 120162 28 120681 28 121196 32 121715 32 122234 36 122753 36 123272 36 123791 36 124310 36 124829 36 125348 40 125867 40 126386 40 126905 40 127424 40 127943 40 128466 32 128985 32 129508 28 130027 28 130550 20 131069 20
a4816cc1fb76cb3c5e481186833fc0ae9cf426a1406a2607e974e65e9cddba4f,49610 20 50129 20 50644 28 51163 28 51682 28 52201 28 52716 32 53235 32 53754 32 54273 32 54792 32 55311 32 55826 36 56345 36 56864 36 57383 36 57902 36 58421 36 58940 36 59459 36 59978 32 60497 32 61016 32 61535 32 62058 28 62577 28 63096 24 63615 24 64138 20 64657 20 65180 8 65699 8
a4816cc1fb76cb3c5e481186833fc0ae9cf426a1406a2607e974e65e9cddba4f,10701 17 11220 17 11731 29 12250 29 12765 37 13284 37 13799 41 14318 41 14837 45 15356 45 15871 49 16390 49 16909 49 17428 49 17947 61 18466 61 18985 65 19504 65 20023 69 20542 69 21061 69 21580 69 22099 69 22622 65 23141 65 23660 65 24179 65 24706 12 24726 37 25225 12 25245 37 25764 37 26283 37 26802 37 27321 37 27840 37 28359 37 28878 33 29397 33 29916 33 30435 33 30954 33 31473 33 31992 29 32511 29 33030 29 33549 29 34073 20 34592 20 35115 8 35634 8
a4816cc1fb76cb3c5e481186833fc0ae9cf426a1406a2607e974e65e9cddba4f,305 16 824 16 1343 20 1862 20 2381 16 2900 16
a4816cc1fb76cb3c5e481186833fc0ae9cf426a1406a2607e974e65e9cddba4f,101015 17 101534 17 102045 29 102564 29 103079 33 103598 33 104117 33 104636 33 105151 41 105670 41 106189 41 106708 41 107227 41 107746 41 108261 45 108780 45 109299 45 109818 45 110337 45 110856 45 111375 45 111894 45 112413 45 112932 45 113451 45 113970 53 114489 53 115012 57 115531 57 116050 61 116569 61 117096 53 117615 53 118142 49 118661 49 119180 49 119699 49 120218 49 120737 49 121256 49 121775 49 122294 49 122813 49 123332 49 123851 49 124370 49 124889 49 125408 49 125927 49 126446 45 126965 45 127488 41 128007 41 128526 41 129045 41 129569 32 130088 32 130615 12 131134 12
a4816cc1fb76cb3c5e481186833fc0ae9cf426a1406a2607e974e65e9cddba4f,63132 21 63651 21 64166 29 64685 29 65204 29 65723 29 66238 33 66757 33 67276 33 67795 33 68314 33 68833 33 69352 33 69867 33 70386 33 70905 33 71424 33 71943 33 72462 33 72981 29 73500 29 74019 29 74538 29 75057 29 75576 29 76095 25 76614 25 77133 21 77652 21 78175 13 78694 13
a4816cc1fb76cb3c5e481186833fc0ae9cf426a1406a2607e974e65e9cddba4f,81314 16 81833 16 82348 24 82396 8 82867 24 82915 8 83386 24 83430 16 83905 24 83949 16 84420 32 84464 25 84939 32 84983 25 85458 32 85498 29 85977 32 86017 29 86496 32 86532 33 87015 32 87051 33 87534 69 88053 69 88568 73 89087 73 89606 73 90125 73 90644 73 91163 73 91682 73 92201 73 92720 32 92756 37 93239 32 93275 37 93758 32 93798 33 94277 32 94317 33 94796 32 94836 33 95315 32 95355 33 95834 32 95874 33 96353 32 96393 33 96872 28 96916 24 97391 28 97435 24 97914 20 97958 20 98433 20 98477 20 98952 16 99000 8 99471 16 99519 8
a4816cc1fb76cb3c5e481186833fc0ae9cf426a1406a2607e974e65e9cddba4f,40325 12 40844 12 41359 20 41878 20 42397 20 42916 20 43431 28 43950 28 44469 28 44988 28 45507 28 46026 28 46545 28 47064 28 47579 32 48098 32 48617 32 49136 32 49655 28 50174 28 50693 28 51212 28 51731 28 52250 28 52769 28 53288 28 53807 28 54326 28 54845 28 55364 28 55887 20 56406 20 56925 20 57444 20 57967 12 58486 12
a4816cc1fb76cb3c5e481186833fc0ae9cf426a1406a2607e974e65e9cddba4f,374 41 893 41 1408 45 1927 45 2446 45 2965 45 3484 41 4003 41 4518 45 5037 45 5556 40 6075 40 6598 36 7117 36 7636 32 8155 32 8674 32 9193 32 9716 24 10235 24 10758 16 11277 16
a4816cc1fb76cb3c5e481186833fc0ae9cf426a1406a2607e974e65e9cddba4f,24808 16 25327 16 25842 24 26361 24 26880 28 27399 28 27913 33 28432 33 28951 33 29470 33 29985 37 30504 37 31023 37 31542 37 32061 37 32580 37 33099 37 33618 37 34133 41 34652 41 35171 37 35690 37 36209 37 36728 37 37251 29 37770 29 38289 29 38808 29 39327 25 39846 25 40369 17 40888 17
a4816cc1fb76cb3c5e481186833fc0ae9cf426a1406a2607e974e65e9cddba4f,47644 12 48163 12 48678 20 49197 20 49711 29 50230 29 50749 29 51268 29 51787 29 52306 29 52825 29 53344 29 53859 33 54378 33 54897 33 55416 33 55935 33 56454 33 56973 33 57492 33 58011 33 58530 33 59049 33 59568 33 60091 25 60610 25 61129 21 61648 21 62172 12 62691 12
a4816cc1fb76cb3c5e481186833fc0ae9cf426a1406a2607e974e65e9cddba4f,102143 12 102662 12 103177 20 103696 20 104215 24 104734 24 105249 28 105768 28 106287 28 106806 28 107325 32 107844 32 108363 32 108882 32 109401 32 109920 32 110439 32 110958 32 111477 32 111996 32 112515 32 113034 32 113553 32 114072 32 114591 32 115110 32 115629 32 116148 32 116667 32 117186 32 117705 32 118228 28 118747 28 119266 28 119785 28 120304 28 120823 28 121342 24 121861 24 122376 28 122895 28 123414 28 123933 28 124452 28 124971 28 125485 33 126004 33 126523 33 127042 33 127561 33 128080 33 128599 33 129118 33 129637 33 130156 33 130680 24 131199 24
a4816cc1fb76cb3c5e481186833fc0ae9cf426a1406a2607e974e65e9cddba4f,439 24 958 24 1473 32 1992 32 2507 36 3026 36 3545 36 4064 36 4583 36 5102 36 5621 36 6140 36 6659 36 7178 36 7697 36 8216 36 8735 32 9254 32 9773 32 10292 32 10811 28 11330 28 11853 24 12372 24 12895 16 13414 16 13937 4 14456 4
a4816cc1fb76cb3c5e481186833fc0ae9cf426a1406a2607e974e65e9cddba4f,66875 12 67394 12 67909 20 68428 20 68943 24 69462 24 69981 28 70500 28 71015 32 71534 32 72053 32 72572 32 73091 32 73610 32 74129 32 74648 32 75167 32 75686 32 76205 32 76724 32 77243 32 77762 32 78281 32 78800 32 79319 32 79838 32 80357 32 80876 32 81395 32 81914 32 82433 32 82952 32 83471 28 83990 28 84513 24 85032 24 85551 24 86070 24 86589 24 87108 24 87627 24 88146 24 88669 16 89188 16 89711 8 90230 8
a4816cc1fb76cb3c5e481186833fc0ae9cf426a1406a2607e974e65e9cddba4f,43536 16 44055 16 44570 24 45089 24 45608 24 46127 24 46646 24 47165 24 47680 28 48199 28 48718 28 49237 28 49756 28 50275 28 50794 28 51313 28 51832 28 52351 28 52866 32 53385 32 53904 32 54423 32 54942 28 55461 28 55980 28 56499 28 57018 28 57537 28 58056 28 58575 28 59094 24 59613 24 60132 24 60651 24 61170 24 61689 24 62212 16 62731 16 63254 8 63773 8
a4816cc1fb76cb3c5e481186833fc0ae9cf426a1406a2607e974e65e9cddba4f,23867 8 24386 8 24901 12 25420 12 25939 12 26458 12 26977 12 27496 12 28015 12 28534 12 29053 12 29572 12 30091 12 30610 12 31129 12 31648 12 32155 4 32167 12 32674 4 32686 12 33185 32 33704 32 34223 28 34742 28 35257 28 35776 28 36295 28 36814 28 37333 28 37852 28 38371 28 38890 28 39409 28 39928 28 40447 28 40966 28 41489 24 42008 24 42527 24 43046 24 43565 24 44084 24 44603 24 45122 24 45641 24 46160 24 46679 24 47198 24 47717 24 48236 24 48759 20 49278 20 49797 20 50316 20 50835 20 51354 20 51877 12 52396 12
a4816cc1fb76cb3c5e481186833fc0ae9cf426a1406a2607e974e65e9cddba4f,77316 12 77835 12 78350 20 78869 20 79384 24 79903 24 80422 24 80941 24 81456 28 81975 28 82494 28 83013 28 83532 28 84051 28 84570 28 85089 28 85604 32 86123 32 86642 32 87161 32 87680 32 88199 32 88718 32 89237 32 89756 28 90275 28 90794 28 91313 28 91832 28 92351 28 92870 28 93389 28 93908 28 94427 28 94946 24 95465 24 95988 20 96507 20 97026 16 97545 16
a4816cc1fb76cb3c5e481186833fc0ae9cf426a1406a2607e974e65e9cddba4f,110013 12 110532 12 111047 16 111566 16 112081 24 112600 24 113119 24 113638 24 114157 24 114676 24 115195 24 115714 24 116233 24 116752 24 117271 24 117790 24 118309 24 118828 24 119347 24 119866 24 120385 24 120904 24 121423 24 121942 24 122461 24 122980 24 123503 20 124022 20 124541 20 125060 20 125579 20 126098 20 126617 20 127136 20 127655 20 128174 20 128693 20 129212 20 129727 24 130246 24 130769 16 131288 16
a984e7fb886aa02e29d112766d3ce26a4f78eac540ce7bbdbd42af2761928f6d,5 12 46 24 520 16 544 8 561 28 1039 16 1063 8 1080 28 1558 36 1599 28 2077 36 2118 28 2596 36 2637 28 3115 69 3634 69 4153 16 4173 49 4672 16 4692 49 5191 16 5211 49 5710 16 5730 49 6229 16 6249 49 6748 69 7267 69 7786 69 8305 69 8824 69 9343 12 9359 53 9866 4 9878 29 9915 12 10401 25 10434 12 10920 29 10953 8 11439 29 11472 8 11958 41 12477 41 12996 41 13519 37 14038 37 14557 37 15076 33 15595 33 16114 33 16633 33 17152 29 17671 29 18186 33 18701 37 19220 37 19735 41 20250 41 20769 41 21288 41 21807 41 22326 41 22845 41 23364 41 23883 41 24398 45 24917 45 25436 45 25955 45 26474 45 26993 45 27512 41 28031 41 28550 37 29069 37 29588 24 30107 20 30626 20 31145 20 31186 16 31664 20 31705 16 32183 20 32220 24 32702 20 32739 24 33217 24 33258 24 33736 24 33772 29 34255 24 34291 29 34774 24 34810 29 35293 24 35329 29 35812 24 35848 29 36331 20 36367 29 36850 20 36886 29 37369 12 37405 29 37888 12 37924 29 38407 12 38443 29 38930 8 38962 29 39449 8 39481 29 39968 8 40000 29 40487 8 40499 12 40524 24 41006 28 41043 24 41525 32 41566 20 42044 32 42085 20 42563 32 42604 20 43082 32 43123 20 43601 32 43646 16 44120 32 44165 16 44639 32 44684 20 45158 32 45199 24 45677 32 45718 24 46196 32 46237 20 46715 32 46756 20 47234 32 47275 20 47753 32 47794 20 48268 36 48313 20 48787 36 48832 20 49306 36 49351 20 49825 36 49870 20 49918 12 50344 36 50389 20 50437 12 50863 41 50908 20 50952 20 51382 12 51402 25 51431 16 51471 20 51901 12 51921 25 51950 16 51990 20 52420 12 52440 25 52473 12 52509 20 52943 8 52959 25 52992 12 53028 20 53462 8 53478 25 53511 16 53547 20 53981 8 53997 25 54026 24 54066 20 54500 8 54516 25 54545 24 54585 20 55015 12 55039 21 55064 60 55534 12 55558 85 56053 12 56077 85 56572 12 56596 85 57091 12 57115 85 57614 8 57634 85 58153 85 58676 17 58697 60 59171 8 59195 17 59216 60 59690 8 59714 17 59735 60 60209 16 60233 13 60254 16 60278 36 60728 16 60756 4 60773 16 60797 36 61243 24 61292 16 61312 40 61762 24 61811 60 62281 24 62330 60 62800 24 62845 40 62889 20 63319 24 63364 40 63408 20 63838 28 63883 36 63923 24 64357 28 64402 36 64442 24 64876 28 64921 32 64961 24 65395 28 65440 28 65480 24 65914 28 65959 24 65999 24 66433 32 66478 24 66518 24 66952 32 66997 24 67037 24 67471 32 67516 24 67544 8 67556 24 67990 36 68035 24 68063 36 68509 36 68554 24 68582 36 69028 36 69073 24 69101 36 69547 36 69592 24 69620 36 70066 36 70111 24 70139 8 70151 24 70585 36 70630 24 70670 24 71104 36 71149 24 71189 24 71623 36 71668 24 71708 24 72142 36 72187 24 72227 24 72661 41 72710 20 72746 24 73180 41 73229 28 73265 24 73699 41 73748 32 73788 20 74218 41 74267 32 74307 20 74737 41 74786 32 74826 20 75260 45 75309 28 75345 20 75779 49 75832 28 75864 20 76298 49 76351 28 76383 20 76817 49 76870 28 76902 20 77336 49 77389 28 77421 20 77855 49 77908 28 77940 16 78374 49 78427 28 78463 12 78893 49 78946 28 79416 41 79465 28 79935 41 79984 28 80454 41 80503 28 80973 41 81022 28 81492 41 81545 28 82011 37 82064 28 82530 37 82583 28 83053 29 83102 24
a984e7fb886aa02e29d112766d3ce26a4f78eac540ce7bbdbd42af2761928f6d,115 20 183 41 240 16 281 28 321 12 358 40 634 24 698 45 755 24 800 57 877 40 1153 24 1217 45 1274 24 1319 57 1396 40 1667 29 1736 45 1793 24 1838 57 1911 44 2186 29 2255 45 2312 24 2357 57 2430 44 2705 29 2774 45 2831 29 2876 57 2949 44 3229 24 3293 45 3350 29 3395 28 3427 25 3464 48 3748 24 3812 45 3869 29 3914 28 3946 25 3983 48 4267 24 4335 41 4388 33 4433 28 4465 25 4502 44 4786 24 4854 41 4907 33 4952 28 4984 25 5017 48 5305 24 5373 41 5430 33 5471 28 5503 25 5536 44 5795 8 5824 20 5897 36 5949 65 6022 25 6055 40 6314 8 6343 20 6416 36 6468 65 6541 25 6574 40 6829 16 6862 20 6935 32 6987 65 7060 25 7089 44 7344 20 7381 20 7458 28 7506 65 7579 73 7863 20 7904 16 7981 24 8029 57 8098 77 8382 24 8423 12 8500 24 8548 57 8617 25 8646 48 8901 24 8942 12 9019 24 9067 57 9136 25 9165 48 9420 24 9461 12 9534 28 9586 53 9655 25 9684 48 9939 24 9980 12 10053 28 10109 45 10174 20 10203 48 10458 24 10495 16 10568 32 10628 45 10693 20 10722 48 10977 24 11014 20 11087 32 11143 49 11216 16 11245 44 11496 24 11533 20 11606 32 11662 49 11735 16 11764 44 12015 24 12052 20 12125 32 12181 49 12254 16 12283 48 12534 24 12566 25 12639 37 12700 49 12773 16 12798 52 13053 24 13085 29 13158 37 13219 49 13292 12 13317 52 13572 24 13604 29 13677 37 13738 45 13811 12 13836 56 14091 24 14123 29 14196 37 14257 45 14330 12 14355 56 14606 28 14642 29 14711 41 14776 45 14874 56 15125 28 15161 33 15230 41 15295 45 15393 60 15644 28 15680 33 15749 41 15814 45 15875 8 15912 64 16163 28 16199 33 16264 45 16329 49 16394 4 16431 69 16682 28 16718 33 16783 45 16848 49 16913 4 16950 69 17201 28 17237 33 17302 45 17367 49 17432 4 17469 69 17720 28 17756 33 17821 45 17886 49 17947 8 17988 73 18239 28 18275 37 18340 45 18389 12 18405 49 18462 16 18507 73 18758 28 18794 49 18859 114 18981 16 19009 13 19026 77 19277 28 19313 49 19378 114 19500 16 19528 13 19545 77 19796 24 19828 53 19897 21 19922 89 20019 16 20043 57 20104 41 20315 24 20347 53 20416 21 20441 89 20538 16 20558 61 20623 45 20834 24 20866 53 20935 21 20960 40 21004 41 21057 16 21077 61 21142 49 21353 24 21385 53 21454 21 21479 40 21523 41 21576 16 21596 61 21661 49 21872 24 21904 21 21929 32 21973 65 22042 41 22095 16 22115 61 22180 49 22391 24 22423 21 22452 28 22492 65 22565 21 22590 8 22614 134 22910 24 22942 17 22971 28 23011 21 23036 40 23084 21 23133 134 23429 24 23461 17 23490 28 23530 17 23559 36 23607 21 23652 12 23668 122 23948 24 23980 17 24009 28 24049 17 24078 36 24126 21 24171 12 24187 122 24467 24 24499 17 24528 28 24568 17 24597 36 24645 25 24690 12 24706 122 24986 24 25018 17 25047 28 25087 17 25116 36 25168 21 25209 12 25225 69 25302 45 25505 24 25537 17 25566 28 25606 17 25635 36 25687 21 25728 85 25821 45 26020 32 26060 53 26121 21 26154 36 26210 17 26247 85 26344 41 26539 32 26579 53 26640 21 26673 36 26729 17 26766 85 26863 41 27054 36 27098 82 27192 32 27257 8 27285 81 27382 41 27573 36 27617 82 27711 32 27804 81 27901 41 28088 40 28136 17 28161 57 28230 32 28323 81 28420 45 28607 36 28651 17 28680 12 28696 8 28708 29 28745 36 28842 81 28943 41 29126 36 29170 17 29199 12 29215 8 29227 29 29264 36 29361 81 29462 41 29645 4 29657 24 29685 21 29718 12 29746 73 29880 81 29981 41 30176 24 30204 21 30241 8 30265 73 30399 81 30504 37 30699 16 30719 25 30760 4 30784 37 30829 28 30918 16 30938 61 31023 37 31218 16 31238 25 31279 4 31303 37 31348 24 31437 81 31542 37 31737 16 31757 25 31798 4 31822 37 31867 24 31956 81 32061 37 32256 12 32276 25 32341 41 32386 24 32475 81 32584 33 32775 12 32795 29 32860 69 32994 81 33103 33 33164 17 33294 16 33314 33 33379 69 33513 61 33578 16 33622 33 33679 21 33813 16 33833 37 33902 65 34032 61 34097 16 34141 33 34194 25 34332 16 34352 37 34421 65 34551 61 34616 16 34660 33 34713 25 34851 16 34871 37 34940 61 35066 65 35135 16 35179 33 35232 29 35370 16 35394 33 35459 61 35585 85 35703 28 35751 29 35893 12 35913 33 35978 25 36011 28 36104 85 36222 28 36270 29 36412 8 36436 29 36497 25 36530 28 36623 85 36741 28 36789 29 36931 8 36955 29 37016 25 37049 28 37142 85 37260 28 37308 29 37474 29 37535 25 37572 20 37661 24 37689 57 37779 28 37827 29 37993 29 38054 25 38091 20 38180 20 38208 33 38245 16 38298 28 38346 29 38512 29 38573 25 38606 24 38699 20 38727 29 38764 16 38817 28 38869 29 39031 29 39092 25 39125 24 39218 20 39246 29 39283 16 39340 24 39388 29 39550 29 39611 25 39644 24 39737 20 39765 29 39802 16 39859 24 39907 29 40069 29 40130 25 40159 24 40223 9 40256 20 40284 25 40321 16 40382 20 40426 29 40588 29 40649 53 40738 17 40775 20 40803 25 40840 16 40905 16 40949 25 41107 29 41172 25 41201 20 41253 25 41294 16 41322 29 41355 20 41424 20 41468 25 41626 29 41691 25 41724 12 41768 29 41813 16 41837 33 41874 20 41943 20 41991 21 42145 29 42210 25 42243 12 42287 29 42332 16 42356 33 42393 20 42462 20 42510 21 42664 29 42729 33 42806 29 42855 8 42875 33 42912 20 42977 28 43029 25 43183 29 43248 37 43325 33 43390 37 43431 20 43496 28 43548 25 43702 29 43767 37 43840 37 43909 37 43954 12 44015 28 44071 21 44221 29 44286 37 44359 37 44428 37 44473 12 44534 28 44590 21 44740 29 44809 37 44878 37 44951 33 44992 12 45053 28 45105 25 45259 29 45328 37 45397 41 45470 33 45531 4 45572 28 45624 25 45778 29 45847 37 45916 41 45989 33 46042 20 46091 32 46143 25 46297 29 46366 37 46435 41 46508 33 46561 24 46610 32 46662 25 46816 29 46885 37 46954 41 47027 33 47080 24 47129 32 47181 25 47339 21 47404 37 47473 41 47546 33 47595 28 47648 32 47700 29 47858 21 47923 37 47992 41 48065 33 48114 32 48167 36 48219 29 48377 21 48442 41 48511 41 48584 33 48633 32 48686 36 48738 25 48896 21 48965 37 49030 45 49103 33 49152 32 49205 36 49257 25 49415 21 49484 37 49549 45 49622 33 49671 32 49724 36 49776 25 49934 17 50003 37 50068 45 50125 8 50141 33 50186 36 50243 36 50295 25 50458 12 50522 37 50587 45 50644 12 50664 29 50705 36 50762 36 50814 25 51041 37 51106 45 51163 12 51183 29 51224 36 51281 36 51333 25 51560 37 51625 45 51678 20 51702 29 51743 36 51796 40 51852 25 52079 37 52144 45 52197 20 52221 29 52262 36 52315 40 52371 25 52598 37 52663 45 52716 20 52740 33 52781 16 52801 20 52830 44 52890 21 53117 37 53182 45 53235 20 53263 29 53300 12 53320 20 53344 49 53409 21 53640 33 53701 45 53754 20 53782 33 53823 8 53839 16 53863 49 53928 21 54159 33 54220 45 54273 61 54342 32 54382 49 54447 17 54678 33 54739 45 54792 61 54861 32 54901 49 54966 17 55197 33 55258 45 55315 57 55380 32 55420 49 55481 21 55721 28 55777 45 55834 20 55858 33 55899 32 55939 49 56000 21 56240 28 56296 45 56353 20 56377 33 56418 32 56458 49 56519 17 56763 24 56815 45 56872 20 56896 37 56937 32 56977 53 57034 21 57282 24 57334 45 57391 20 57415 37 57456 32 57496 53 57553 21 57805 16 57857 41 57910 61 57975 32 58015 78 58328 8 58376 41 58429 61 58498 28 58539 68 58895 37 58948 61 59017 28 59058 12 59074 52 59414 37 59467 61 59540 24 59593 52 59933 37 59986 61 60059 24 60112 52 60452 37 60505 61 60578 24 60631 52 60971 37 61024 97 61150 52 61494 37 61547 93 61669 52 62009 41 62066 93 62188 48 62528 41 62585 93 62707 48 63047 41 63104 89 63226 48 63562 45 63623 24 63651 61 63745 48 64081 45 64142 24 64170 57 64264 48 64600 45 64661 24 64689 57 64783 48 65119 45 65180 24 65213 52 65298 52 65638 49 65699 28 65732 52 65817 52 66157 49 66222 81 66336 52 66676 53 66741 20 66765 57 66851 56 67195 53 67260 20 67284 57 67370 56 67710 57 67779 20 67803 57 67889 56 68229 61 68298 20 68322 57 68408 56 68748 61 68817 20 68841 57 68927 56 69267 49 69320 12 69336 20 69360 61 69442 60 69786 49 69839 12 69855 20 69879 61 69961 60 70301 16 70325 29 70358 36 70398 61 70480 60 70820 16 70849 24 70877 36 70917 61 70999 28 71031 28 71339 16 71368 24 71396 101 71518 28 71550 28 71858 16 71887 129 72037 24 72073 28 72377 16 72406 129 72556 24 72592 28 72896 16 72925 64 72993 61 73075 24 73111 28 73411 24 73444 64 73517 56 73598 20 73630 28 73930 24 73958 41 74003 24 74036 56 74117 20 74149 28 74449 69 74522 24 74555 56 74636 16 74668 28 74968 69 75041 24 75074 56 75155 16 75187 28 75487 69 75560 24 75593 60 75674 16 75706 28 76006 4 76014 37 76059 16 76079 24 76116 16 76136 36 76197 8 76225 28 76537 33 76574 20 76602 20 76635 16 76655 49 76744 28 77044 4 77056 33 77093 20 77121 20 77158 8 77174 53 77267 24 77563 4 77575 33 77612 20 77640 20 77677 8 77693 53 77786 24 78082 4 78090 61 78159 20 78212 53 78305 24 78601 69 78678 24 78735 49 78824 24 79124 37 79169 20 79197 24 79254 53 79343 24 79647 33 79688 16 79716 24 79773 53 79862 24 80166 33 80207 16 80235 24 80292 53 80381 24 80685 29 80726 16 80758 20 80815 49 80900 24 81200 24 81253 4 81277 25 81334 49 81419 24 81719 20 81796 25 81857 45 81942 20 82238 20 82319 21 82392 29 82461 20 82757 20 82838 21 82911 29 82980 20 83280 12 83357 16 83434 21 83503 12
a984e7fb886aa02e29d112766d3ce26a4f78eac540ce7bbdbd42af2761928f6d,32840 4 33355 12 33878 12 34397 12 34916 12 35435 12 35954 12 36473 12 36992 12 37511 12 38030 12 38549 12 39068 12 39587 12 40106 12 40625 16 41144 16 41663 20 42182 20 42701 20 43224 20 43743 20 44262 20 44781 20 45300 20 45819 20 46338 20 46857 20 47376 20 47895 20 48414 20 48933 20 49452 20 49971 20 50490 20 51009 20 51528 20 52047 20 52566 20 53085 20 53604 20 54123 20 54642 20 55161 20 55680 20 56199 20 56706 32 57225 32 57744 32 58263 32 58782 32 59301 28 59820 28 60339 28 60858 28 61381 24 61900 28 62419 28 62938 32 63457 32 63976 32 64495 32 65014 32 65529 36 66048 36 66567 36 67086 36 67605 36 68120 44 68639 44 69158 44 69677 44 70196 44 70715 44 71234 44 71753 44 72272 44 72791 44 73310 44 73829 44 74348 40 74867 40 75386 40 75905 40 76424 36 76943 36 77462 36 77981 36 78500 36 79019 36 79538 36 80057 36 80576 36 81095 36 81614 36 82133 36 82652 36 83171 32
a984e7fb886aa02e29d112766d3ce26a4f78eac540ce7bbdbd42af2761928f6d,159 12 674 16 1193 16 1712 16 2231 16 2746 24 3265 24 3784 24 4303 24 4822 24 5341 24 5860 24 6379 24 6894 28 7413 24 7932 24 8451 24 8970 24 9489 24 10008 24 10527 24 11046 24 11565 24 12084 24 12603 20 13122 20 13641 20 14160 20 14679 20 15198 20 15721 16 16240 12 16759 12 17282 8
a984e7fb886aa02e29d112766d3ce26a4f78eac540ce7bbdbd42af2761928f6d,65067 4 65582 12 66101 12 66620 16 67139 16 67658 16 68177 16 68696 16 69219 12 69738 12 70257 12 70780 4 71299 4 71818 8 72337 8 72856 8 73375 8 73894 8 74417 4 74936 4 75455 4 75974 4 76493 4 77008 12 77527 12 78046 12 78561 16 79080 16 79599 16 80118 16 80637 20 81156 20 81675 20 82194 20 82713 20
a984e7fb886aa02e29d112766d3ce26a4f78eac540ce7bbdbd42af2761928f6d,61434 8
a984e7fb886aa02e29d112766d3ce26a4f78eac540ce7bbdbd42af2761928f6d,47972 8 48495 4
a984e7fb886aa02e29d112766d3ce26a4f78eac540ce7bbdbd42af2761928f6d,35548 4 36067 13 36586 13 37105 13 37624 13 38147 5
a984e7fb886aa02e29d112766d3ce26a4f78eac540ce7bbdbd42af2761928f6d,81833 16 82352 20 82871 20 83390 16
a984e7fb886aa02e29d112766d3ce26a4f78eac540ce7bbdbd42af2761928f6d,451 28 966 41 1485 41 2008 33 2527 28 3046 20 3565 20 4084 20 4603 16 5122 16 5641 16 6160 20 6679 20 7198 20 7717 24 8236 24 8755 24 9274 24 9793 28 10316 24 10835 29 11354 29 11873 29 12396 25 12915 25 13438 21 13957 16 14476 16
a984e7fb886aa02e29d112766d3ce26a4f78eac540ce7bbdbd42af2761928f6d,50855 4 51374 8 51893 8 52412 8 52927 12 53446 12 53961 16 54480 16 54999 16 55514 20 56033 20 56552 20 57071 20 57590 20 58105 24 58624 24 59143 24 59662 24 60181 24 60700 24 61219 24 61738 24 62257 24 62776 24 63295 24 63814 24 64333 24 64852 24 65371 24 65890 24 66409 24 66932 20 67451 20 67970 20 68493 16 69016 12 69535 12 70054 12 70573 12 71088 16 71607 16 72126 16 72645 16 73164 16 73683 16 74202 16 74721 16 75240 16 75759 16 76278 16 76793 20 77312 20 77831 20 78350 20 78869 20 79388 20 79903 24 80422 24 80941 24 81460 24 81979 24 82498 20 83017 20 83536 20
a984e7fb886aa02e29d112766d3ce26a4f78eac540ce7bbdbd42af2761928f6d,500 16 1019 16 1538 16 2057 16
a984e7fb886aa02e29d112766d3ce26a4f78eac540ce7bbdbd42af2761928f6d,9846 12 10365 16 10880 20 11399 20 11918 20 12437 20 12956 20 13475 20 13994 20 14513 20 15032 20 15551 20 16070 20 16589 20 17108 20 17627 20 18146 20 18665 20 19184 20 19703 20 20222 20 20745 16 21264 16 21783 16 22302 16 22821 16 23340 16 23859 16 24378 16 24901 12 25420 12 25939 12 26458 12 26977 12 27496 12 28015 12 28534 12 29053 12 29572 12 30091 12 30610 12 31129 12 31648 12 32167 12 32686 12 33205 12 33724 12 34243 12 34762 12 35281 12 35800 12 36319 12 36838 12 37357 12 37876 12 38395 12 38914 12 39433 12 39952 12 40471 12 40990 12 41509 12 42032 8 42551 8 43070 8 43589 8
ab298b962a63e4be9582513aaa84a5e270adba5fd2b16a50e59540524f63c3b8,40963 10 41219 10 41473 12 41729 12 41985 14 42241 14 42497 14 42753 14 43009 14 43265 14 43521 14 43777 14 44033 14 44289 14 44545 14 44801 14 45057 12 45313 12 45569 12 45825 12 46083 8 46339 8
ab298b962a63e4be9582513aaa84a5e270adba5fd2b16a50e59540524f63c3b8,56925 8 57181 8 57435 12 57691 12 57947 14 58203 14 58459 14 58715 14 58971 14 59227 14 59485 10 59741 10 59999 6 60255 6
ab298b962a63e4be9582513aaa84a5e270adba5fd2b16a50e59540524f63c3b8,25201 10 25457 10 25711 14 25967 14 26221 16 26477 16 26731 18 26987 18 27243 18 27499 18 27753 20 28009 20 28265 20 28521 20 28777 20 29033 20 29289 18 29545 18 29801 18 30057 18 30313 16 30569 16 30827 12 31083 12 31343 2 31599 2
ab298b962a63e4be9582513aaa84a5e270adba5fd2b16a50e59540524f63c3b8,61555 4 61811 4 62065 10 62321 10 62575 12 62831 12 63087 12 63343 12 63599 12 63855 12 64113 8 64369 8 64625 4 64881 4
ab298b962a63e4be9582513aaa84a5e270adba5fd2b16a50e59540524f63c3b8,64663 6 64919 6 65175 6 65431 6
ab298b962a63e4be9582513aaa84a5e270adba5fd2b16a50e59540524f63c3b8,20131 8 20387 8 20639 16 20895 16 21149 20 21405 20 21661 20 21917 20 22173 20 22429 20 22685 18 22941 18 23197 18 23453 18 23711 14 23967 14 24227 4 24483 4
ab298b962a63e4be9582513aaa84a5e270adba5fd2b16a50e59540524f63c3b8,63141 10 63397 10 63651 16 63907 16 64163 16 64419 16 64675 16 64931 16 65187 16 65443 16
ab298b962a63e4be9582513aaa84a5e270adba5fd2b16a50e59540524f63c3b8,2737 10 2993 10 3247 14 3503 14 3757 16 4013 16 4269 16 4525 16 4781 16 5037 16 5295 14 5551 14 5811 6 6067 6
ab298b962a63e4be9582513aaa84a5e270adba5fd2b16a50e59540524f63c3b8,14075 6 14331 6 14583 10 14839 10 15093 12 15349 12 15603 14 15859 14 16113 16 16369 16 16625 16 16881 16 17135 18 17391 18 17647 18 17903 18 18161 16 18417 16 18673 16 18929 16 19187 12 19443 12
ab298b962a63e4be9582513aaa84a5e270adba5fd2b16a50e59540524f63c3b8,51961 6 52217 6 52471 10 52727 10 52981 12 53237 12 53493 12 53749 12 54003 14 54259 14 54515 14 54771 14 55027 14 55283 14 55539 14 55795 14 56051 14 56307 14 56565 12 56821 12 57077 12 57333 12 57589 12 57845 12 58103 10 58359 10 58619 4 58875 4
ab298b962a63e4be9582513aaa84a5e270adba5fd2b16a50e59540524f63c3b8,251 6 507 6 761 8 1017 8 1275 6 1531 6 1787 6 2043 6 2301 4 2557 4
ade080c6618cbbb0a25680cf847f312b5e19b22bfe1cafec0436987ebe5b1e7e,325046 32 325566 32 326086 32 326606 32 327126 32 327646 32 328162 40 328682 40 329202 40 329722 40 330242 40 330758 44 331278 44 331798 44 332318 44 332838 44 333358 44 333878 48 334398 48 334918 48 335438 48 335958 48 336478 61 336998 61 337518 61 338038 61 338558 61 339078 61 339598 65 340118 65 340638 65 341158 65 341678 65 342198 69 342718 69 343238 69 343758 69 344278 69 344793 74 345313 74 345833 74 346353 74 346873 74 347393 74 347913 74 348433 74 348953 74 349473 74 349993 74 350513 70 351033 70 351553 70 352073 70 352593 70 353113 70 353638 65 354158 65 354678 65 355198 65 355718 65 356238 61 356758 61 357278 61 357798 61 358318 61 358838 61 359362 52 359882 52 360402 52 360922 52 361442 52
ade080c6618cbbb0a25680cf847f312b5e19b22bfe1cafec0436987ebe5b1e7e,271526 29 272046 29 272566 29 273086 29 273606 29 274110 53 274630 53 275150 53 275670 53 276190 53 276710 53 277222 65 277742 65 278262 65 278782 65 279302 65 279818 73 280338 73 280858 73 281378 73 281898 73 282418 73 282934 77 283454 77 283974 77 284494 77 285014 77 285534 77 286054 77 286574 77 287094 77 287614 77 288134 77 288650 77 289170 77 289690 77 290210 77 290730 77 291250 77 291770 77 292290 77 292810 77 293330 77 293850 77 294370 40 294890 40 295410 40 295930 40 296450 40 296970 32 297490 32 298010 32 298530 32 299050 32 299570 28 300090 28 300610 28 301130 28 301650 28 302170 28 302694 20 303214 20 303734 20 304254 20 304774 20
ade080c6618cbbb0a25680cf847f312b5e19b22bfe1cafec0436987ebe5b1e7e,169582 28 170102 28 170622 28 171142 28 171662 28 172182 28 172698 41 173218 41 173738 41 174258 41 174778 41 175294 49 175814 49 176334 49 176854 49 177374 49 177894 49 178414 49 178934 49 179454 49 179974 49 180494 49 181014 49 181534 49 182054 49 182574 49 183094 49 183614 49 184134 49 184654 49 185174 49 185694 49 186214 49 186734 45 187254 45 187774 45 188294 45 188814 45 189338 36 189858 36 190378 36 190898 36 191418 36 191938 36 192466 24 192986 24 193506 24 194026 24 194546 24
ade080c6618cbbb0a25680cf847f312b5e19b22bfe1cafec0436987ebe5b1e7e,70794 33 71314 33 71834 33 72354 33 72874 33 73386 45 73906 45 74426 45 74946 45 75466 45 75986 45 76506 45 77026 45 77546 45 78066 45 78586 45 79102 49 79155 77 79622 49 79675 77 80142 49 80195 77 80662 49 80715 77 81182 49 81235 77 81702 49 81755 77 82222 134 82742 134 83262 134 83782 134 84302 134 84822 138 85342 138 85862 138 86382 138 86902 138 87422 138 87946 134 88466 134 88986 134 89506 134 90026 134 90550 130 91070 130 91590 130 92110 130 92630 130 93179 97 93699 97 94219 97 94739 97 95259 97 95779 97 96299 36 96359 37 96819 36 96879 37 97339 36 97399 37 97859 36 97919 37 98379 36 98439 37 98899 24 99419 24 99939 24 100459 24 100979 24 101499 24 102027 8 102547 8 103067 8 103587 8 104107 8
ade080c6618cbbb0a25680cf847f312b5e19b22bfe1cafec0436987ebe5b1e7e,274220 36 274740 36 275260 36 275780 36 276300 36 276820 36 277332 48 277852 48 278372 48 278892 48 279412 48 279928 56 280013 24 280448 56 280533 24 280968 56 281053 24 281488 56 281573 24 282008 56 282093 24 282528 56 282613 24 283048 52 283109 56 283568 52 283629 56 284088 52 284149 56 284608 52 284669 56 285128 52 285189 56 285648 52 285704 65 286168 52 286224 65 286688 52 286744 65 287208 52 287264 65 287728 52 287784 65 288248 52 288304 65 288768 52 288824 70 289288 52 289344 70 289808 52 289864 70 290328 52 290384 70 290848 52 290904 70 291368 126 291888 126 292408 126 292928 126 293448 126 293968 126 294492 126 295012 126 295532 126 296052 126 296572 126 297100 114 297620 114 298140 114 298660 114 299180 114 299712 20 299740 74 300232 20 300260 74 300752 20 300780 74 301272 20 301300 74 301792 20 301820 74 302312 20 302340 74 302864 65 303384 65 303904 65 304424 65 304944 65 305469 32 305989 32 306509 32 307029 32 307549 32 308069 32 308601 12 309121 12 309641 12 310161 12 310681 12
ade080c6618cbbb0a25680cf847f312b5e19b22bfe1cafec0436987ebe5b1e7e,353800 37 354320 37 354840 37 355360 37 355880 37 356396 45 356916 45 357436 45 357956 45 358476 45 358996 45 359516 49 360036 49 360556 49 361076 49 361596 49
ade080c6618cbbb0a25680cf847f312b5e19b22bfe1cafec0436987ebe5b1e7e,23206 16 23726 16 24246 16 24766 16 25286 16 25774 56 26294 56 26814 56 27334 56 27854 56 28357 73 28877 73 29397 73 29917 73 30437 73 30957 73 31469 81 31989 81 32509 81 33029 81 33549 81 34061 89 34581 89 35101 89 35621 89 36141 89 36661 89 37173 89 37693 89 38213 89 38733 89 39253 89 39769 77 40289 77 40809 77 41329 77 41849 77 42369 77 42889 69 43409 69 43929 69 44449 69 44969 69 45489 65 46009 65 46529 65 47049 65 47569 65 48093 53 48613 53 49133 53 49653 53 50173 53 50693 53 51225 20 51745 20 52265 20 52785 20 53305 20
ade080c6618cbbb0a25680cf847f312b5e19b22bfe1cafec0436987ebe5b1e7e,319569 17 320089 17 320609 17 321129 17 321649 17 322169 17 322677 45 323197 45 323717 45 324237 45 324757 45 325273 57 325793 57 326313 57 326833 57 327353 57 327873 57 328389 65 328909 65 329429 65 329949 65 330469 65 330989 69 331509 69 332029 69 332549 69 333069 69 333589 69 334109 73 334629 73 335149 73 335669 73 336189 73 336709 73 337229 73 337749 73 338269 73 338789 73 339309 73 339829 69 340349 69 340869 69 341389 69 341909 69 342433 65 342953 65 343473 65 343993 65 344513 65 345037 57 345557 57 346077 57 346597 57 347117 57 347637 57 348169 37 348689 37 349209 37 349729 37 350249 37
ade080c6618cbbb0a25680cf847f312b5e19b22bfe1cafec0436987ebe5b1e7e,229195 33 229715 33 230235 33 230755 33 231275 33 231795 33 232303 49 232823 49 233343 49 233863 49 234383 49 234895 61 235415 61 235935 61 236455 61 236975 61 237495 61 238011 65 238531 65 239051 65 239571 65 240091 65 240611 65 241131 65 241651 65 242171 65 242691 65 243211 65 243731 61 244251 61 244771 61 245291 61 245811 61 246331 61 246851 61 247371 61 247891 61 248411 61 248931 61 249455 53 249975 53 250495 53 251015 53 251535 53 252059 45 252579 45 253099 45 253619 45 254139 45 254671 20 255191 20 255711 20 256231 20 256751 20 257271 20
ade080c6618cbbb0a25680cf847f312b5e19b22bfe1cafec0436987ebe5b1e7e,187067 12 187587 12 188107 12 188627 12 189147 12 189663 20 190183 20 190703 20 191223 20 191743 20 192263 20 192779 24 193299 24 193819 24 194339 24 194859 24 195379 24 195899 24 196419 24 196939 24 197459 24 197979 24 198503 20 199023 20 199543 20 200063 20 200583 20 201107 12 201627 12 202147 12 202667 12 203187 12
ade080c6618cbbb0a25680cf847f312b5e19b22bfe1cafec0436987ebe5b1e7e,28479 33 28999 33 29519 33 30039 33 30559 33 31079 33 31599 41 32119 41 32639 41 33159 41 33679 41 34199 45 34719 45 35239 45 35759 45 36279 45 36799 45 37315 49 37835 49 38355 49 38875 49 39395 49 39915 49 40435 49 40955 49 41475 49 41995 49 42515 49 43031 53 43551 53 44071 53 44591 53 45111 53 45627 57 46147 57 46667 57 47187 57 47707 57 48223 57 48743 57 49263 57 49783 57 50303 57 50823 57 51343 45 51863 45 52383 45 52903 45 53423 45 53947 28 54467 28 54987 28 55507 28 56027 28 56547 28
ade080c6618cbbb0a25680cf847f312b5e19b22bfe1cafec0436987ebe5b1e7e,277640 17 278160 17 278680 17 279200 17 279720 17 280220 49 280740 49 281260 49 281780 49 282300 49 282820 49 283336 61 283856 61 284376 61 284896 61 285416 61 285932 65 286452 65 286972 65 287492 65 288012 65 288532 65 289048 69 289568 69 290088 69 290608 69 291128 69 291648 69 292168 69 292688 69 293208 69 293728 69 294248 69 294764 73 295284 73 295804 73 296324 73 296844 73 297360 81 297880 81 298400 81 298920 81 299440 81 299960 81 300480 81 301000 81 301520 81 302040 81 302560 81 303080 81 303600 81 304120 81 304640 81 305160 81 305680 16 305704 57 306200 16 306224 57 306720 16 306744 57 307240 16 307264 57 307760 16 307784 57 308280 16 308304 57 308804 4 308828 53 309324 4 309348 53 309844 4 309868 53 310364 4 310388 53 310884 4 310908 53 311404 8 311428 53 311924 8 311948 53 312444 8 312468 53 312964 8 312988 53 313484 8 313508 53 314004 8 314028 53 314516 85 315036 85 315556 85 316076 85 316596 85 317112 89 317632 89 318152 89 318672 89 319192 89 319708 56 319793 4 320228 56 320313 4 320748 56 320833 4 321268 56 321353 4 321788 56 321873 4 322308 56 322393 4 322828 48 323348 48 323868 48 324388 48 324908 48 325428 48 325948 48 326468 48 326988 48 327508 48 328028 48 328552 44 329072 44 329592 44 330112 44 330632 44 331156 40 331676 40 332196 40 332716 40 333236 40 333756 40 334284 28 334804 28 335324 28 335844 28 336364 28
ade080c6618cbbb0a25680cf847f312b5e19b22bfe1cafec0436987ebe5b1e7e,158516 53 159036 53 159556 53 160076 53 160596 53 161116 53 161632 65 162152 65 162672 65 163192 65 163712 65 164232 69 164752 69 165272 69 165792 69 166312 69 166832 69 167352 69 167872 69 168392 69 168912 69 169432 69 169952 69 170472 69 170992 69 171512 69 172032 69 172552 69 173072 69 173592 69 174112 69 174632 69 175152 69 175676 65 176196 65 176716 65 177236 65 177756 65 178276 65
ade080c6618cbbb0a25680cf847f312b5e19b22bfe1cafec0436987ebe5b1e7e,73829 8 74349 8 74869 8 75389 8 75909 8 76429 8 76941 20 77461 20 77981 20 78501 20 79021 20 79537 24 80057 24 80577 24 81097 24 81617 24 82137 24 82657 24 83177 24 83697 24 84217 24 84737 24 85253 28 85773 28 86293 28 86813 28 87333 28 87853 28 88373 28 88893 28 89413 28 89933 28 90453 28 90977 24 91497 24 92017 24 92537 24 93057 24 93577 24 94097 24 94617 24 95137 24 95657 24 96177 24 96701 20 97221 20 97741 20 98261 20 98781 20 99309 12 99829 12 100349 12 100869 12 101389 12 101909 12
ade080c6618cbbb0a25680cf847f312b5e19b22bfe1cafec0436987ebe5b1e7e,110737 20 111257 20 111777 20 112297 20 112817 20 113333 28 113853 28 114373 28 114893 28 115413 28 115933 28 116453 28 116973 28 117493 28 118013 28 118533 28 119053 28 119573 28 120093 28 120613 28 121133 28 121653 28 122173 28 122693 28 123213 28 123733 28 124253 28 124777 24 125297 24 125817 24 126337 24 126857 24 127377 24 127905 16 128425 16 128945 16 129465 16 129985 16 130513 4 131033 4 131553 4 132073 4 132593 4 133113 4
b83d1d77935b6cfd44105b54600ffc4b6bd82de57dec65571bcb117fa8398ba3,99565 8 100089 8 100613 8 101137 8 101661 8 102185 8 102709 12 103233 12 103753 16 104277 16 104801 16 105325 16 105849 16 106373 16 106897 12 107421 12 107945 12 108469 12 108993 12 109517 12 110041 12 110565 12 111089 8 111613 8 112137 8
b83d1d77935b6cfd44105b54600ffc4b6bd82de57dec65571bcb117fa8398ba3,79665 13 80189 13 80713 13 81233 17 81757 17 82281 17 82801 21 83325 21 83845 25 84369 25 84893 25 85417 25 85941 25 86465 25 86989 21 87513 21 88037 21 88561 8 89085 8
b83d1d77935b6cfd44105b54600ffc4b6bd82de57dec65571bcb117fa8398ba3,41417 9 41941 9 42465 9 42985 13 43509 13 44033 13 44557 13 45081 13 45605 13 46129 13 46653 13 47173 17 47697 17 48221 17 48745 17 49269 17 49793 17 50317 17 50841 17 51361 21 51885 21 52409 21 52933 21 53457 21 53981 21 54505 21 55029 21 55553 21 56077 21 56601 21 57129 17 57653 17 58177 13 58701 13 59225 13 59753 9 60277 9 60801 9
b83d1d77935b6cfd44105b54600ffc4b6bd82de57dec65571bcb117fa8398ba3,148326 8 148850 8 149366 20 149890 20 150414 20 150933 25 151457 25 151981 25 152501 29 153025 29 153549 29 154073 29 154597 29 155117 33 155641 33 156165 33 156693 25 157217 25 157741 25 158269 21 158793 21 159322 12 159846 12 160370 12
b83d1d77935b6cfd44105b54600ffc4b6bd82de57dec65571bcb117fa8398ba3,11554 4 12078 4 12597 13 13121 13 13645 13 14169 13 14693 13 15217 13 15741 13 16265 13 16789 13 17313 13 17837 13 18361 13 18885 13 19409 13 19933 9 20457 9 20981 9
b83d1d77935b6cfd44105b54600ffc4b6bd82de57dec65571bcb117fa8398ba3,4254 13 4778 13 5302 13 5822 17 6346 17 6870 17 7394 21 7918 21 8442 21 8966 21 9490 21 10010 25 10534 25 11058 25 11582 21 12106 21 12630 21 13154 21 13678 21 14202 21 14726 21 15250 21 15774 21 16298 21 16822 21 17346 17 17870 17 18394 17 18918 17 19442 17 19966 12 20490 12 21014 12 21538 8 22062 8 22586 8
b83d1d77935b6cfd44105b54600ffc4b6bd82de57dec65571bcb117fa8398ba3,24170 21 24694 21 25218 21 25742 21 26266 21 26790 21 27314 21 27838 21 28362 21 28886 21 29410 21 29934 21 30458 21 30982 21 31506 21 32030 21 32554 21 33078 21 33602 21 34126 21 34650 21 35174 21 35703 12 36227 12 36751 12
b83d1d77935b6cfd44105b54600ffc4b6bd82de57dec65571bcb117fa8398ba3,12679 9 13203 9 13727 9 14247 13 14771 13 15295 13 15819 17 16343 17 16867 17 17391 17 17915 17 18439 17 18963 17 19487 17 20011 13 20535 13 21059 13 21583 13 22107 13 22631 13 23155 13 23679 13 24203 13 24727 13 25251 13 25775 13 26299 13 26823 13 27351 4 27875 4
b83d1d77935b6cfd44105b54600ffc4b6bd82de57dec65571bcb117fa8398ba3,59848 8 60372 8 60896 8 61420 12 61944 12 62468 12 62987 13 63511 13 64035 13 64559 13 65083 13 65603 17 66127 17 66651 17 67175 17 67699 17 68223 13 68747 13 69271 13 69795 9 70319 9 70843 9 71371 5 71895 5 72419 5
b83d1d77935b6cfd44105b54600ffc4b6bd82de57dec65571bcb117fa8398ba3,31556 8 32080 8 32604 8 33128 12 33652 12 34172 20 34696 20 35220 20 35744 20 36268 20 36792 20 37316 20 37840 20 38364 20 38888 20 39412 20 39936 20 40460 20 40984 20 41508 20 42032 20 42556 20 43080 16 43604 16
b83d1d77935b6cfd44105b54600ffc4b6bd82de57dec65571bcb117fa8398ba3,102824 12 103348 12 103872 12 104396 12 104920 12 105440 16 105964 16 106488 16 107012 16 107536 16 108060 16 108584 16 109108 16 109632 16 110156 16 110680 16 111204 16 111728 16 112252 16 112780 8 113304 8
b83d1d77935b6cfd44105b54600ffc4b6bd82de57dec65571bcb117fa8398ba3,128 8 652 8 1176 8 1696 16 2220 16 2748 8 3272 8 3796 8
b83d1d77935b6cfd44105b54600ffc4b6bd82de57dec65571bcb117fa8398ba3,148424 12 148948 12 149468 20 149992 20 150516 20 151036 24 151560 24 152084 24 152608 24 153132 24 153656 24 154180 24 154704 24 155228 24 155752 24 156276 24 156804 24 157328 24 157852 24 158376 24 158900 24 159428 20 159952 20 160476 20 160996 29 161520 29 162044 29 162568 29 163092 29 163616 29 164140 29 164664 29 165188 24 165712 24 166236 24 166760 24 167284 24 167808 24 168336 20 168860 20 169384 20 169908 16 170432 16 170960 12 171484 12 172008 12
b83d1d77935b6cfd44105b54600ffc4b6bd82de57dec65571bcb117fa8398ba3,122752 21 123276 21 123800 21 124324 21 124848 21 125372 21 125896 21 126420 21 126940 25 127464 25 127988 25 128512 25 129036 25 129560 25 130084 25 130608 25 131132 25 131656 25 132180 25 132708 16 133232 16 133756 16 134280 12 134804 12
b83d1d77935b6cfd44105b54600ffc4b6bd82de57dec65571bcb117fa8398ba3,79792 17 79817 16 80316 17 80341 16 80840 17 80865 16 81360 45 81884 45 82408 45 82932 49 83456 49 83980 49 84504 49 85028 49 85552 49 86076 49 86600 49 87124 45 87648 45 88172 45 88696 45 89220 45 89744 21 89773 12 90268 21 90297 12 90792 21 90821 12 91320 13 91844 13 92368 13
b83d1d77935b6cfd44105b54600ffc4b6bd82de57dec65571bcb117fa8398ba3,102856 17 103380 17 103900 25 104424 25 104948 25 105472 25 105996 25 106520 25 107044 25 107568 25 108092 25 108612 29 109136 29 109660 29 110184 29 110708 29 111232 25 111756 25 112280 25 112808 21 113332 21 113860 13 114384 13 114908 13
b83d1d77935b6cfd44105b54600ffc4b6bd82de57dec65571bcb117fa8398ba3,37365 8 37889 8 38409 16 38933 16 39457 16 39981 16 40505 16 41029 16 41548 21 42072 21 42596 21 43120 21 43644 21 44168 21 44692 21 45216 21 45740 21 46264 21 46788 21 47312 21 47836 21 48360 21 48884 21 49408 21 49932 21 50456 21 50980 21 51504 21 52028 21 52552 21 53076 17 53600 17 54124 17 54648 17 55172 17 55701 8 56225 8 56749 8
b83d1d77935b6cfd44105b54600ffc4b6bd82de57dec65571bcb117fa8398ba3,161045 4 161569 4 162093 4 162609 16 163133 16 163657 16 164181 20 164705 20 165225 24 165749 24 166273 24 166797 24 167321 24 167845 24 168369 24 168893 24 169417 24 169945 20 170469 20 170993 16 171517 16 172041 16
b83d1d77935b6cfd44105b54600ffc4b6bd82de57dec65571bcb117fa8398ba3,57289 12 57813 12 58333 20 58857 20 59381 20 59905 20 60429 20 60953 20 61477 20 62001 20 62525 20 63049 20 63573 20 64097 20 64621 20 65145 20 65669 20 66193 20 66717 20 67241 16 67765 16 68293 8 68817 8 69341 8
b83d1d77935b6cfd44105b54600ffc4b6bd82de57dec65571bcb117fa8398ba3,2822 16 3346 16 3870 16 4390 24 4914 24 5438 24 5962 28 6486 28 7010 28 7534 28 8058 28 8582 28 9106 28 9630 28 10154 28 10678 28 11202 28 11730 24 12254 24 12778 20 13302 20 13826 20
b83d1d77935b6cfd44105b54600ffc4b6bd82de57dec65571bcb117fa8398ba3,15926 12 15942 4 16450 12 16466 4 16974 12 16990 4 17494 28 18018 28 18538 32 19062 32 19586 32 20110 32 20634 32 21158 32 21682 28 22206 28 22730 28 23254 28 23778 28 24302 24 24826 24 25350 24 25878 16 26402 16 26926 16
b83d1d77935b6cfd44105b54600ffc4b6bd82de57dec65571bcb117fa8398ba3,41614 12 42138 12 42662 12 43182 16 43706 16 44226 20 44750 20 45274 20 45794 28 46318 28 46842 28 47366 37 47890 37 48414 41 48938 41 49462 41 49986 41 50510 41 51034 41 51558 41 52082 41 52606 41 53130 41 53654 41 54182 37 54706 37 55230 37 55758 33 56282 33 56806 33 57346 17 57870 17 58398 9 58922 9 59446 9
b83d1d77935b6cfd44105b54600ffc4b6bd82de57dec65571bcb117fa8398ba3,159514 12 160038 12 160562 12 161078 20 161602 20 162126 20 162650 20 163174 20 163698 20 164222 20 164746 20 165266 24 165790 24 166314 24 166838 24 167362 24 167886 24 168410 24 168934 24 169458 24 169982 24 170506 24 171030 24 171554 24 172078 24 172606 20 173130 20 173654 20 174178 16 174702 16 175230 16 175754 16 176278 16 176798 24 177322 24 177846 24 178370 24 178894 24 179418 24 179942 24 180466 24 180990 20 181514 20 182038 20
b83d1d77935b6cfd44105b54600ffc4b6bd82de57dec65571bcb117fa8398ba3,135410 16 135934 16 136458 16 136978 20 137502 20 138026 20 138550 20 139074 20 139594 28 140118 28 140642 28 141166 28 141690 28 142214 28 142738 28 143262 28 143786 28 144310 28 144834 28 145362 24 145886 24 146410 24 146934 20 147458 20 147982 20 148510 16 149034 16 149562 8 150086 8 150610 8
b83d1d77935b6cfd44105b54600ffc4b6bd82de57dec65571bcb117fa8398ba3,102938 9 103462 9 103978 21 104502 21 105026 21 105550 21 106074 21 106598 21 107118 25 107642 25 108166 25 108690 25 109214 25 109734 29 110258 29 110782 29 111306 29 111830 29 112354 29 112874 33 113398 33 113922 33 114446 33 114970 33 115494 29 116018 29 116542 29 117066 24 117590 24 118114 24 118642 16 119166 16
b83d1d77935b6cfd44105b54600ffc4b6bd82de57dec65571bcb117fa8398ba3,263 12 787 12 1311 12 1835 16 1868 8 2359 16 2392 8 2883 41 3407 41 3931 41 4455 41 4979 41 5503 41 6027 41 6551 41 7075 41 7599 45 8123 45 8647 57 9171 57 9695 57 10219 61 10743 61 11267 61 11791 66 11861 8 12315 66 12385 8 12839 78 13363 78 13887 78 14411 82 14935 82 15459 82 15983 82 16507 82 17031 82 17555 82 18079 82 18603 82 19127 82 19651 82 20175 49 20232 25 20699 49 20756 25 21223 49 21280 25 21747 45 21804 25 22271 45 22328 25 22795 45 22852 25 23319 45 23376 21 23843 45 23900 21 24367 45 24424 21 24891 45 24948 21 25415 45 25472 21 25939 45 25992 25 26463 45 26516 25 26987 45 27040 25 27507 49 27564 21 28031 49 28088 21 28555 49 28612 21 29079 49 29136 21 29603 49 29660 21 30127 49 30184 21 30651 49 30708 21 31175 49 31232 21 31699 49 31756 17 32223 49 32280 17 32747 49 32804 17 33271 53 33328 17 33795 53 33852 17 34323 53 34380 9 34847 53 34904 9 35371 53 35428 9 35895 53 36419 53 36943 53 37463 57 37987 57 38511 57 39035 57 39559 57 40083 57 40607 57 41131 57 41655 57 42179 57 42703 57 43227 57 43751 57 44279 53 44803 53 45327 53 45855 53 46379 53 46903 53 47427 53 47951 53 48471 57 48995 57 49519 57 50039 33 50076 24 50563 33 50600 24 51087 33 51124 24 51611 33 51648 24 52135 33 52172 24 52659 33 52696 24 53183 57 53707 57 54231 53 54755 53 55279 53 55807 45 56331 45 56855 45 57379 45 57903 45 58427 45 58951 45 59475 45 59999 49 60523 49 61047 49 61571 49 62095 49 62619 49 63143 53 63667 53 64195 49 64719 49 65243 49 65771 49 66295 49 66819 49 67347 45 67871 45 68371 8 68399 41 68895 8 68923 41 69419 8 69447 41 69939 20 69971 41 70463 20 70495 41 70987 20 71019 41 71507 24 71543 50 72031 24 72067 50 72555 24 72591 50 73079 86 73603 86 74127 90 74651 90 75175 90 75699 90 76223 90 76747 90 77271 90 77795 90 78319 90 78847 86 79371 86 79911 70 80435 70 80959 70 81483 70 82007 70 82531 70 83055 70 83579 70 84107 66 84631 66 85155 66 85679 66 86203 66 86727 66 87251 66 87358 8 87775 66 87882 8 88299 66 88406 8 88811 4 88823 66 88925 21 89335 4 89347 66 89449 21 89851 86 89973 21 90375 86 90497 21 90899 86 91021 21 91423 82 91541 25 91947 82 92065 25 92471 82 92589 25 92991 81 93113 25 93515 81 93637 25 94039 69 94161 25 94563 69 94685 25 95087 69 95209 25 95615 65 95733 25 96139 65 96257 25 96663 65 96781 25 97187 69 97305 21 97711 69 97829 21 98235 69 98353 21 98763 8 98775 57 98877 21 99287 8 99299 57 99401 21 99823 57 99897 8 99925 21 100347 57 100421 8 100449 21 100871 57 100945 8 100973 21 101395 29 101428 28 101469 12 101501 13 101919 29 101952 28 101993 12 102025 13 102443 29 102476 28 102517 12 102549 13 102967 29 103000 28 103037 16 103073 9 103491 29 103524 28 103561 16 103597 9 104015 61 104085 16 104117 9 104539 61 104609 16 104641 9 105063 61 105133 16 105165 9 105587 61 105653 20 105685 17 106111 61 106177 20 106209 17 106635 61 106701 20 106733 17 107155 94 107253 21 107679 94 107777 21 108203 94 108301 21 108727 94 108825 21 109251 94 109349 21 109779 115 110303 115 110827 115 111351 115 111875 115 112399 115 112923 61 112989 49 113447 61 113513 49 113971 49 114041 45 114495 49 114565 45 115019 49 115089 45 115543 41 115617 41 116067 41 116141 41 116591 41 116665 41 117115 45 117193 33 117639 45 117717 33 118163 45 118241 33 118691 41 118765 33 119215 41 119289 33 119739 45 119813 24 120263 45 120337 24 120787 45 120861 24 121311 45 121385 24 121835 45 121909 24 122359 45 122433 24 122879 53 122957 20 123403 53 123481 20 123927 53 124005 20 124451 53 124529 20 124975 53 125053 20 125495 57 125577 20 126019 57 126101 20 126543 57 126625 20 127067 57 127149 16 127194 4 127591 57 127673 16 127718 4 128115 57 128197 16 128242 4 128635 61 128709 24 128762 16 129159 61 129233 24 129286 16 129683 61 129752 21 129806 20 130207 61 130276 21 130330 20 130731 61 130800 21 130854 20 131255 90 131378 36 131779 90 131902 36 132303 90 132426 36 132827 90 132950 41 133351 90 133474 41 133875 90 133998 41 134399 90 134522 41 134923 90 135046 41 135447 90 135570 41 135971 90 136094 41 136495 90 136618 41 137015 94 137142 41 137539 94 137666 41 138063 94 138190 41 138587 94 138714 36 139111 94 139238 36 139635 94 139758 36 140159 94 140282 36 140683 94 140806 36 141207 94 141313 33 141731 94 141837 33 142255 94 142361 33 142779 90 142877 37 143303 90 143401 37 143827 90 143925 37 144351 73 144445 41 144875 73 144969 41 145399 73 145493 41 145923 73 146017 41 146447 73 146541 41 146975 65 147065 41 147499 65 147589 41 148023 65 148113 41 148551 61 148637 41 149075 61 149161 41 149603 53 149685 41 150127 53 150209 41 150651 53 150733 41 151175 45 151257 37 151699 45 151781 37 152223 45 152305 37 152747 49 152808 9 152829 37 153271 49 153332 9 153353 37 153795 49 153856 9 153877 37 154323 45 154376 58 154847 45 154900 58 155375 103 155899 103 156423 103 156951 74 157029 8 157475 74 157553 8 157999 74 158077 8 158523 70 159047 70 159571 70 160095 70 160619 70 161143 70 161667 70 162191 70 162715 70 163239 70 163763 70 164287 70 164811 70 165335 70 165859 70 166383 70 166907 70 167431 70 167955 70 168479 66 169003 66 169527 66 170051 54 170575 54 171099 54 171623 54 172147 54 172671 54 173195 54 173719 54 174247 50 174771 50 175299 46 175823 46 176347 46 176880 37 177404 37 177928 37 178452 37 178976 37 179500 37 180024 37 180548 37 181076 4 181600 4 182124 4
b83d1d77935b6cfd44105b54600ffc4b6bd82de57dec65571bcb117fa8398ba3,374 12 492 25 898 12 1016 25 1422 12 1540 25 1941 29 2060 33 2465 29 2584 33 2989 41 3039 8 3075 17 3108 33 3513 41 3563 8 3599 17 3632 33 4037 41 4087 8 4123 17 4156 33 4561 58 4643 25 4680 33 5085 58 5167 25 5204 33 5609 58 5691 25 5728 33 6133 58 6211 33 6256 25 6657 58 6735 33 6780 25 7181 58 7259 33 7304 25 7705 54 7771 4 7779 37 7828 25 8229 54 8295 4 8303 37 8352 25 8753 111 8876 25 9277 111 9400 25 9801 111 9924 25 10325 148 10849 148 11373 148 11897 144 12421 144 12945 21 12978 45 13031 58 13469 21 13502 45 13555 58 13993 21 14026 45 14079 58 14522 16 14554 41 14608 49 15046 16 15078 41 15132 49 15570 16 15602 41 15656 49 16094 16 16122 45 16180 49 16618 16 16646 45 16704 49 17142 16 17170 45 17228 49 17666 69 17752 32 18190 69 18276 32 18714 65 18800 32 19238 65 19324 32 19762 65 19848 32 20286 65 20355 45 20810 65 20879 45 21334 65 21403 45 21858 114 21984 13 22382 114 22508 13 22906 114 23032 13 23430 110 23552 17 23954 110 24076 17 24478 110 24596 25 25002 110 25120 25 25526 110 25644 25 26054 110 26168 25 26578 110 26692 25 27102 110 27216 25 27626 139 28150 139 28674 139 29198 139 29722 139 30246 135 30770 135 31294 135 31814 139 32338 139 32862 139 33386 139 33910 139 34434 77 34515 62 34958 77 35039 62 35482 77 35563 62 35985 12 36006 77 36092 57 36509 12 36530 77 36616 57 37033 12 37054 77 37140 57 37553 172 38077 172 38601 168 39125 168 39649 168 40169 123 40300 41 40693 123 40824 41 41217 123 41348 41 41741 123 41876 16 41901 12 42265 123 42400 16 42425 12 42789 123 42924 16 42949 12 43313 127 43837 127 44361 127 44885 127 45409 127 45933 131 46457 131 46981 131 47505 24 47538 36 47587 49 48029 24 48062 36 48111 49 48553 24 48590 20 48635 49 49077 24 49114 20 49159 49 49601 24 49638 20 49683 49 50125 24 50162 20 50211 45 50649 24 50686 20 50735 45 51173 24 51210 20 51259 45 51697 24 51734 20 51762 13 51791 37 52221 24 52258 20 52286 13 52315 37 52745 24 52782 20 52810 13 52839 37 53248 13 53269 24 53306 45 53367 21 53772 13 53793 24 53830 45 53891 21 54296 45 54354 45 54411 16 54820 45 54878 45 54935 16 55344 45 55402 45 55459 16 55868 41 55926 45 55979 20 56012 12 56392 41 56450 45 56503 20 56536 12 56916 41 56974 45 57027 20 57060 12 57440 41 57494 49 57551 25 57580 20 57964 41 58018 49 58075 25 58104 20 58488 37 58542 49 58595 53 59012 37 59066 49 59119 53 59536 37 59590 49 59643 53 60060 33 60114 24 60142 21 60171 49 60584 33 60638 24 60666 21 60695 49 61108 33 61162 24 61190 21 61219 49 61637 28 61686 24 61714 17 61743 49 62161 28 62210 24 62238 17 62267 49 62685 28 62734 24 62762 17 62791 49 63209 28 63258 45 63315 20 63340 24 63733 28 63782 45 63839 20 63864 24 64257 28 64306 45 64363 16 64392 20 64781 28 64830 45 64887 16 64916 20 65305 28 65354 45 65411 16 65440 20 65829 28 65882 65 65964 20 66353 28 66406 65 66488 20 66877 28 66930 65 67012 20 67401 28 67458 61 67540 12 67925 28 67982 61 68064 12 68449 28 68514 53 68592 4 68973 28 69038 53 69116 4 69497 28 69562 53 69640 4 70025 24 70086 53 70549 24 70610 53 71073 24 71134 53 71597 24 71658 16 71683 28 72121 24 72182 16 72207 28 72645 24 72706 16 72731 28 73173 16 73234 12 73255 28 73697 16 73758 12 73779 28 74221 16 74282 16 74303 28 74745 16 74806 16 74827 28 75269 16 75330 16 75351 28 75793 16 75854 16 75875 24 76317 16 76378 16 76399 24 76841 16 76902 16 76923 24 77369 12 77422 20 77451 20 77893 12 77946 20 77975 20 78417 12 78470 20 78499 20 78941 12 78994 20 79027 8 79465 12 79518 20 79551 8 79993 8 80042 20 80517 8 80566 20 81041 8 81090 20 81614 20 82138 20 82662 20 83186 20 83710 20 84234 20 84758 20 85282 20 85806 20 86330 20 86854 20 87378 20 87902 20 88426 20 88950 20 89474 20 90002 8 90526 8 91050 8
b83d1d77935b6cfd44105b54600ffc4b6bd82de57dec65571bcb117fa8398ba3,337 16 861 16 1385 16 1905 20 2429 20 2957 16 3481 16 4005 16
b83d1d77935b6cfd44105b54600ffc4b6bd82de57dec65571bcb117fa8398ba3,170129 12 170150 4 170653 12 170674 4 171169 37 171693 37 172217 37 172741 37 173265 37 173789 37 174309 37 174833 37 175357 28 175881 28 176405 28 176929 28 177453 28 177977 28 178497 32 179021 32 179545 32 180069 28 180593 28 181125 16 181649 16 182173 16
b83d1d77935b6cfd44105b54600ffc4b6bd82de57dec65571bcb117fa8398ba3,73205 5 73729 5 74249 13 74773 13 75297 13 75817 17 76341 17 76865 17 77389 17 77913 17 78437 17 78961 21 79485 21 80009 21 80533 21 81057 21 81585 17 82109 17 82633 17 83157 17 83681 17 84209 9 84733 9 85257 9
b83d1d77935b6cfd44105b54600ffc4b6bd82de57dec65571bcb117fa8398ba3,145550 8 146074 8 146598 8 147122 12 147646 12 148170 12 148690 16 149214 16 149738 16 150262 16 150786 16 151310 16 151834 16 152358 16 152882 16 153406 16 153930 16 154458 12 154982 12 155506 17 156030 17 156554 17 157078 21 157602 21 158126 21 158654 17 159178 17 159702 17 160226 17 160750 17 161274 21 161798 21 162322 21 162846 21 163370 21 163894 21 164418 21 164942 21 165466 21 165990 21 166514 21 167038 21 167562 21 168086 21 168610 17 169134 17 169658 17 170182 17 170706 17 171230 17 171754 17 172278 17 172802 13 173326 13 173850 13
b83d1d77935b6cfd44105b54600ffc4b6bd82de57dec65571bcb117fa8398ba3,95787 12 96311 12 96835 12 97354 21 97878 21 98402 21 98922 25 99446 25 99970 25 100494 25 101018 25 101542 25 101575 8 102066 25 102099 8 102590 25 102623 8 103114 25 103143 12 103638 25 103667 12 104158 45 104682 45 105206 45 105734 41 106258 41 106782 41 107306 21 107331 16 107830 21 107855 16 108354 21 108379 16 108882 9 108903 16 109406 9 109427 16 109951 16 110475 16 110999 16 111523 12 112047 12 112571 12 113099 4 113623 4
b83d1d77935b6cfd44105b54600ffc4b6bd82de57dec65571bcb117fa8398ba3,110021 16 110545 16 111069 16 111588 21 112112 21 112636 21 113160 21 113684 21 114208 21 114732 21 115256 21 115740 12 115780 21 116264 12 116304 21 116788 12 116828 21 117307 21 117336 41 117831 21 117860 41 118355 21 118384 41 118875 25 118904 45 119399 25 119428 45 119923 74 120447 74 120971 74 121495 70 122019 70 122543 70 123067 45 123121 16 123591 45 123645 16 124115 45 124169 16 124639 45 124697 12 125163 45 125221 12 125687 45 126211 45 126735 45 127259 45 127783 45 128307 45 128831 21 128856 20 129355 21 129380 20 129875 21 129908 16 130399 21 130432 16 130923 21 130956 16 131435 33 131480 12 131959 33 132004 12 132483 33 132528 12 133003 33 133056 4 133527 33 133580 4 134051 33 134104 4 134571 37 135095 37 135619 41 136143 41 136667 41 137191 41 137715 41 138239 41 138763 41 139287 41 139811 41 140335 41 140859 41 141383 41 141907 41 142431 41 142955 37 143479 37 144003 37 144527 37 145051 37 145575 33 146099 33 146623 33 147151 16 147675 16 148199 16
b83d1d77935b6cfd44105b54600ffc4b6bd82de57dec65571bcb117fa8398ba3,167100 4 167624 4 168148 4 168664 16 169188 16 169712 16 170231 25 170755 25 171279 25 171803 25 172327 25 172851 21 173375 21 173899 21 174423 21 174947 21 175471 13 175995 13 176519 13 177035 17 177559 17 178083 17 178603 21 179127 21 179651 21 180175 21 180699 21 181227 17 181751 17 182275 17
b83d1d77935b6cfd44105b54600ffc4b6bd82de57dec65571bcb117fa8398ba3,152939 5 153463 5 153987 5 154511 5 155035 5 155559 5 156083 5 156607 5 157131 5 157655 5 158179 5 158703 5 159227 5
b83d1d77935b6cfd44105b54600ffc4b6bd82de57dec65571bcb117fa8398ba3,81684 8 82208 8 82732 8 83256 12 83780 12 84304 12 84828 12 85352 12 85876 8 86400 8 86924 8 87448 8 87972 8 88496 8
b83d1d77935b6cfd44105b54600ffc4b6bd82de57dec65571bcb117fa8398ba3,103172 8 103696 8 104220 8 104744 8 105268 8 105788 12 106312 12 106836 12 107364 8 107888 8 108412 8
b83d1d77935b6cfd44105b54600ffc4b6bd82de57dec65571bcb117fa8398ba3,145628 12 146152 12 146676 12 147196 16 147720 16 148244 16 148768 20 149292 20 149816 20 150340 20 150864 20 151388 20 151912 20 152436 20 152960 20 153484 20 154008 20 154532 16 155056 16 155580 16 156104 16 156628 16 157152 16 157676 16 158200 16 158728 8 159252 8
b83d1d77935b6cfd44105b54600ffc4b6bd82de57dec65571bcb117fa8398ba3,79088 8 79612 8 80132 12 80656 12 81180 12 81704 16 82228 16 82752 16 83276 16 83800 16 84324 16 84848 16 85372 16 85896 12 86420 12 86944 12 87468 12 87992 12 88516 12
b83d1d77935b6cfd44105b54600ffc4b6bd82de57dec65571bcb117fa8398ba3,44525 4 45049 4 45573 4 46088 21 46612 21 47136 21 47656 25 48180 25 48704 29 49228 29 49752 29 50276 29 50800 29 51324 29 51848 29 52372 29 52896 29 53420 29 53944 29 54468 29 54992 29 55516 29 56044 25 56568 25 57092 25 57621 16 58145 16 58681 4 59205 4 59729 4
b83d1d77935b6cfd44105b54600ffc4b6bd82de57dec65571bcb117fa8398ba3,63380 9 63904 9 64424 17 64948 17 65472 17 65996 17 66520 17 67044 17 67568 17 68092 17 68616 17 69140 17 69664 17 70188 17 70712 17 71236 17 71760 17 72284 17 72808 17 73332 13 73856 13 74380 13 74904 13 75428 13 75952 9 76476 9 77000 9
b83d1d77935b6cfd44105b54600ffc4b6bd82de57dec65571bcb117fa8398ba3,84349 4 84873 4 85397 4 85921 8 86445 8 86969 8 87493 4 88017 4 88541 4 89065 4 89589 4
b83d1d77935b6cfd44105b54600ffc4b6bd82de57dec65571bcb117fa8398ba3,158765 4 159289 4 159809 8 160333 8 160857 8 161381 8 161905 8 162429 8 162953 8 163477 8 164001 8 164525 8 165049 8 165569 12 166093 12 166617 12 167141 12 167665 12 168189 12 168713 12 169237 12 169761 12 170285 12 170809 12 171333 12 171857 12 172381 12 172909 8 173433 8 173957 8 174481 8 175005 8
b83d1d77935b6cfd44105b54600ffc4b6bd82de57dec65571bcb117fa8398ba3,145665 4 146189 4 146713 4
bdc789019cee8ddfae20d5f769299993b4b330b2d38d1218646cf89e77fbbd4d,76441 24 76961 24 77481 24 78001 24 78521 24 79041 28 79561 28 80081 28 80601 28 81121 28 81641 28 82161 37 82681 37 83201 37 83721 37 84241 37 84761 41 85281 41 85801 41 86321 41 86841 41 87361 41 87881 45 87934 16 88401 45 88454 16 88921 45 88974 16 89441 45 89494 16 89961 45 90014 16 90481 77 90579 8 91001 77 91099 8 91521 77 91619 8 92041 77 92139 8 92561 77 92659 8 93081 114 93601 114 94121 114 94641 114 95161 114 95681 114 96201 118 96721 118 97241 118 97761 118 98281 118 98801 122 99321 122 99841 122 100361 122 100881 122 101401 122 101958 85 102478 85 102998 85 103518 85 104038 85 104562 81 105082 81 105602 81 106122 81 106642 81 107162 81 107690 73 108210 73 108730 73 109250 73 109770 73 110302 61 110822 61 111342 61 111862 61 112382 61 112910 45 113430 45 113950 45 114470 45 114990 45 115510 45
bdc789019cee8ddfae20d5f769299993b4b330b2d38d1218646cf89e77fbbd4d,112845 8 113365 8 113885 8 114405 8 114925 8 115445 8 115961 20 116481 20 117001 20 117521 20 118041 20 118561 28 119081 28 119601 28 120121 28 120641 28 121161 28 121681 28 122201 28 122721 28 123241 28 123761 28 124281 32 124801 32 125321 32 125841 32 126361 32 126881 32 127401 32 127921 32 128441 32 128961 32 129481 32 130001 28 130521 28 131041 28 131561 28 132081 28 132601 28 133129 16 133649 16 134169 16 134689 16 135209 16
bdc789019cee8ddfae20d5f769299993b4b330b2d38d1218646cf89e77fbbd4d,285485 12 286005 12 286525 12 287045 12 287565 12 288085 12 288601 20 289121 20 289641 20 290161 20 290681 20 291201 24 291721 24 292241 24 292761 24 293281 24 293801 24 294321 24 294841 24 295361 24 295881 24 296401 24 296921 24 297441 24 297961 24 298481 24 299001 24 299521 20 300041 20 300561 20 301081 20 301601 20 302121 20 302641 20 303161 20 303681 20 304201 20 304721 20 305241 20 305761 20 306281 20 306801 20 307321 20 307841 20 308361 20 308881 20 309401 20 309921 20 310441 20 310961 16 311481 16 312001 16 312521 16 313041 16 313561 16 314081 16 314601 16 315121 16 315641 16 316161 16 316681 12 317201 12 317721 12 318241 12 318761 12
bdc789019cee8ddfae20d5f769299993b4b330b2d38d1218646cf89e77fbbd4d,178385 21 178905 21 179425 21 179945 21 180465 21 180977 37 181497 37 182017 37 182537 37 183057 37 183573 45 184093 45 184613 45 185133 45 185653 45 186173 45 186689 53 187209 53 187729 53 188249 53 188769 53 189289 57 189809 57 190329 57 190849 57 191369 57 191889 57 192409 57 192929 57 193449 57 193969 57 194489 57 195009 57 195529 57 196049 57 196569 57 197089 57 197609 57 198129 57 198649 57 199169 57 199689 57 200209 57 200729 57 201249 57 201769 57 202289 57 202809 57 203329 53 203849 53 204369 53 204889 53 205409 53 205929 53 206453 49 206973 49 207493 49 208013 49 208533 49 209053 41 209573 41 210093 41 210613 41 211133 41 211653 41 212177 33 212697 33 213217 33 213737 33 214257 33
bdc789019cee8ddfae20d5f769299993b4b330b2d38d1218646cf89e77fbbd4d,133223 48 133743 48 134263 48 134783 48 135303 48 135819 65 136339 65 136859 65 137379 65 137899 65 138419 69 138939 69 139459 69 139979 69 140499 69 141019 69 141539 69 142059 69 142579 69 143099 69 143619 69 144139 73 144659 73 145179 73 145699 73 146219 73 146739 73 147271 57 147791 57 148311 57 148831 57 149351 57 149883 45 150403 45 150923 45 151443 45 151963 45 152483 45 153011 28 153531 28 154051 28 154571 28 155091 28
bdc789019cee8ddfae20d5f769299993b4b330b2d38d1218646cf89e77fbbd4d,251787 16 252307 16 252827 16 253347 16 253867 16 254383 28 254903 28 255423 28 255943 28 256463 28 256983 28 257503 32 258023 32 258543 32 259063 32 259583 32 260103 36 260623 36 261143 36 261663 36 262183 36 262703 36 263223 48 263743 48 264263 48 264783 48 265303 48 265823 56 266343 56 266863 56 267383 56 267903 56 268423 56 268943 61 269463 61 269983 61 270503 61 271023 61 271543 65 272063 65 272583 65 273103 65 273623 65 274143 69 274663 69 275183 69 275703 69 276223 69 276743 69 277267 65 277787 65 278307 65 278827 65 279347 65 279867 65 280387 65 280907 65 281427 65 281947 65 282467 65 282991 61 283511 61 284031 61 284551 61 285071 61 285595 53 286115 53 286635 53 287155 53 287675 53 288195 53 288723 45 289243 45 289763 45 290283 45 290803 45 291331 28 291851 28 292371 28 292891 28 293411 28 293931 28
bdc789019cee8ddfae20d5f769299993b4b330b2d38d1218646cf89e77fbbd4d,330851 16 331371 16 331891 16 332411 16 332931 16 333451 16 333963 32 334483 32 335003 32 335523 32 336043 32 336555 40 337075 40 337595 40 338115 40 338635 40 339155 40 339671 48 340191 48 340711 48 341231 48 341751 48 342267 52 342787 52 343307 52 343827 52 344347 52 344867 52 345387 52 345907 52 346427 52 346947 52 347467 52 347983 52 348503 52 349023 52 349543 52 350063 52 350583 52 351103 52 351623 52 352143 52 352663 52 353183 52 353703 52 354223 52 354743 52 355263 52 355783 52 356307 48 356827 48 357347 48 357867 48 358387 48 358907 48 359431 44 359951 44 360471 44 360991 44 361511 44
bdc789019cee8ddfae20d5f769299993b4b330b2d38d1218646cf89e77fbbd4d,200896 8 201416 8 201936 8 202456 8 202976 8 203484 36 204004 36 204524 36 205044 36 205564 36 206084 36 206604 52 207124 52 207644 52 208164 52 208684 52 209199 61 209719 61 210239 61 210759 61 211279 61 211799 61 212319 65 212839 65 213359 65 213879 65 214399 65 214919 70 215439 70 215959 70 216479 70 216999 70 217519 70 218044 65 218564 65 219084 65 219604 65 220124 65 220648 61 221168 61 221688 61 222208 61 222728 61 223248 61 223772 57 224292 57 224812 57 225332 57 225852 57 226380 44 226900 44 227420 44 227940 44 228460 44 228992 24 229512 24 230032 24 230552 24 231072 24 231592 24
bdc789019cee8ddfae20d5f769299993b4b330b2d38d1218646cf89e77fbbd4d,67796 24 68316 24 68836 24 69356 24 69876 24 70396 24 70908 41 71428 41 71948 41 72468 41 72988 41 73500 53 74020 53 74540 53 75060 53 75580 53 76100 53 76616 57 77136 57 77656 57 78176 57 78696 57 79216 61 79736 61 80256 61 80776 61 81296 61 81816 61 82340 57 82860 57 83380 57 83900 57 84420 57 84940 57 85460 57 85980 57 86500 57 87020 57 87540 57 88064 53 88584 53 89104 53 89624 53 90144 53 90664 49 91184 49 91704 49 92224 49 92744 49 93268 45 93788 45 94308 45 94828 45 95348 45 95868 45 96396 33 96916 33 97436 33 97956 33 98476 33 99000 24 99520 24 100040 24 100560 24 101080 24 101600 24
bdc789019cee8ddfae20d5f769299993b4b330b2d38d1218646cf89e77fbbd4d,325212 29 325732 29 326252 29 326772 29 327292 29 327812 29 328324 45 328844 45 329364 45 329884 45 330404 45 330924 53 331444 53 331964 53 332484 53 333004 53 333524 53 334040 61 334560 61 335080 61 335600 61 336120 61 336644 61 337164 61 337684 61 338204 61 338724 61 339244 61 339764 61 340284 61 340804 61 341324 61 341844 61 342368 61 342888 61 343408 61 343928 61 344448 61 344972 57 345492 57 346012 57 346532 57 347052 57 347572 57 348104 45 348624 45 349144 45 349664 45 350184 45 350713 32 351233 32 351753 32 352273 32 352793 32 353313 32
bdc789019cee8ddfae20d5f769299993b4b330b2d38d1218646cf89e77fbbd4d,283104 29 283624 29 284144 29 284664 29 285184 29 285700 37 286220 37 286740 37 287260 37 287780 37 288300 37 288820 37 289340 37 289860 37 290380 37 290900 37 291420 41 291940 41 292460 41 292980 41 293500 41 294020 41 294540 41 295060 41 295580 41 296100 41 296620 41 297144 37 297664 37 298184 37 298704 37 299224 37 299749 28 299793 21 300269 28 300313 21 300789 28 300833 21 301309 28 301353 21 301829 28 301873 21 302349 28 302393 21 302877 12 302897 41 303397 12 303417 41 303917 12 303937 41 304437 12 304457 41 304957 12 304977 41 305493 45 306013 45 306533 45 307053 45 307573 45 308093 45 308613 45 309133 45 309653 45 310173 45 310693 45 311213 45 311733 45 312253 45 312773 45 313293 45 313813 45 314333 45 314853 45 315373 45 315893 45 316413 45 316937 65 317457 65 317977 65 318497 65 319017 65 319541 16 319565 45 320061 16 320085 45 320581 16 320605 45 321101 16 321125 45 321621 16 321645 45 322141 16 322165 45 322685 45 323205 45 323725 45 324245 45 324765 45 325281 49 325801 49 326321 49 326841 49 327361 49 327881 49 328401 49 328921 49 329441 49 329961 49 330481 49 331001 49 331521 49 332041 49 332561 49 333081 49 333601 49 334125 45 334645 45 335165 45 335685 45 336205 45 336729 37 337249 37 337769 37 338289 37 338809 37 339329 37 339858 20 340378 20 340898 20 341418 20 341938 20
bdc789019cee8ddfae20d5f769299993b4b330b2d38d1218646cf89e77fbbd4d,189537 16 190057 16 190577 16 191097 16 191617 16 192137 16 192645 36 193165 36 193685 36 194205 36 194725 36 195241 44 195761 44 196281 44 196801 44 197321 44 197841 44 198361 48 198881 48 199401 48 199921 48 200441 48 200961 48 201481 48 202001 48 202521 48 203041 48 203561 48 204081 48 204601 48 205121 48 205641 48 206161 48 206681 44 207201 44 207721 44 208241 44 208761 44 209281 40 209801 40 210321 40 210841 40 211361 40 211881 40 212401 40 212921 40 213441 40 213961 40 214481 40 215001 44 215521 44 216041 44 216561 44 217081 44 217601 44 218125 40 218645 40 219165 40 219685 40 220205 40 220725 44 221245 44 221765 44 222285 44 222805 44 223325 44 223849 40 224369 40 224889 40 225409 40 225929 40 226453 32 226973 32 227493 32 228013 32 228533 32 229061 24 229581 24 230101 24 230621 24 231141 24 231661 24
bdc789019cee8ddfae20d5f769299993b4b330b2d38d1218646cf89e77fbbd4d,79358 20 79878 20 80398 20 80918 20 81438 20 81958 20 82474 24 82994 24 83514 24 84034 24 84554 24 85074 28 85594 28 86114 28 86634 28 87154 28 87674 28 88198 28 88718 28 89238 28 89758 28 90278 28 90798 45 91318 45 91838 45 92358 45 92878 45 93398 49 93918 49 94438 49 94958 49 95478 49 95998 49 96518 49 97038 49 97558 49 98078 49 98598 49 99118 49 99638 49 100158 49 100678 49 101198 49 101718 49 102238 49 102758 49 103278 49 103798 49 104318 49 104838 49 105358 49 105878 49 106398 49 106918 49 107438 49 107962 41 108482 41 109002 41 109522 41 110042 41 110562 37 111082 37 111602 37 112122 37 112642 37 113166 28 113686 28 114206 28 114726 28 115246 28 115766 28 116290 16 116810 16 117330 16 117850 16 118370 16
bdc789019cee8ddfae20d5f769299993b4b330b2d38d1218646cf89e77fbbd4d,37258 29 37778 29 38298 29 38818 29 39338 29 39854 37 40374 37 40894 37 41414 37 41934 37 42454 37 42970 41 43490 41 44010 41 44530 41 45050 41 45566 49 46086 49 46606 49 47126 49 47646 49 48166 49 48686 49 49206 49 49726 49 50246 49 50766 49 51282 57 51802 57 52322 57 52842 57 53362 57 53882 61 54402 61 54922 61 55442 61 55962 61 56482 61 57002 65 57522 65 58042 65 58562 65 59082 65 59602 69 60122 69 60642 69 61162 69 61682 69 62202 69 62722 69 63242 69 63762 69 64282 69 64802 69 65326 65 65846 65 66366 65 66886 65 67406 65 67959 32 68479 32 68999 32 69519 32 70039 32 70559 32 71079 32 71599 32 72119 32 72639 32 73159 32 73674 37 74194 37 74714 37 75234 37 75754 37 76274 37 76794 33 77314 33 77834 33 78354 33 78874 33 79399 28 79919 28 80439 28 80959 28 81479 28 81999 28 82519 24 83039 24 83559 24 84079 24 84599 24
bdc789019cee8ddfae20d5f769299993b4b330b2d38d1218646cf89e77fbbd4d,288963 16 289483 16 290003 16 290523 16 291043 16 291538 45 292058 45 292578 45 293098 45 293618 45 294138 45 294658 45 295178 45 295698 45 296218 45 296738 45 297254 49 297774 49 298294 49 298814 49 299334 49 299854 53 300374 53 300894 53 301414 53 301934 53 302454 53 302978 49 303498 49 304018 49 304538 49 305058 49 305578 49 306098 49 306618 49 307138 49 307658 49 308178 49 308702 45 309222 45 309742 45 310262 45 310782 45 311306 41 311826 41 312346 41 312866 41 313386 41 313906 41 314430 33 314950 33 315470 33 315990 33 316510 33 317034 29 317554 29 318074 29 318594 29 319114 29 319639 20 320159 20 320679 20 321199 20 321719 20 322239 20
bdc789019cee8ddfae20d5f769299993b4b330b2d38d1218646cf89e77fbbd4d,234883 20 235403 20 235923 20 236443 20 236963 20 237483 20 237999 32 238519 32 239039 32 239559 32 240079 32 240599 40 241119 40 241639 40 242159 40 242679 40 243199 40 243719 44 244239 44 244759 44 245279 44 245799 44 246319 44 246839 44 247359 44 247879 44 248399 44 248919 44 249439 44 249959 44 250479 44 250999 44 251519 44 252039 44 252559 44 253079 44 253599 44 254119 44 254639 40 255159 40 255679 40 256199 40 256719 40 257239 40 257763 36 258283 36 258803 36 259323 36 259843 36 260363 32 260883 32 261403 32 261923 32 262443 32 262963 32 263483 28 264003 28 264523 28 265043 28 265563 28 266087 24 266607 24 267127 24 267647 24 268167 24 268687 24 269207 20 269727 20 270247 20 270767 20 271287 20 271811 12 272331 12 272851 12 273371 12 273891 12
bdc789019cee8ddfae20d5f769299993b4b330b2d38d1218646cf89e77fbbd4d,280196 24 280716 24 281236 24 281756 24 282276 24 282796 24 283308 36 283828 36 284348 36 284868 36 285388 36 285904 40 286424 40 286944 40 287464 40 287984 40 288504 40 289024 40 289544 40 290064 40 290584 40 291104 40 291619 45 292139 45 292659 45 293179 45 293699 45 294219 45 294739 45 295259 45 295779 45 296299 45 296819 45 297339 45 297859 45 298379 45 298899 45 299419 45 299939 45 300459 45 300979 45 301499 45 302019 45 302539 45 303055 49 303575 49 304095 49 304615 49 305135 49 305659 41 306179 41 306699 41 307219 41 307739 41 308259 41 308779 41 309299 41 309819 41 310339 41 310859 41 311379 37 311899 37 312419 37 312939 37 313459 37 313979 37 314504 28 315024 28 315544 28 316064 28 316584 28 317112 12 317632 12 318152 12 318672 12 319192 12
bdc789019cee8ddfae20d5f769299993b4b330b2d38d1218646cf89e77fbbd4d,220977 24 221497 24 222017 24 222537 24 223057 24 223577 24 224093 28 224613 28 225133 28 225653 28 226173 28 226689 32 227209 32 227729 32 228249 32 228769 32 229289 32 229809 32 230329 32 230849 32 231369 32 231889 32 232404 37 232924 37 233444 37 233964 37 234484 37 235004 37 235524 37 236044 37 236564 37 237084 37 237604 37 238124 37 238644 37 239164 37 239684 37 240204 37 240684 28 240724 37 241204 28 241244 37 241724 28 241764 37 242244 28 242284 37 242764 28 242804 37 243284 28 243324 37 243800 40 243844 37 244320 40 244364 37 244840 40 244884 37 245360 40 245404 37 245880 40 245924 37 246396 85 246916 85 247436 85 247956 85 248476 85 248996 85 249512 89 250032 89 250552 89 251072 89 251592 89 252112 89 252632 89 253152 89 253672 89 254192 89 254712 57 254773 28 255232 57 255293 28 255752 57 255813 28 256272 57 256333 28 256792 57 256853 28 257312 57 257373 28 257832 52 257897 24 258352 52 258417 24 258872 52 258937 24 259392 52 259457 24 259912 52 259977 24 260436 48 260956 48 261476 48 261996 48 262516 48 263036 48 263560 44 264080 44 264600 44 265120 44 265640 44 266172 28 266692 28 267212 28 267732 28 268252 28 268772 28 269296 20 269816 20 270336 20 270856 20 271376 20
c8e79ff4ac55f4b772057de28e539727b7f4f2a3de73bf7a082a0ace86d609eb,55549 4 56073 4 56597 4 57117 12 57641 12 58165 12 58185 17 58689 12 58709 17 59213 12 59233 17 59737 41 60261 41 60785 41 61309 41 61833 41 62357 41 62881 41 63405 41 63929 45 64453 45 64977 45 65501 41 66025 41 66549 41 67073 41 67597 41 68121 37 68645 37 69169 37 69693 29 70217 29 70741 29 71265 20 71789 20 72313 20 72837 20 73361 20 73885 20 74409 20 74933 20 75461 8 75985 8 76509 8
c8e79ff4ac55f4b772057de28e539727b7f4f2a3de73bf7a082a0ace86d609eb,146721 8 147245 8 147769 8 148293 12 148817 12 149341 8 149865 8 150389 8 150917 4 151441 4 151965 4
c8e79ff4ac55f4b772057de28e539727b7f4f2a3de73bf7a082a0ace86d609eb,95529 16 96053 16 96577 16 97097 24 97621 24 98145 24 98669 24 99193 24 99717 24 100241 24 100765 24 101289 24 101813 24 102337 24 102861 24 103385 24 103909 24 104433 24 104957 24 105485 16 106009 16 106533 16 107057 16 107581 16 108105 16 108629 16 109153 16 109640 16 109673 24 110164 16 110197 24 110688 16 110721 24 111208 24 111245 24 111732 24 111769 24 112256 24 112293 24 112776 28 112817 24 113300 28 113341 24 113824 28 113865 24 114348 28 114389 24 114872 28 114913 24 115396 28 115437 24 115920 28 115961 24 116444 28 116485 24 116968 28 117009 20 117492 28 117533 20 118016 28 118057 20 118499 16 118540 28 118581 20 119023 16 119064 28 119105 20 119543 24 119588 24 119624 29 120067 24 120112 24 120148 29 120591 24 120636 24 120672 29 121115 28 121151 25 121184 41 121639 28 121675 25 121708 41 122163 28 122199 25 122232 41 122687 49 122756 41 123211 49 123280 41 123735 49 123804 41 124254 58 124328 41 124778 58 124852 41 125294 66 125376 41 125818 66 125900 41 126342 66 126424 41 126862 70 126948 37 127386 70 127472 37 127910 70 127996 37 128434 90 128545 12 128958 90 129069 12 129478 94 129593 12 130002 94 130117 12 130526 94 130641 12 131050 98 131161 20 131574 98 131685 20 132098 98 132209 20 132622 98 132733 20 133146 98 133257 20 133670 98 133781 20 134198 21 134227 61 134301 24 134722 21 134751 61 134825 24 135246 21 135312 24 135349 24 135770 21 135836 24 135873 24 136294 21 136360 24 136397 24 136822 8 136851 8 136880 24 136925 20 137346 8 137375 8 137404 24 137449 20 137870 8 137899 8 137928 24 137973 20 138415 20 138448 28 138497 16 138939 20 138972 28 139021 16 139463 57 139987 57 140511 57 141027 65 141551 65 142075 65 142594 70 143118 70 143642 70 144162 70 144236 21 144686 70 144760 21 145210 66 145284 21 145734 66 145808 21 146258 66 146332 21 146782 41 146832 12 146852 29 147306 41 147356 12 147376 29 147830 41 147880 12 147900 29 148354 37 148424 29 148878 37 148948 29 149406 25 149476 25 149930 25 150000 25 150454 25 150524 25 150978 21 151048 21 151502 21 151572 21 152026 21 152096 21 152542 33 152620 21 153066 33 153144 21 153590 33 153668 21 154110 37 154168 12 154192 16 154634 37 154692 12 154716 16 155154 41 155211 45 155678 41 155735 45 156202 41 156259 45 156726 41 156779 49 157250 41 157303 49 157774 41 157827 49 158294 45 158351 54 158818 45 158875 54 159301 8 159322 16 159342 45 159399 54 159825 8 159846 16 159866 45 159923 54 160349 8 160370 16 160390 45 160447 54 160873 86 160971 54 161397 86 161495 54 161921 86 162019 54 162441 90 162543 54 162965 90 163067 54 163489 90 163591 54 164013 90 164119 21 164144 20 164537 90 164643 21 164668 20 165061 86 165172 16 165200 8 165585 86 165696 16 165724 8 166109 86 166220 16 166248 8 166633 61 166698 21 166744 16 167157 61 167222 21 167268 16 167681 61 167746 21 167792 16 168205 25 168238 28 168311 25 168729 25 168762 28 168835 25 169253 25 169286 28 169359 25 169777 20 169814 24 169883 29 170301 20 170338 24 170407 29 170829 12 170862 24 170931 29 171353 12 171386 24 171455 29 171877 12 171910 24 171979 29 172434 24 172503 29 172958 24 173027 29 173482 24 173551 29 174006 24 174080 20 174530 24 174604 20 175058 33 175099 12 175128 16 175582 33 175623 12 175652 16 176106 33 176147 12 176176 16 176642 45 177166 45 177690 45 178214 45 178738 45 179262 45 179782 49 180306 49 180838 41 181362 41 181886 41
c8e79ff4ac55f4b772057de28e539727b7f4f2a3de73bf7a082a0ace86d609eb,81237 21 81761 21 82285 21 82805 29 83329 29 83845 41 84369 41 84893 41 85417 41 85941 41 86465 41 86993 37 87517 37 88041 37 88573 29 89097 29 89621 29 90145 29 90669 29 91197 21 91721 21 92245 21
c8e79ff4ac55f4b772057de28e539727b7f4f2a3de73bf7a082a0ace86d609eb,108489 5 109013 5 109533 13 110057 13 110581 13 111105 13 111629 13 112153 13 112665 4 112677 17 113189 4 113201 17 113713 25 114237 25 114761 25 115285 25 115809 25 116333 25 116861 21 117385 21 117909 21 118433 17 118957 17 119481 17 120005 17 120529 17 121053 17 121577 17 122101 17 122625 17 123149 17 123673 17 124197 12 124721 12
c8e79ff4ac55f4b772057de28e539727b7f4f2a3de73bf7a082a0ace86d609eb,29930 9 30454 9 30978 9 31498 17 32022 17 32546 17 33066 25 33590 25 34114 25 34638 25 35162 25 35658 16 35686 25 36182 16 36210 25 36706 16 36734 25 37225 25 37258 49 37749 25 37782 49 38269 86 38793 86 39317 86 39841 90 40365 90 40889 90 41413 90 41937 90 42461 90 42985 58 43047 28 43509 58 43571 28 44037 50 44095 28 44561 50 44619 28 45085 50 45143 28 45614 45 45671 20 46138 45 46195 20 46662 45 46719 20 47206 25 47243 20 47730 25 47767 20 48254 20 48295 8 48778 20 48819 8 49302 20 49343 8 49826 20 50350 20 50874 20 51402 16 51926 16 52450 16 52978 8 53502 8
c8e79ff4ac55f4b772057de28e539727b7f4f2a3de73bf7a082a0ace86d609eb,105341 4 105865 4 106389 4
c8e79ff4ac55f4b772057de28e539727b7f4f2a3de73bf7a082a0ace86d609eb,77082 4 77606 4 78130 4 78650 8 79174 8 79698 8 80222 8 80746 8
c8e79ff4ac55f4b772057de28e539727b7f4f2a3de73bf7a082a0ace86d609eb,57207 16 57731 16 58251 25 58775 25 59299 25 59823 25 60347 25 60871 25 61395 25 61919 25 62443 25 62946 46 63470 46 63990 50 64514 50 65038 50 65562 45 66086 45 66610 45 67130 29 67167 8 67654 29 67691 8 68178 29 68702 29 69226 29 69750 29 70274 29 70798 29 71322 29 71355 12 71846 29 71879 12 72370 29 72403 12 72898 21 72923 20 73422 21 73447 20 73946 17 73971 41 74470 17 74495 41 74994 17 75019 41 75547 41 76071 41 76595 41 77119 45 77643 45 78167 45 78699 37 79223 37 79747 37 80271 37 80795 37 81315 37 81839 37 82363 37 82887 29 83411 29 83935 25 84459 25 84983 25 85507 25 86031 25 86555 25 87079 21 87603 21 88127 21 88651 17 89175 17 89699 17 90223 17 90747 17 91267 21 91791 21 92315 21 92835 29 93359 29 93883 29 94407 29 94931 29 95439 4 95451 29 95963 4 95975 29 96487 4 96499 29 97002 50 97526 50 98050 50 98570 49 99094 49 99618 49 100142 49 100666 49 101186 49 101710 49 102234 49 102758 29 103282 29 103810 25 104334 25 104858 25 105382 21 105906 21 106430 21 106958 13 107482 13 108006 13
c8e79ff4ac55f4b772057de28e539727b7f4f2a3de73bf7a082a0ace86d609eb,14243 17 14767 17 15291 17 15811 25 16335 25 16859 25 17383 25 17907 25 18427 29 18951 29 19475 29 19999 29 20523 29 21047 29 21575 25 22099 25 22623 25 23147 21 23671 21 24199 12 24723 12 25247 12
c8e79ff4ac55f4b772057de28e539727b7f4f2a3de73bf7a082a0ace86d609eb,111179 4 111703 4 112227 4 112747 8 113271 8 113795 8 114319 8 114843 8
c8e79ff4ac55f4b772057de28e539727b7f4f2a3de73bf7a082a0ace86d609eb,120 8 644 8 1168 8 1692 12 2216 12 2740 8 3264 8 3788 8
c8e79ff4ac55f4b772057de28e539727b7f4f2a3de73bf7a082a0ace86d609eb,31564 4 32088 4 32612 4 33132 8 33656 8 34180 8 34704 8 35228 8 35752 8 36276 8 36800 8 37324 8 37848 8 38372 8 38896 8 39420 8
c8e79ff4ac55f4b772057de28e539727b7f4f2a3de73bf7a082a0ace86d609eb,43112 21 43636 21 44160 25 44684 25 45208 25 45728 29 46252 29 46776 29 47300 29 47824 29 48336 41 48860 41 49384 41 49904 45 50428 45 50952 45 51476 20 51500 17 52000 20 52024 17 52524 20 52548 17 53044 20 53076 21 53568 20 53600 21 54096 16 54124 25 54620 16 54648 25 55144 16 55172 25 55668 16 55692 29 56192 16 56216 29 56716 16 56740 29 57240 16 57264 29 57764 16 57788 29 58292 8 58312 33 58816 8 58836 33 59340 8 59360 33 59868 4 59884 29 60392 4 60408 29 60916 4 60932 29 61456 29 61980 29 62504 29 63028 29 63552 29 64080 25 64604 25 65128 25 65652 21 66176 21 66700 21
c8e79ff4ac55f4b772057de28e539727b7f4f2a3de73bf7a082a0ace86d609eb,24236 12 24760 12 25284 12 25808 8 26332 8 26856 8
c8e79ff4ac55f4b772057de28e539727b7f4f2a3de73bf7a082a0ace86d609eb,168365 12 168889 12 169413 12 169933 20 170457 20 170976 25 171500 25 172024 25 172548 25 173072 25 173596 25 174120 25 174644 25 175168 25 175692 25 176216 25 176740 25 177264 25 177788 25 178312 21 178836 21 179360 21 179893 4 180417 4
c8e79ff4ac55f4b772057de28e539727b7f4f2a3de73bf7a082a0ace86d609eb,15905 8 16429 8 16953 8 17473 12 17997 12 18517 21 19041 21 19565 21 20085 25 20609 25 21133 25 21653 29 22177 29 22701 29 23225 29 23749 29 24273 29 24797 29 25321 29 25841 33 26365 33 26889 33 27409 4 27425 21 27933 4 27949 21 28477 17 29001 17 29525 17 30049 12 30573 12 31097 12 31625 4 32149 4 32673 4
c8e79ff4ac55f4b772057de28e539727b7f4f2a3de73bf7a082a0ace86d609eb,146893 4 147417 4 147941 4 148465 4 148989 4 149513 4 150037 4 150561 4
c8e79ff4ac55f4b772057de28e539727b7f4f2a3de73bf7a082a0ace86d609eb,146934 4 147458 4 147982 4 148502 8 149026 8 149550 12 150074 12 150598 12 151122 8 151646 8 152170 8 152690 12 153214 12 153738 12 154262 16 154786 16 155310 16 155834 16 156358 16 156882 16 157406 16 157930 16 158454 16 158978 16 159502 16 160026 16 160550 16 161074 16 161598 16 162122 16 162646 16 163170 16 163694 16 164218 16 164742 16 165262 24 165786 24 166310 24 166834 24 167358 24 167882 24 168406 24 168930 24 169454 24 169978 24 170502 24 171026 24 171550 24 172074 24 172598 24 173122 24 173646 24 174170 24 174694 24 175218 24 175742 24 176266 24 176790 24 177314 24 177838 24 178366 20 178890 20 179414 20 179938 16 180462 16
c8e79ff4ac55f4b772057de28e539727b7f4f2a3de73bf7a082a0ace86d609eb,55758 16 56282 16 56806 16 57326 20 57850 20 58374 24 58898 24 59422 24 59946 24 60470 24 60994 24 61518 20 62042 20 62566 20 63090 20 63614 20 64142 12 64666 12 65190 12
c8e79ff4ac55f4b772057de28e539727b7f4f2a3de73bf7a082a0ace86d609eb,121266 8 121790 8 122314 8 122834 12 123358 12 123882 12 124406 16 124930 16 125450 20 125974 20 126498 20 127022 20 127546 20 128070 20 128594 20 129118 20 129642 20 130166 20 130690 20 131214 20 131738 20 132262 20 132786 20 133310 20 133834 20 134362 12 134886 12
c8e79ff4ac55f4b772057de28e539727b7f4f2a3de73bf7a082a0ace86d609eb,1810 13 2334 13 2858 13 3382 13 3906 13 4435 4 4959 4 5483 4
c8e79ff4ac55f4b772057de28e539727b7f4f2a3de73bf7a082a0ace86d609eb,71572 4 72096 4 72620 4 73140 12 73664 12 74188 12 74712 12 75236 12 75760 12 76284 12 76808 12 77332 12 77856 12 78380 12 78900 16 79424 16 79948 16 80472 16 80996 16 81520 16 82044 16 82568 16 83092 16 83616 16 84140 16 84664 16 85188 16 85712 16 86236 16 86760 16 87284 16 87808 16 88332 16 88860 12 89384 12 89908 12 90432 12 90956 12 91480 12 92004 12 92528 12 93052 8 93576 8
c8e79ff4ac55f4b772057de28e539727b7f4f2a3de73bf7a082a0ace86d609eb,117201 4 117725 4 118249 4 118773 4 119297 4 119817 8 120341 8 120865 8 121389 8 121913 8 122437 8 122961 8 123485 8 124009 8 124529 16 125053 16 125577 16 126101 16 126625 16 127149 12 127673 12 128197 12 128721 12 129245 12 129769 12 130293 12 130817 12 131337 16 131861 16 132385 16 132909 16 133433 16 133957 16 134481 12 135005 12 135529 12 136053 12 136577 12 137101 12 137625 12 138149 12 138673 12 139197 12 139717 12 140241 12 140765 12 141289 12 141813 12 142337 12 142861 12 143385 12 143909 12 144433 12 144957 12 145481 8 146005 8 146529 8
c8e79ff4ac55f4b772057de28e539727b7f4f2a3de73bf7a082a0ace86d609eb,128749 5 129273 5 129797 9 130321 9 130845 9 131365 13 131889 13 132413 13 132937 13 133461 13 133985 13 134509 13 135033 13 135557 13 136081 13 136605 13 137129 13 137653 13 138177 13 138701 13 139225 13 139745 17 140269 17 140793 17 141317 17 141841 17 142365 17 142885 21 143409 21 143933 21 144457 21 144981 21 145505 21 146029 21 146553 21 147073 25 147597 25 148121 25 148645 25 149169 25 149693 25 150217 25 150741 25 151265 21 151789 21 152313 21 152837 21 153361 21 153885 21 154409 21 154933 21 155457 21 155981 21 156505 21 157029 21 157553 21 158077 21 158601 16 159125 16 159649 16 160173 16 160697 16 161217 20 161741 20 162265 20 162789 20 163313 20 163837 20 164361 16 164885 16 165409 16 165933 16 166457 16 166981 16 167505 16 168029 16 168557 21 169081 21 169605 21 170141 9 170665 9 171189 9 171713 9 172237 9 172761 9 173285 9 173809 9 174333 9 174857 9 175381 9 175905 9 176429 9 176953 9 177477 9 178001 9
c8e79ff4ac55f4b772057de28e539727b7f4f2a3de73bf7a082a0ace86d609eb,70074 8 70598 8 71122 8 71646 8 72170 8 72694 8 73218 8 73742 8 74262 12 74786 12 75310 12 75834 12 76358 12 76882 12 77406 12 77930 12 78454 12 78978 12 79502 12 80026 12 80550 12 81074 12 81598 8 82122 8 82646 8
c8e79ff4ac55f4b772057de28e539727b7f4f2a3de73bf7a082a0ace86d609eb,174395 8 174919 8 175439 16 175963 16 176487 16 177011 16 177535 16 178059 16 178579 20 179103 20 179627 20 180151 16 180675 16
c8e79ff4ac55f4b772057de28e539727b7f4f2a3de73bf7a082a0ace86d609eb,427 12 951 12 1475 12 1995 16 2519 16 3043 16 3567 16 4091 16 4619 12 5143 12 5667 12 6191 8 6715 8 7239 8
c8e79ff4ac55f4b772057de28e539727b7f4f2a3de73bf7a082a0ace86d609eb,89007 9 89531 9 90047 21 90571 21 91095 21 91619 25 92143 25 92667 25 93191 25 93715 25 94235 29 94759 29 95283 29 95807 29 96331 29 96855 29 97379 29 97903 29 98427 29 98951 25 99475 25 99999 25 100523 25 101047 25 101575 21 102099 21 102623 21 103151 13 103675 13
c8e79ff4ac55f4b772057de28e539727b7f4f2a3de73bf7a082a0ace86d609eb,151421 4 151945 4 152469 4 152972 8 152989 12 153496 8 153513 12 154020 8 154037 12 154540 37 155064 37 155584 41 156108 41 156632 41 157156 41 157680 41 158204 41 158728 41 159252 41 159776 41 160300 41 160824 41 161348 41 161872 41 162396 41 162920 37 163444 37 163968 37 164492 37 165016 37 165540 37 166064 37 166588 37 167116 29 167640 29 168164 29 168688 25 169212 25 169736 25 170260 21 170784 21 171312 8 171836 8 172360 8
c8e79ff4ac55f4b772057de28e539727b7f4f2a3de73bf7a082a0ace86d609eb,79113 8 79637 8 80157 12 80681 12 81205 12 81729 12 82253 12 82777 12 83297 12 83821 12 84345 12 84869 12 85393 12 85917 16 86441 16 86965 16 87489 20 88013 20 88537 20 89065 16 89589 16 90121 4 90645 4 91169 4
c8e79ff4ac55f4b772057de28e539727b7f4f2a3de73bf7a082a0ace86d609eb,2085 4 2609 4 3133 4 3657 4 4181 4 4705 4 5229 4 5753 4 6277 8 6801 8 7325 8 7849 8 8373 8 8897 8 9421 8 9945 8 10473 4 10997 4 11521 4
c8e79ff4ac55f4b772057de28e539727b7f4f2a3de73bf7a082a0ace86d609eb,101649 8 102173 8 102697 8 103217 12 103741 12 104265 12 104789 12 105313 12 105837 12 106361 12 106885 12 107409 12 107933 12 108457 12 108981 12 109505 12 110029 12 110553 12 111077 12 111605 8 112129 8 112653 8
ca20076870e8fb604e61802605a9ac45419c82dd3e23404c56c4869f9502a5ef,5 8 520 20 1039 20 1558 20 2081 16 2600 16 3119 16 3638 16 4161 8
ca20076870e8fb604e61802605a9ac45419c82dd3e23404c56c4869f9502a5ef,11938 8 12457 8 12976 12 13495 12 14014 12 14533 12 14561 4 15052 12 15076 12 15571 12 15595 12 16090 12 16114 17 16609 12 16633 17 17128 12 17152 17 17647 12 17671 17 18166 12 18190 17 18685 12 18713 13 19204 12 19232 13 19723 12 19751 13 20242 12 20270 13 20761 12 20789 17 21280 12 21308 17 21799 12 21823 25 22318 12 22342 25 22837 12 22861 29 23356 12 23380 29 23875 12 23899 29 24394 16 24418 33 24913 16 24937 33 25432 16 25456 33 25951 16 25975 33 26470 16 26494 33 26989 16 27009 37 27508 16 27528 37 28027 12 28047 37 28546 12 28566 37 29065 12 29085 37 29588 8 29604 37 30107 8 30123 37 30626 8 30642 37 31145 4 31161 37 31664 4 31680 37 32183 4 32199 41 32702 4 32718 41 33217 8 33237 37 33736 8 33756 37 34255 8 34275 37 34774 12 34794 25 35293 12 35313 25 35812 12 35832 25 36331 12 36351 25 36850 12 36870 25 37369 16 37389 25 37888 16 37908 25 38407 49 38926 49 39445 49 39964 49 40483 53 41002 53 41521 53 42040 53 42559 53 43078 53 43597 12 43617 33 44116 12 44136 33 44635 12 44655 33 45154 16 45174 33 45673 53 46192 53 46711 53 47230 57 47749 57 48268 57 48787 57 49306 57 49825 57 50344 57 50867 49 51386 49 51905 49 52424 49 52943 28 52975 17 53462 28 53499 8 53531 8 53981 28 54046 20 54500 28 54565 20 55015 32 55080 28 55534 32 55599 28 56053 32 56114 36 56572 32 56633 36 56686 8 57091 32 57152 36 57205 8 57610 32 57671 40 57719 13 58129 32 58190 44 58238 17 58648 32 58709 65 59167 32 59232 61 59686 32 59751 61 60205 32 60270 61 60724 32 60789 65 61243 32 61308 65 61762 32 61827 65 62281 32 62346 65 62804 28 62869 45 62918 12 63323 28 63388 45 63441 8 63842 28 63907 45 63960 8 64361 28 64426 45 64479 8 64880 24 64917 12 64945 45 65002 4 65399 24 65431 21 65464 45 65525 8 65918 24 65950 21 65983 45 66044 12 66433 28 66469 21 66506 41 66567 8 66952 28 66988 21 67025 41 67086 8 67471 28 67507 21 67544 41 67605 8 67990 28 68026 25 68063 41 68124 8 68509 28 68545 25 68582 41 68643 8 69028 28 69064 25 69105 37 69158 16 69547 28 69583 25 69624 37 69677 16 70070 24 70102 25 70143 37 70196 16 70589 24 70621 25 70662 37 70715 20 71108 24 71140 25 71181 37 71234 20 71627 24 71659 29 71700 37 71753 20 72146 24 72178 29 72219 37 72272 20 72665 24 72697 29 72738 37 72791 24 73184 24 73216 29 73253 41 73310 24 73703 28 73735 29 73772 36 73829 24 74226 24 74254 29 74291 36 74352 20 74745 24 74773 29 74810 36 74871 20 75264 20 75297 24 75329 36 75390 24 75787 16 75816 24 75848 36 75909 28 76306 16 76335 24 76367 20 76395 4 76428 28 76825 16 76854 48 76947 28 77344 16 77373 48 77466 28 77863 16 77892 48 77985 28 78386 16 78406 53 78504 32 78905 73 79023 32 79424 73 79538 40 79943 73 80057 40 80462 69 80580 40 80981 69 81099 40 81500 69 81618 40 82019 69 82141 36 82538 69 82660 36 83057 41 83106 16 83183 28
ca20076870e8fb604e61802605a9ac45419c82dd3e23404c56c4869f9502a5ef,46 81 135 24 565 113 1084 113 1603 113 2126 81 2211 24 2649 12 2669 57 2734 12 3188 61 3707 61 4226 61 4745 61 5264 61 5783 28 5819 25 6302 28 6338 25 6821 28 6862 24 7340 32 7381 24 7859 32 7900 24 8382 28 8419 24 8901 28 8938 24 9420 32 9457 28 9939 32 9976 28 10458 65 10977 65 11496 65 12015 65 12534 65 13057 61 13576 61 14095 61 14614 37 14663 12 15133 33 15182 12 15652 33 15701 16 16171 37 16224 12 16690 37 16743 12 17213 33 17262 12 17732 33 17781 12 18251 33 18300 12 18770 33 18819 12 19289 33 19338 12 19812 29 19857 12 20331 29 20380 12 20850 33 20899 12 21369 33 21418 12 21888 33 21937 12 22395 4 22407 37 22456 12 22910 12 22930 57 23429 77 23948 77 24463 81 24982 77 25501 77 26020 77 26539 77 27058 77 27577 77 28096 77 28615 81 29134 81 29653 32 29693 41 30172 32 30217 36 30691 32 30740 32 31210 36 31263 28 31729 36 31782 28 32252 32 32301 32 32771 36 32820 32 33290 41 33339 32 33805 49 33862 28 34324 49 34381 28 34843 49 34900 32 35362 49 35419 32 35885 49 35942 28 36404 49 36461 28 36923 49 36980 28 37442 49 37499 28 37961 49 38018 32 38484 49 38541 28 39003 49 39060 28 39522 49 39579 28 40041 49 40098 28 40564 45 40617 28 41083 45 41140 24 41602 45 41659 24 42121 45 42178 24 42644 41 42697 24 43163 41 43216 24 43682 41 43735 24 44201 41 44254 24 44724 37 44777 20 45243 37 45296 20 45762 37 45815 20 46285 33 46338 16 46804 33 46857 16 47323 33 47376 12 47842 33 47895 12 48365 33 48418 4 48884 33 49403 33 49926 29 50445 25 50968 21 51487 21 52006 21 52529 13 53053 4
ca20076870e8fb604e61802605a9ac45419c82dd3e23404c56c4869f9502a5ef,183 17 216 44 698 25 731 48 1217 25 1250 48 1736 25 1769 53 2255 29 2288 53 2774 29 2807 53 3293 29 3326 53 3812 29 3845 53 4331 29 4364 53 4850 86 5357 4 5369 81 5872 12 5888 81 6391 12 6407 81 6910 16 6930 73 7429 16 7449 77 7948 16 7973 72 8467 20 8508 56 8986 20 9027 56 9505 20 9546 56 10024 20 10065 56 10543 20 10584 61 11062 20 11103 61 11581 20 11622 61 12096 24 12141 61 12615 24 12660 32 12696 25 13134 24 13179 28 13219 25 13657 20 13698 28 13738 25 14176 20 14217 28 14257 25 14695 20 14736 32 14780 21 15214 25 15255 32 15299 21 15733 25 15774 32 15818 21 16252 25 16293 32 16341 17 16771 25 16812 32 16860 17 17290 25 17335 28 17379 17 17809 25 17854 32 17902 9 18328 25 18373 32 18421 9 18847 25 18892 32 19366 25 19411 32 19885 25 19930 32 20408 21 20445 36 20927 25 20964 36 21446 25 21483 36 21965 25 22002 36 22488 17 22525 28 23011 13 23044 28 23563 24 24082 24 24605 12 25124 8
ca20076870e8fb604e61802605a9ac45419c82dd3e23404c56c4869f9502a5ef,29754 8 30269 16 30788 21 31307 21 31826 21 32345 21 32864 21 33383 21 33902 21 34421 21 34940 21 35459 21 35978 21 36501 17 37020 17 37539 17 38062 8
ca20076870e8fb604e61802605a9ac45419c82dd3e23404c56c4869f9502a5ef,29783 12 30298 16 30817 16 31336 20 31855 20 32374 20 32893 20 33412 20 33931 20 34450 20 34969 24 35488 24 36007 24 36526 24 37045 24 37564 24 38083 24 38602 24 39125 20 39644 20 40163 24 40682 24 41201 24 41720 24 42239 24 42758 24 43277 24 43796 24 44315 24 44834 24 45353 24 45868 28 46383 32 46902 32 47421 32 47936 36 48455 32 48974 28 49493 28 50012 28 50531 28 51045 33 51564 29 52083 29 52602 29 53121 29 53645 24 54164 24 54683 24 55202 24 55721 24 56240 24 56759 20 57278 20 57801 12 58320 12
ca20076870e8fb604e61802605a9ac45419c82dd3e23404c56c4869f9502a5ef,63522 4 64041 8 64560 8 65079 8 65598 12 66117 12 66636 16 67155 16 67674 16 68193 16 68712 20 69231 20 69750 20 70269 20 70788 20 71307 24 71826 24 72345 24 72868 20 73387 24 73906 24 74425 24 74944 24 75463 24 75982 28 76501 28 77020 28 77539 28 78058 28 78581 24 79100 24 79623 20 80142 20 80665 12
ca20076870e8fb604e61802605a9ac45419c82dd3e23404c56c4869f9502a5ef,52643 4 53162 8 53681 8 54200 8 54719 8
ca20076870e8fb604e61802605a9ac45419c82dd3e23404c56c4869f9502a5ef,56803 16 57322 16 57841 20 58360 20 58875 28 59394 28 59913 28 60432 28 60951 28 61470 32 61989 32 62508 32 63027 32 63550 28 64069 33 64588 33 65107 33 65626 33 66149 33 66668 33 67187 33 67706 33 68225 37 68748 33 69267 33 69786 33 70309 33 70828 33 71347 33 71870 29 72389 29 72908 29 73427 29 73950 25 74469 25 74988 25 75507 25 76030 17
ca20076870e8fb604e61802605a9ac45419c82dd3e23404c56c4869f9502a5ef,25679 8 26194 16 26713 16 27232 21 27747 25 28266 29 28785 29 29304 29 29823 29 30342 33 30861 33 31380 33 31899 33 32418 33 32937 37 33460 33 33979 33 34498 33 35017 33 35540 29 36059 25 36574 25 37093 25 37612 25 38131 25 38650 25 39169 25 39688 25 40207 29 40730 25 41249 25 41768 29 42287 29 42806 29 43329 25 43848 29 44367 29 44886 29 45409 25 45928 25 46451 25 46970 25 47489 25 48008 25 48527 29 49051 24 49570 24 50089 24 50608 24 51127 24 51650 20 52169 20 52696 4
ca20076870e8fb604e61802605a9ac45419c82dd3e23404c56c4869f9502a5ef,53730 8 54245 16 54764 16 55283 20 55802 20 56321 20 56840 24 57359 24 57878 24 58397 24 58916 28 59435 28 59954 28 60473 32 60992 32 61515 32 62034 32 62553 32 63072 32 63591 32 64110 32 64629 32 65152 28 65671 28 66194 24 66713 24 67232 24 67751 24 68274 16 68797 8
ca20076870e8fb604e61802605a9ac45419c82dd3e23404c56c4869f9502a5ef,293 12 317 41 378 16 808 20 832 45 893 24 1327 20 1351 45 1412 24 1846 20 1870 45 1931 24 2369 16 2389 45 2450 24 2888 16 2908 45 2973 20 3407 16 3427 45 3492 20 3926 16 3946 45 4011 20 4445 16 4465 45 4530 20 4968 12 4984 45 5049 20 5487 65 5568 20 6010 8 6022 49 6083 24 6529 8 6541 49 6602 24 7024 12 7048 8 7064 45 7117 28 7539 20 7583 45 7632 32 8058 24 8102 45 8151 45 8577 24 8621 45 8670 49 9096 24 9140 45 9189 49 9615 28 9659 45 9708 49 10134 28 10178 41 10223 53 10657 28 10697 41 10742 53 11176 28 11216 41 11261 53 11695 28 11735 41 11780 53 12214 32 12254 41 12299 53 12733 32 12773 41 12818 53 13252 36 13292 41 13341 49 13771 36 13811 41 13860 49 14290 36 14330 41 14379 49 14809 40 14853 33 14898 45 15332 36 15372 33 15417 40 15474 8 15851 36 15891 33 15936 36 15989 12 16378 28 16414 29 16455 36 16508 12 16897 28 16933 29 16974 36 17027 12 17420 24 17452 29 17493 36 17542 20 17943 20 17971 29 18012 36 18061 20 18462 20 18494 25 18531 36 18580 20 18981 20 19013 21 19050 36 19099 20 19500 20 19532 21 19569 36 19618 20 20019 20 20055 17 20088 36 20137 20 20542 16 20574 17 20611 32 20656 20 21061 20 21098 8 21130 32 21175 24 21580 20 21617 8 21649 32 21694 24 22099 20 22168 32 22213 24 22618 16 22687 32 22732 24 23141 12 23206 32 23251 24 23664 4 23729 28 23766 28 24183 4 24248 28 24285 28 24767 32 24804 24 25286 61 25805 57 26324 57 26843 57 27366 49 27885 49 28404 45 28923 45 28972 12 29442 45 29491 12 29961 65 30484 37 30525 20 31003 33 31044 20 31522 33 31563 20 32041 33 32082 20 32560 29 32601 20 33075 33 33124 16 33586 41 33643 12 34101 45 34620 45 35139 40 35658 40 36173 44 36692 40 37211 40 37730 40 38253 36 38772 32 39291 32 39810 32 40329 32 40848 36 41367 36 41886 36 42405 36 42924 36 43443 36 43962 36 44481 36 45000 36 45519 36 46038 36 46557 36 47076 36 47595 36 48114 40 48633 40 49152 40 49671 40 50190 40 50709 40 51228 40 51747 40 52266 40 52781 44 53300 44 53819 49 54338 49 54857 49 55376 44 55895 44 56414 44 56929 48 57448 48 57963 52 58478 56 58997 56 59516 56 60035 56 60550 60 61069 24 61101 28 61588 24 61620 28 62107 28 62143 24 62626 28 62662 24 63145 28 63181 24 63668 24 63704 20 64187 24 64223 20 64706 24 64742 20 65225 24 65261 20 65744 24 65784 16 66263 24 66303 16 66782 24 66822 16 67301 24 67341 16 67816 28 67864 8 68331 32 68383 8 68850 36 68902 8 69365 40 69884 40 70403 40 70922 40 71441 40 71960 40 72479 40 73002 36 73521 36 74040 36 74559 36 75078 36 75597 36 76116 36 76635 36 77154 36 77673 36 78196 36 78715 36 79234 36 79757 32 80276 32 80795 32 81314 32 81833 32 82352 32 82871 32 83394 24
ca20076870e8fb604e61802605a9ac45419c82dd3e23404c56c4869f9502a5ef,18961 8 19480 8 19999 12 20518 16 21037 16 21556 16 22075 20 22594 20 23113 20 23632 24 24151 24 24674 20 25193 20 25712 20 26231 24 26750 24 27269 24 27788 24 28307 28 28830 24 29349 24 29868 24 30387 24 30906 24 31425 28 31944 28 32463 28 32986 24 33505 24 34024 24 34543 24 35062 24 35581 24 36104 24 36623 24 37142 24 37661 24 38180 24 38699 24 39222 20 39741 20 40260 20 40779 24 41302 24 41821 24 42340 24 42859 28 43378 28 43897 28 44416 28 44935 28 45454 28 45973 28 46496 24 47015 24 47534 24 48053 28 48572 28 49091 28 49610 28 50129 28 50648 28 51167 28 51686 28 52205 28 52728 24 53247 29 53766 29 54285 29 54804 29 55327 25 55846 25 56365 25 56884 25 57403 25 57926 21 58445 21 58964 21 59483 21 60002 21 60521 21 61044 12 61563 12 62086 8 62605 8 63124 8
ca20076870e8fb604e61802605a9ac45419c82dd3e23404c56c4869f9502a5ef,68306 8 68821 12 69336 20 69855 20 70374 20 70893 20 71412 20 71931 20 72450 20 72969 24 73492 20 74011 20 74530 20 75049 20 75568 20 76091 16 76610 16 77129 21 77648 21 78167 21 78682 25 79197 29 79716 24 80235 24 80754 24 81273 16 81792 12 82315 8 82834 8
ca20076870e8fb604e61802605a9ac45419c82dd3e23404c56c4869f9502a5ef,423 20 938 28 1457 28 1976 24 2495 24 3018 16 3537 8 4056 8
ca20076870e8fb604e61802605a9ac45419c82dd3e23404c56c4869f9502a5ef,3054 12 3573 16 4092 16 4607 24 5126 24 5645 24 6164 29 6683 29 7202 29 7721 29 8240 29 8759 29 9278 29 9797 29 10316 33 10835 33 11354 33 11873 33 12392 33 12911 37 13430 37 13949 37 14468 37 14991 33 15510 33 16029 33 16548 33 17067 33 17586 33 18105 33 18628 29 19147 29 19666 29 20185 29 20704 29 21223 29 21742 29 22261 29 22780 29 23299 29 23814 16 23834 9 24333 16 24353 9 24852 16 25371 20 25890 20 26409 20 26928 20 27447 20 27966 20 28485 25 29004 25 29523 25 30038 29 30561 25 31080 25 31599 25 32118 25 32637 25 33144 8 33156 29 33663 41 34182 41 34701 41 35216 45 35735 45 36254 45 36773 45 37292 45 37811 45 38330 45 38837 4 38849 41 39352 24 39384 25 39871 24 39903 25 40386 24 40422 25 40905 24 40941 25 41424 24 41460 20 41943 24 41979 20 42462 24 42498 20 42981 28 43021 12 43500 28 43544 4 44023 24 44542 24 45061 24 45580 24 46099 24 46618 24 47137 24 47656 28 48175 28 48694 28 49213 28 49732 28 50251 28 50770 32 51293 28 51816 24 52335 24 52858 20 53377 16 53888 24 54403 24 54922 24 55441 24 55956 28 56475 28 56994 32 57513 32 58028 36 58547 36 59066 36 59585 36 60104 36 60623 36 61142 36 61661 36 62180 36 62699 36 63218 36 63737 36 64256 36 64775 36 65294 36 65813 32 66336 28 66855 28 67374 28 67893 28 68412 24 68935 20 69458 12 69977 12 70496 12 71015 16 71534 16 72049 24 72568 24 73087 24 73606 24 74125 24 74644 24 75163 24 75686 36 76209 8 76225 20 76740 28 77259 28 77778 28 78297 32 78816 32 79335 32 79850 36 80369 36 80888 36 81407 41 81926 41 82445 41 82964 41 83483 36
ca20076870e8fb604e61802605a9ac45419c82dd3e23404c56c4869f9502a5ef,45637 20 46156 24 46670 29 47189 29 47708 29 48227 29 48746 29 49265 29 49784 29 50303 29 50810 41 51329 41 51844 45 52363 45 52882 45 53401 45 53920 45 54439 45 54958 45 55477 45 55996 45 56515 49 57034 45 57553 45 58072 45 58591 45 59110 45 59629 45 60148 45 60667 45 61186 45 61705 33 62224 33 62743 33 63262 33 63781 29 64300 29 64819 29 65338 29 65857 25 66380 21 66903 13 67422 13
ca20076870e8fb604e61802605a9ac45419c82dd3e23404c56c4869f9502a5ef,69502 9 70021 9 70540 9 71059 9
ca20076870e8fb604e61802605a9ac45419c82dd3e23404c56c4869f9502a5ef,492 28 1007 32 1526 32 2049 28 2568 28 3087 28 3606 28 4125 28 4644 28 5167 24 5686 24 6205 24 6724 24 7243 24 7766 16
ca20076870e8fb604e61802605a9ac45419c82dd3e23404c56c4869f9502a5ef,69535 12 70054 12 70569 16 71084 20 71603 20 72118 24 72637 24 73156 24 73671 28 74190 28 74709 28 75228 28 75747 28 76266 28 76785 28 77304 28 77823 28 78342 28 78861 28 79384 24 79903 24 80422 24 80945 20 81464 20 81979 24 82498 24 83017 24 83544 12
d616d323a9eeb9da1b66f8d5df671d63c092c9919cb2c0b223e29c63257c944d,21 16 536 20 1055 20 1574 25 2093 25 2612 25 3131 25 3650 25 4169 29 4688 29 5207 29 5714 8 5730 25 6233 8 6249 25 6748 16 6768 25 7267 45 7786 20 7810 21 8305 20 8329 21 8824 20 8848 21 9343 20 9371 17 9862 20 9890 17 10381 20 10409 21 10900 20 10928 21 11419 20 11447 21 11938 20 11966 21 12461 16 12485 21 12980 16 13004 21 13499 16 13523 21 14018 16 14042 21 14537 16 14561 21 15056 16 15080 21 15575 12 15599 21 16094 12 16118 21 16613 12 16637 21 17132 12 17156 21 17651 16 17675 21 18166 20 18198 17 18685 20 18717 17 19204 24 19236 17 19723 24 19755 17 20242 28 20274 17 20761 28 20793 13 21280 28 21312 13 21799 32 21835 5 22318 32 22837 36 23356 36 23879 53 24398 57 24917 57 25436 57 25955 57 26474 53 26993 53 27512 53 28031 53 28550 53 29069 53 29588 53 30107 53 30626 53 31145 53 31664 53 32183 53 32702 53 33221 53 33740 53 34259 53 34778 53 35297 53 35816 53 36335 53 36854 53 37373 49 37892 49 38411 49 38930 49 39449 49 39968 45 40483 49 41002 49 41521 49 42044 49 42563 49 43082 49 43601 49 44120 49 44639 49 45158 49 45677 49 46196 49 46715 49 47230 53 47749 53 48268 53 48787 49 49306 49 49825 36 50344 32 50863 32 51382 28 51901 24 52420 24 52939 24 53458 24 53977 24 54496 28 55015 28 55534 28 56053 28 56572 28 57091 28 57610 24 58129 24 58648 24 59167 24 59686 24 60205 24 60724 24 61243 24 61762 24 62281 24 62800 24 63319 24 63838 24 64357 24 64876 24 65395 24 65914 24 66433 24 66952 24 67471 24 67990 24 68513 16 69032 16 69551 16 70074 8 70593 8
d616d323a9eeb9da1b66f8d5df671d63c092c9919cb2c0b223e29c63257c944d,53511 8 54026 16 54541 24 55060 24 55579 24 56094 28 56613 28 57132 28 57651 28 58170 28 58689 28 59208 28 59722 33 60241 37 60760 37 61279 37 61798 37 62317 37 62836 37 63355 37 63874 37 64393 37 64912 37 65431 37 65950 37 66474 32 66993 32 67512 32 68031 32 68550 32 69069 32 69592 28 70111 28 70630 28 71140 37 71655 37 72158 53 72673 57 73192 57 73711 53 74230 53 74749 53 75268 53 75787 53 76306 53 76825 53 77344 53 77863 53 78378 57 78897 57 79416 57 79935 53 80454 53 80973 53 81492 53 82011 53 82530 53 83049 53 83572 16 83601 16
d616d323a9eeb9da1b66f8d5df671d63c092c9919cb2c0b223e29c63257c944d,66 20 581 28 1100 28 1619 28 2138 28 2661 24 3180 24 3699 24 4218 24 4737 24 5256 24 5775 24 6294 24 6813 24 7332 24 7851 24 8370 24 8889 24 9408 24 9927 24 10446 24 10965 24 11484 24 12003 24 12518 28 13037 28 13556 28 14075 28 14594 24 15113 24 15632 24 16151 24 16670 24 17193 16 17716 12 18235 8 18754 8
d616d323a9eeb9da1b66f8d5df671d63c092c9919cb2c0b223e29c63257c944d,135 28 650 36 1169 36 1688 36 2211 32 2730 32 3249 32 3768 32 4279 4 4287 32 4794 44 5313 44 5832 16 5852 24 6351 16 6371 24 6870 16 6890 24 7385 24 7413 20 7904 24 7932 20 8427 20 8451 20 8946 20 8970 20 9465 20 9493 16 9984 24 10016 12 10503 24 10543 4 11022 24 11062 4 11537 28 11581 12 12052 32 12100 16 12566 37 12619 16 13085 37 13138 20 13604 37 13657 20 14123 37 14176 20 14642 37 14695 20 15157 41 15214 20 15676 37 15729 29 16195 37 16248 29 16714 37 16767 29 17233 37 17286 29 17752 37 17805 29 18271 37 18324 29 18790 37 18843 29 19309 37 19362 29 19828 37 19881 29 20347 37 20400 33 20866 37 20919 33 21385 37 21438 33 21904 37 21957 33 22423 37 22476 33 22942 37 22995 33 23461 37 23514 33 23980 37 24033 33 24499 37 24548 37 25018 37 25067 37 25537 33 25586 37 26056 33 26105 37 26575 33 26624 37 27094 29 27139 41 27613 25 27658 41 28132 25 28173 45 28651 25 28692 45 29170 25 29207 49 29689 25 29722 53 30208 25 30241 24 30273 21 30727 25 30756 20 30792 21 31246 25 31275 20 31311 21 31765 21 31794 20 31834 17 32288 17 32313 20 32357 13 32812 8 32832 20 32876 13 33331 8 33351 20 33395 13 33817 8 33870 20 33918 9 34336 24 34389 24 34855 33 34908 24 35374 37 35427 24 35893 37 35946 24 36412 37 36465 28 36931 37 36988 24 37454 33 37507 24 37973 33 38026 28 38492 33 38545 28 39011 33 39056 36 39534 29 39571 40 40053 29 40090 40 40572 25 40605 44 41091 25 41124 44 41610 25 41643 48 41703 5 42129 25 42162 48 42222 9 42648 25 42681 69 43167 25 43200 69 43686 25 43719 69 44201 24 44238 24 44266 37 44720 24 44757 24 44785 37 45239 24 45276 24 45308 33 45345 12 45758 24 45795 24 45827 33 45864 12 46277 24 46314 85 46796 20 46837 81 47319 16 47356 24 47384 53 47838 16 47875 20 47911 45 48357 16 48394 20 48430 45 48876 20 48913 20 48953 41 49395 29 49432 20 49476 41 49914 29 49951 20 49979 8 49999 37 50433 33 50474 32 50518 37 50952 33 50993 32 51037 37 51471 33 51516 32 51556 37 51990 37 52039 28 52075 37 52509 37 52558 28 52598 33 53028 37 53077 28 53117 33 53547 37 53596 28 53636 33 54066 37 54115 28 54155 37 54589 37 54634 28 54674 37 55108 37 55153 24 55193 37 55627 37 55672 24 55712 37 56146 37 56191 24 56231 37 56665 37 56710 16 56750 37 57184 37 57229 16 57269 37 57707 33 57748 24 57792 33 58226 33 58267 24 58311 33 58745 29 58786 24 58830 33 59264 29 59305 28 59349 33 59783 29 59824 28 59864 37 60306 25 60343 32 60383 37 60825 25 60862 32 60902 37 61344 25 61381 32 61421 37 61863 25 61900 28 61936 41 62382 25 62419 28 62455 13 62472 24 62901 25 62938 28 62974 13 62991 24 63420 25 63457 28 63493 13 63510 24 63939 25 63976 49 64029 24 64454 25 64495 49 64548 24 64973 25 65014 49 65067 24 65492 25 65533 49 65586 24 66011 25 66040 4 66056 73 66530 25 66559 4 66575 73 67049 25 67078 4 67094 73 67568 33 67613 73 68087 33 68132 73 68606 37 68655 69 69125 37 69174 69 69640 45 69697 65 70159 45 70220 61 70678 45 70739 61 71197 45 71262 57 71716 45 71781 57 72231 49 72300 53 72750 53 72819 33 72856 16 73269 53 73338 33 73375 16 73788 53 73861 25 73894 12 74307 53 74380 25 74413 12 74826 53 74907 8 74932 12 75345 53 75426 8 75451 12 75864 53 75966 16 76383 57 76481 20 76902 65 77000 24 77421 81 77514 33 77940 81 78033 33 78459 126 78978 126 79497 126 80012 130 80531 130 81050 126 81180 16 81569 122 81695 24 82088 122 82214 28 82607 89 82704 21 82733 28 83126 89 83223 21 83252 28 83649 77 83771 28
d616d323a9eeb9da1b66f8d5df671d63c092c9919cb2c0b223e29c63257c944d,200 16 228 28 711 64 1230 64 1753 60 2272 56 2791 52 3314 44 3387 4 3833 44 3906 4 4356 36 4421 12 4875 36 4936 20 5394 36 5455 20 5913 36 5974 24 6432 36 6493 24 6951 32 7012 24 7470 32 7531 28 7985 36 8050 28 8504 36 8569 28 9023 36 9088 28 9542 36 9607 28 10061 36 10126 28 10580 36 10645 24 11099 36 11164 24 11618 36 11683 24 12137 40 12202 20 12656 40 12721 20 13175 40 13240 16 13694 40 13759 16 14213 40 14273 17 14732 44 14788 17 15251 44 15303 21 15770 44 15822 21 16289 44 16341 21 16808 44 16860 21 17331 69 17850 69 18369 69 18888 69 19407 69 19926 69 20445 69 20968 65 21487 65 22006 65 22525 65 23044 69 23563 69 24086 65 24605 65 25124 65 25643 65 26162 65 26681 65 27200 8 27212 53 27715 8 27735 49 28234 4 28254 45 28753 4 28773 45 29272 4 29292 45 29811 45 30330 45 30849 45 31368 45 31887 45 32406 45 32925 45 33444 45 33963 45 34478 49 34997 49 35516 49 36035 49 36554 49 37073 45 37592 45 38107 49 38626 49 39145 49 39664 49 40183 45 40702 45 41221 45 41740 45 42259 45 42774 44 43293 44 43812 44 44331 44 44850 40 45369 36 45888 36 46407 28 46930 20 47449 20 47968 20 48487 20 49010 12
d616d323a9eeb9da1b66f8d5df671d63c092c9919cb2c0b223e29c63257c944d,51621 4 52140 4 52659 4 53178 4 53697 4 54216 4
d616d323a9eeb9da1b66f8d5df671d63c092c9919cb2c0b223e29c63257c944d,390 29 431 12 459 20 496 20 905 33 946 20 978 25 1011 24 1424 33 1465 20 1497 25 1530 24 1943 33 1984 20 2016 25 2049 24 2462 33 2503 16 2535 25 2568 24 2981 29 3022 16 3054 25 3083 28 3500 57 3573 25 3602 24 4019 57 4092 25 4121 24 4538 57 4607 57 5057 57 5126 57 5580 53 5645 57 6099 49 6164 53 6618 49 6683 53 7145 41 7202 53 7664 41 7721 24 7750 24 8187 33 8240 24 8269 20 8706 29 8759 20 8788 20 9225 29 9278 20 9307 20 9744 29 9797 20 9826 24 10263 29 10316 20 10345 24 10782 29 10835 16 10859 29 11301 29 11354 16 11378 29 11820 29 11873 16 11897 29 12339 33 12396 12 12416 33 12858 33 12915 12 12931 37 13373 37 13434 12 13450 37 13892 37 13953 12 13969 37 14411 37 14472 53 14922 45 14991 57 15437 49 15510 57 15956 49 16033 53 16475 49 16552 53 16990 53 17071 53 17509 53 17590 53 18028 53 18113 49 18547 53 18632 53 19066 53 19151 53 19581 57 19670 53 20100 53 20193 49 20619 53 20712 49 21138 53 21235 45 21657 53 21754 45 22176 53 22273 45 22695 57 22792 45 23214 61 23311 45 23733 61 23830 45 24252 61 24349 45 24771 61 24868 45 25290 61 25387 45 25805 65 25906 41 26324 65 26425 41 26843 65 26928 4 26944 29 27362 37 27407 20 27443 12 27467 25 27881 37 27922 24 27962 16 27986 25 28400 32 28441 24 28477 24 28505 25 28919 32 28960 24 28996 24 29024 25 29442 28 29479 28 29511 57 29961 24 29998 28 30030 57 30480 24 30517 93 30999 20 31040 89 31518 20 31559 89 32041 16 32078 93 32560 16 32597 93 33075 20 33116 73 33205 8 33594 20 33635 73 33724 8 34113 24 34154 73 34243 8 34632 24 34677 69 34762 4 35147 28 35196 73 35281 4 35666 28 35715 73 36185 28 36234 73 36704 28 36753 77 37223 28 37272 73 37742 28 37795 69 38261 28 38314 65 38780 28 38833 65 39299 28 39352 61 39818 28 39871 61 40337 24 40390 57 40763 8 40856 24 40913 53 41282 8 41375 24 41432 53 41793 32 41894 24 41951 48 42312 36 42413 24 42470 48 42831 40 42932 24 42993 40 43350 40 43451 24 43512 40 43865 44 43970 24 44031 40 44384 44 44489 24 44554 36 44903 44 45008 24 45073 32 45422 48 45527 24 45588 36 45941 48 46046 24 46107 36 46460 48 46565 24 46626 40 46979 48 47084 20 47145 44 47498 60 47603 20 47664 44 48017 64 48118 20 48183 44 48536 64 48637 20 48702 44 49055 28 49087 37 49156 20 49225 12 49245 20 49574 28 49610 33 49675 20 49768 12 50093 28 50133 29 50190 24 50608 28 50652 29 50709 24 51127 28 51171 29 51228 24 51646 28 51690 29 51747 24 52165 28 52209 29 52266 24 52684 28 52728 29 52785 24 53203 28 53247 29 53304 24 53722 28 53766 33 53819 28 54241 28 54281 37 54338 28 54760 77 54857 28 55279 73 55376 28 55798 73 55895 28 56317 73 56414 28 56836 73 56933 24 57350 25 57379 49 57452 24 57869 21 57898 49 57971 24 58388 21 58417 49 58490 24 58907 21 58936 44 59009 24 59426 21 59459 40 59528 24 59945 21 59978 36 60047 24 60464 21 60497 36 60562 28 60983 21 61016 36 61081 28 61507 20 61535 36 61600 28 62026 20 62054 40 62119 28 62545 20 62573 49 62638 24 63064 20 63092 53 63157 24 63583 20 63611 53 63676 24 64102 20 64130 53 64191 28 64621 20 64653 49 64710 28 65144 16 65172 24 65204 17 65229 28 65663 16 65691 24 65723 17 65748 28 66182 20 66210 24 66242 17 66267 28 66701 48 66757 25 66786 28 67224 40 67272 61 67743 36 67787 61 68262 36 68306 61 68785 28 68821 61 69308 20 69336 61 69855 61 70370 61 70889 61 71408 41 71457 12 71923 45 72442 45 72961 41 73480 41 73999 37 74514 36 75033 32 75552 32 76071 32 76590 32 77109 32 77628 32 78147 32 78666 32 79185 32 79704 32 79749 8 80227 24 80264 16 80746 24 80783 16 81265 24 81297 21 81788 20 81816 21 82311 20 82335 21 82834 41 83353 41 83872 37
d616d323a9eeb9da1b66f8d5df671d63c092c9919cb2c0b223e29c63257c944d,75009 4 75528 4 76043 12 76558 20 77077 20 77596 20 78115 20 78634 20 79153 20 79672 20 80191 20 80710 20 81229 20 81748 20 82267 20 82790 16 83309 16 83828 12
d616d323a9eeb9da1b66f8d5df671d63c092c9919cb2c0b223e29c63257c944d,321 17 840 21 1359 21 1878 21 2397 21 2920 17 3439 21 3958 21 4477 21 4996 21 5515 21 6038 17 6557 17 7076 17 7591 21 8102 29 8621 29 9140 29 9655 33 10174 33 10693 33 11212 33 11731 33 12250 33 12769 33 13288 33 13807 33 14326 33 14845 33 15364 29 15883 29 16402 29 16917 33 17436 33 17955 33 18470 49 18989 49 19504 53 20019 61 20538 61 21057 32 21098 20 21576 32 21617 20 22095 32 22131 25 22614 28 22650 25 23133 28 23169 25 23652 28 23688 25 24171 28 24207 25 24690 28 24726 25 25209 28 25245 25 25728 28 25764 25 26247 28 26283 25 26766 28 26802 25 27285 28 27321 25 27804 28 27840 25 28323 28 28355 29 28842 28 28874 29 29361 28 29393 29 29880 28 29912 29 30399 28 30431 29 30918 28 30950 29 31437 28 31469 29 31956 28 31988 29 32475 24 32507 29 32990 28 33026 29 33509 28 33545 29 34028 24 34064 25 34547 24 34583 25 35066 20 35102 25 35581 24 35621 25 36100 24 36140 25 36619 24 36659 29 37138 20 37178 29 37657 20 37697 29 38180 12 38216 29 38699 12 38735 29 39218 12 39254 25 39773 25 40292 25 40811 25 41330 25 41849 25 42372 21 42891 21 43410 21 43929 21 44453 12 44972 12
d616d323a9eeb9da1b66f8d5df671d63c092c9919cb2c0b223e29c63257c944d,301 12 816 16 1335 16 1854 16 2369 20 2888 20 3411 16 3930 16 4449 12 4972 8
d616d323a9eeb9da1b66f8d5df671d63c092c9919cb2c0b223e29c63257c944d,350 24 869 24 1388 24 1907 24 2426 24 2945 24 3464 20 3983 20 4502 20 5025 12 5544 12 6067 4 6586 4
d616d323a9eeb9da1b66f8d5df671d63c092c9919cb2c0b223e29c63257c944d,44007 4 44526 8 45040 13 45559 13 46078 13 46597 13 47116 13 47635 13 48154 17 48673 17 49188 21 49707 21 50226 21 50745 25 50786 8 51264 25 51305 8 51783 25 51816 20 51860 13 52302 25 52331 24 52375 21 52821 21 52846 28 52894 21 53340 21 53365 28 53413 21 53859 21 53884 28 53928 29 54378 53 54447 29 54901 45 54962 33 55420 45 55481 33 55939 45 56000 33 56458 49 56519 33 56973 53 57034 37 57488 57 57553 37 58007 57 58072 37 58526 57 58591 37 59041 61 59110 37 59560 61 59629 37 60083 53 60144 41 60602 53 60663 41 61121 53 61182 41 61636 17 61657 36 61701 41 62155 17 62180 32 62220 37 62670 21 62703 28 62739 37 63189 21 63222 28 63258 37 63708 21 63741 28 63777 37 64227 21 64264 24 64296 33 64746 21 64783 24 64815 33 65265 21 65302 24 65334 33 65375 12 65784 21 65821 24 65853 33 65894 12 66303 21 66332 32 66376 25 66409 16 66818 25 66847 40 66895 25 66928 16 67337 20 67366 40 67414 25 67447 20 67856 20 67885 40 67933 25 67966 16 68375 20 68404 40 68452 25 68485 16 68894 16 68919 44 68971 25 69004 16 69413 16 69438 44 69490 21 69523 16 69932 16 69957 48 70009 21 70046 16 70451 16 70471 78 70561 20 70970 16 70990 78 71080 20 71489 16 71509 78 71599 20 72008 41 72065 36 72118 20 72527 37 72584 36 72633 24 73046 37 73099 40 73152 24 73565 37 73618 40 73671 24 74084 37 74125 4 74133 44 74190 24 74599 97 74709 24 75118 97 75228 24 75637 97 75747 24 76156 20 76180 73 76266 24 76675 20 76699 73 76785 24 77194 20 77218 29 77259 32 77304 24 77713 20 77737 29 77778 32 77827 20 78232 20 78256 29 78297 32 78346 20 78751 20 78775 33 78816 37 78869 20 79270 20 79299 32 79335 37 79392 16 79789 20 79818 77 79911 16 80308 20 80337 109 80827 20 80856 109 81346 16 81375 109 81865 16 81894 109 82384 16 82413 109 82936 52 82992 49 83455 52 83511 49 84014 8 84034 25 84067 8
d616d323a9eeb9da1b66f8d5df671d63c092c9919cb2c0b223e29c63257c944d,37876 8 38391 16 38910 16 39429 16 39948 16 40463 20 40982 20 41501 20 42020 20 42539 20 43058 20 43577 20 44096 20 44615 20 45138 16 45657 16 46176 16 46695 16 47214 16 47737 12 48256 12 48775 12 49294 12 49813 12
d6eb7ce7723e2f6dc13b90b41a29ded27dbd815bad633fdf582447c686018896,1561 24 2081 24 2601 16 3121 16 3641 16 4161 16 4681 16 5201 16 5721 16 6241 16 6761 16 7281 16 7801 16 8321 16 8841 16 9361 16 9881 16 10401 16 10921 16 11441 16 11961 16 12481 12 13001 12 13521 12 14041 12 14561 12 15081 12 15601 12 16121 12 16641 12 17161 16 17681 16 18205 20 18725 20 19245 20 19761 24 20281 24 20801 24 21321 24 21841 24 22361 24 22881 28 23401 28 23921 24 24441 24 24961 24 25485 20 26005 20 26525 20 27053 12 27573 12 28093 16 28613 16 29133 16 29649 24 30169 24 30689 24 31205 33 31725 33 32245 33 32765 33 33285 33 33805 33 34325 33 34845 33 35369 29 35889 29 36409 29 36929 24 37449 24 37977 8 38497 8 39017 8
d6eb7ce7723e2f6dc13b90b41a29ded27dbd815bad633fdf582447c686018896,49450 20 49970 20 50490 20 50981 17 51006 28 51501 17 51526 28 52021 17 52046 28 52537 57 53057 57 53569 65 54089 65 54609 65 55125 69 55645 69 56165 69 56685 69 57205 69 57725 37 57766 28 58245 37 58286 28 58765 37 58806 28 59285 33 59330 24 59805 33 59850 24 60325 33 60370 24 60845 33 60890 24 61365 33 61410 24 61885 33 61930 24 62405 41 62450 24 62925 41 62970 24 63441 12 63465 53 63961 12 63985 53 64481 12 64505 53 65001 8 65025 57 65521 8 65545 57 66041 8 66065 57 66565 4 66581 65 67085 4 67101 65 67621 25 67654 32 68141 25 68174 32 68661 25 68694 32 69181 25 69214 32 69701 25 69734 32 70221 25 70254 32 70721 8 70741 21 70778 28 71241 8 71261 21 71298 28 71761 8 71781 21 71818 28 72281 12 72305 13 72342 20 72801 12 72825 13 72862 20 73321 12 73345 13 73841 12 73865 13 74361 12 74385 13 74881 12 74901 17 75401 12 75421 17 75921 12 75941 17 76441 12 76461 21 76961 12 76981 21 77481 12 77501 21 78001 41 78062 12 78521 41 78582 12 79041 37 79094 24 79561 37 79614 24 80081 37 80134 24 80601 32 80650 32 81121 32 81170 32 81641 32 81690 32 82161 28 82202 40 82681 28 82722 40 83201 28 83238 44 83721 28 83758 44 84241 28 84278 44 84761 81 85281 81 85801 81 86321 81 86841 81 87361 81 87881 24 87913 49 88401 24 88433 49 88925 20 88953 45 89445 20 89473 45 89965 20 89993 45 90489 8 90513 45 91009 8 91033 45 91529 8 91553 45 92073 45 92593 45 93118 44 93638 44 94158 44 94686 40 95206 40 95726 40 96258 28 96778 28 97298 28 97818 28 98338 28 98801 8 98862 28 99321 8 99382 28 99841 8 99902 28 100361 8 100377 8 100418 32 100881 8 100897 8 100938 32 101401 8 101417 8 101458 32 101921 28 101974 32 102441 28 102494 32 102961 32 103014 32 103481 32 103534 32 104001 32 104054 32 104521 32 104570 28 105041 32 105090 28 105561 32 105610 28 106081 32 106134 20 106601 32 106654 20 107121 32 107174 20 107641 32 107694 12 108161 32 108214 12 108681 32 108734 8 109201 32 109254 8 109721 32 109774 8 110241 37 110290 16 110761 37 110810 16 111281 37 111330 16 111801 37 111846 20 111882 8 112321 37 112366 20 112402 8 112841 65 112914 20 113361 65 113434 20 113881 65 113954 20 114401 93 114921 93 115441 93 115961 98 116481 98 117001 98 117525 12 117541 29 117582 41 118045 12 118061 29 118102 41 118585 25 118618 49 119105 25 119138 49 119625 25 119658 49 120129 4 120141 25 120178 49 120649 4 120661 25 120698 49 121169 4 121181 25 121218 49 121685 41 121738 49 122205 41 122258 49 122725 41 122778 49 123241 45 123298 49 123761 45 123818 49 124281 45 124338 49 124801 45 124858 49 125321 45 125378 49 125841 41 125906 4 125922 21 126361 41 126426 4 126442 21 126881 41 126946 4 126962 21 127401 37 127921 37 128441 20 128961 20 129481 20 130001 16 130521 16 131041 16 131569 12 132089 12 132609 12 133125 33 133645 33 134161 41 134681 41 135201 41 135721 41 136241 41 136761 41 137281 41 137801 41 138321 41 138841 41 139361 41 139881 41 140401 41 140921 41 141441 37 141961 37 142481 37 143005 33 143525 33 144049 29 144569 29 145089 29 145613 25 146133 25 146653 25 147177 16 147697 16
d6eb7ce7723e2f6dc13b90b41a29ded27dbd815bad633fdf582447c686018896,151321 8 151841 8 152361 8 152881 12 153401 12 153921 12 154441 12 154961 12 155481 12 156001 12 156521 12 157041 12 157561 12 158081 12 158601 12 159121 12 159641 8 160161 8 160681 8
d6eb7ce7723e2f6dc13b90b41a29ded27dbd815bad633fdf582447c686018896,237 24 281 25 318 61 391 45 757 24 801 25 838 61 911 45 1277 24 1321 25 1358 61 1431 45 1793 28 1841 102 1947 49 2313 28 2361 102 2467 49 2829 32 2881 102 2987 49 3349 32 3401 102 3507 49 3869 32 3921 102 4027 49 4340 4 4389 32 4441 102 4547 49 4860 4 4909 32 4961 102 5067 49 5380 4 5429 32 5481 102 5587 49 5892 16 5949 32 6001 102 6107 45 6412 16 6469 32 6521 102 6627 45 6932 16 6989 32 7041 102 7147 45 7448 24 7509 32 7561 49 7622 37 7667 45 7968 24 8029 32 8081 49 8142 37 8187 45 8484 32 8549 28 8618 28 8666 13 8687 12 8707 45 9004 32 9069 28 9138 28 9186 13 9207 12 9227 45 9524 32 9589 28 9658 28 9706 13 9727 12 9747 45 10044 32 10104 37 10178 28 10230 4 10263 45 10564 32 10624 37 10698 28 10750 4 10783 45 11084 32 11144 37 11218 28 11270 4 11303 45 11604 44 11656 45 11742 28 11823 45 12124 44 12176 45 12262 28 12343 45 12644 97 12782 32 12826 8 12863 41 13164 97 13302 32 13346 8 13383 41 13684 97 13822 32 13866 8 13903 41 14175 20 14204 97 14346 28 14382 21 14419 32 14695 20 14724 97 14866 28 14902 21 14939 32 15215 20 15244 97 15386 28 15422 21 15459 32 15731 28 15764 73 15845 12 15906 61 15979 28 16251 28 16284 73 16365 12 16426 61 16499 28 16771 28 16804 73 16885 12 16946 61 17019 28 17291 28 17324 73 17462 65 17539 28 17811 28 17844 73 17982 65 18059 28 18327 37 18368 69 18489 78 18579 28 18847 37 18888 69 19009 78 19099 28 19367 37 19408 69 19529 78 19619 28 19887 37 19928 65 20041 86 20139 32 20407 37 20448 65 20561 86 20659 32 20927 37 20968 65 21081 86 21179 32 21447 37 21496 32 21532 12 21601 25 21638 49 21691 44 21967 37 22016 32 22052 12 22121 25 22158 49 22211 44 22487 37 22536 32 22572 12 22641 25 22678 49 22731 44 23011 28 23060 24 23137 12 23157 29 23198 20 23222 21 23247 48 23531 28 23580 24 23657 12 23677 29 23718 20 23742 21 23767 48 24051 28 24096 24 24173 20 24197 29 24234 101 24571 28 24616 24 24693 20 24717 29 24754 101 25091 28 25136 24 25213 20 25237 29 25274 101 25619 12 25656 24 25733 53 25790 20 25814 16 25834 61 26139 12 26176 24 26253 53 26310 20 26334 16 26354 61 26659 12 26696 24 26773 53 26830 20 26854 16 26874 61 27216 20 27297 49 27350 20 27374 16 27394 41 27443 8 27736 20 27817 49 27870 20 27894 16 27914 41 27963 8 28256 20 28337 73 28414 12 28434 41 28776 20 28857 73 28934 12 28954 41 29296 20 29377 73 29454 12 29474 41 29783 8 29816 20 29893 24 29925 45 29994 41 30303 8 30336 20 30413 24 30445 45 30514 41 30823 8 30856 20 30933 24 30965 45 31034 41 31339 16 31372 24 31404 16 31453 24 31485 41 31546 21 31575 20 31859 16 31892 24 31924 16 31973 24 32005 41 32066 21 32095 20 32379 16 32412 24 32444 16 32493 24 32525 41 32586 21 32615 20 32899 16 32928 28 32960 20 33001 36 33045 37 33102 25 33139 16 33419 16 33448 28 33480 20 33521 36 33565 37 33622 25 33659 16 33935 24 33968 24 33996 24 34037 40 34085 37 34138 29 34183 8 34455 24 34488 24 34516 24 34557 40 34605 37 34658 29 34703 8 34975 24 35008 24 35036 24 35077 40 35125 37 35178 29 35223 8 35495 24 35524 28 35556 24 35593 44 35649 29 35698 33 36015 24 36044 28 36076 24 36113 44 36169 29 36218 33 36535 24 36564 28 36596 24 36633 44 36689 29 36738 33 37059 49 37116 24 37153 44 37209 29 37254 37 37579 49 37636 24 37673 44 37729 29 37774 37 38099 49 38160 24 38193 44 38254 36 38294 33 38619 49 38680 24 38713 44 38774 36 38814 33 39139 49 39200 24 39233 44 39294 36 39334 33 39671 37 39724 20 39757 36 39814 73 39895 16 40191 37 40244 20 40277 36 40334 73 40415 16 40711 37 40764 20 40797 36 40854 73 40935 16 41231 37 41284 20 41321 12 41345 8 41378 65 41451 20 41751 37 41804 20 41841 12 41865 8 41898 65 41971 20 42271 37 42324 20 42361 12 42385 8 42418 65 42491 20 42787 41 42840 41 42901 20 42946 53 43011 20 43307 41 43360 41 43421 20 43466 53 43531 20 43827 41 43880 49 43937 24 43990 28 44022 12 44051 20 44347 41 44400 49 44457 24 44510 28 44542 12 44571 20 44867 41 44920 49 44977 24 45030 28 45062 12 45091 20 45387 37 45440 85 45550 28 45611 20 45907 37 45960 85 46070 28 46131 20 46427 37 46480 85 46590 28 46651 20 46943 33 47004 81 47110 40 47171 20 47463 33 47524 81 47630 40 47691 20 47983 33 48060 65 48154 36 48211 20 48503 33 48580 65 48674 36 48731 20 49023 33 49100 65 49194 36 49251 20 49543 37 49620 65 49714 40 49767 24 50063 37 50140 65 50234 40 50287 24 50583 37 50660 65 50754 40 50807 24 51083 16 51103 37 51180 61 51274 40 51327 24 51603 16 51623 37 51700 61 51794 40 51847 24 52123 16 52143 37 52220 61 52314 40 52367 24 52639 61 52749 28 52785 16 52834 40 52883 28 53159 61 53269 28 53305 16 53354 40 53403 28 53679 61 53789 24 53874 45 53923 28 54199 61 54309 24 54394 45 54443 28 54719 61 54829 24 54914 45 54963 28 55239 61 55344 21 55434 73 55759 61 55864 21 55954 73 56279 61 56384 21 56474 73 56799 61 56900 25 57002 61 57319 61 57420 25 57522 61 57843 24 57871 29 57940 25 58046 61 58363 24 58391 29 58460 25 58566 61 58883 24 58911 29 58980 25 59086 61 59403 24 59431 29 59500 49 59578 16 59610 57 59923 24 59951 29 60020 49 60098 16 60130 57 60443 24 60471 29 60540 49 60618 16 60650 57 60963 24 60995 21 61060 53 61134 24 61170 57 61483 24 61515 21 61580 53 61654 24 61690 57 62003 24 62035 21 62100 53 62174 24 62210 57 62523 20 62568 4 62616 25 62645 28 62689 33 62734 57 63043 20 63088 4 63136 25 63165 28 63209 33 63254 57 63567 16 63652 25 63685 32 63729 33 63778 53 64087 16 64172 25 64205 32 64249 33 64298 53 64607 16 64692 25 64725 32 64769 33 64818 53 65131 20 65212 25 65241 36 65285 41 65354 33 65399 8 65651 20 65732 25 65761 36 65805 41 65874 33 65919 8 66171 20 66252 25 66281 36 66325 41 66394 33 66439 8 66695 24 66772 114 66914 33 66955 16 67215 24 67292 114 67434 33 67475 16 67735 24 67812 118 67959 28 67991 20 68255 24 68332 118 68479 28 68511 20 68775 24 68852 118 68999 28 69031 20 69291 28 69368 29 69405 16 69433 57 69523 20 69551 24 69811 28 69888 29 69925 16 69953 57 70043 20 70071 24 70331 28 70408 29 70445 16 70473 57 70563 20 70591 24 70851 28 70928 29 70969 12 70997 25 71034 16 71107 28 71371 28 71448 29 71489 12 71517 25 71554 16 71627 28 71891 28 71968 29 72009 12 72037 25 72074 16 72147 28 72411 28 72468 12 72488 21 72533 16 72557 21 72602 8 72667 28 72931 28 72988 12 73008 21 73053 16 73077 21 73122 8 73187 28 73451 28 73500 44 73573 45 73638 20 73670 17 73711 24 73971 28 74020 44 74093 45 74158 20 74190 17 74231 24 74491 28 74540 44 74613 45 74678 20 74710 17 74751 24 75007 32 75056 44 75129 28 75165 9 75194 24 75226 25 75271 24 75527 32 75576 44 75649 28 75685 9 75714 24 75746 25 75791 24 76047 32 76096 44 76169 28 76205 9 76234 24 76266 25 76311 24 76567 28 76612 40 76689 24 76754 28 76786 29 76819 8 76835 20 77087 28 77132 40 77209 24 77274 28 77306 29 77339 8 77355 20 77607 28 77652 40 77729 24 77794 28 77826 29 77859 8 77875 20 78127 16 78168 44 78224 17 78249 24 78314 24 78346 45 78399 20 78647 16 78688 44 78744 17 78769 24 78834 24 78866 45 78919 20 79159 20 79208 40 79260 25 79289 24 79354 24 79390 45 79439 20 79679 20 79728 40 79780 25 79809 24 79874 24 79910 45 79959 20 80199 20 80248 40 80300 25 80329 24 80394 24 80430 45 80479 20 80715 24 80772 32 80816 29 80853 20 80881 8 80914 20 80938 57 80999 20 81235 24 81292 32 81336 29 81373 20 81401 8 81434 20 81458 57 81519 20 81755 24 81812 32 81856 29 81893 20 81921 8 81954 20 81978 57 82039 20 82275 24 82319 41 82364 41 82417 8 82433 21 82470 12 82494 57 82555 24 82661 20 82795 24 82839 41 82884 41 82937 8 82953 21 82990 12 83014 57 83075 24 83181 20 83311 28 83355 90 83469 25 83502 20 83530 94 83689 32 83831 28 83875 90 83989 25 84022 20 84050 94 84209 32 84351 28 84395 90 84509 25 84542 20 84570 94 84729 32 84875 20 84911 94 85025 29 85058 24 85090 94 85244 37 85395 20 85431 94 85545 29 85578 24 85610 94 85764 37 85915 20 85951 94 86065 29 86098 24 86130 94 86284 37 86435 20 86471 94 86581 28 86614 24 86650 94 86800 41 86955 20 86991 94 87101 28 87134 24 87170 94 87320 41 87475 20 87511 94 87621 28 87654 24 87690 94 87840 41 87999 8 88031 90 88141 57 88206 98 88324 12 88356 45 88519 8 88551 90 88661 57 88726 98 88844 12 88876 45 89071 86 89181 53 89242 45 89291 24 89319 20 89356 28 89396 41 89591 86 89701 53 89762 45 89811 24 89839 20 89876 28 89916 41 90111 86 90221 53 90282 45 90331 24 90359 20 90396 28 90436 41 90631 49 90688 25 90745 49 90802 45 90851 24 90883 16 90912 36 90956 37 91151 49 91208 25 91265 49 91322 45 91371 24 91403 16 91432 36 91476 37 91671 49 91728 25 91785 49 91842 45 91891 24 91923 16 91952 36 91996 37 92195 13 92220 20 92248 25 92325 25 92358 49 92411 24 92468 36 92520 29 92715 13 92740 20 92768 25 92845 25 92878 49 92931 24 92988 36 93040 29 93256 8 93284 25 93353 8 93365 21 93398 28 93434 9 93451 24 93508 36 93560 29 93776 8 93804 25 93873 8 93885 21 93918 28 93954 9 93971 24 94028 36 94080 29 94296 8 94324 25 94393 8 94405 21 94438 28 94474 9 94491 24 94548 36 94600 29 94812 12 94844 25 94909 20 94954 32 94994 41 95039 12 95068 36 95120 29 95332 12 95364 25 95429 20 95474 32 95514 41 95559 12 95588 36 95640 29 95852 12 95884 25 95949 20 95994 32 96034 41 96079 12 96108 36 96160 29 96368 20 96404 37 96465 33 96514 32 96550 65 96628 20 96656 16 96684 25 96888 20 96924 37 96985 33 97034 32 97070 65 97148 20 97176 16 97204 25 97408 20 97444 37 97505 33 97554 32 97590 65 97668 20 97696 16 97724 25 97928 20 97968 12 97989 16 98025 41 98074 28 98110 65 98188 16 98212 20 98244 33 98448 20 98488 12 98509 16 98545 41 98594 28 98630 65 98708 16 98732 20 98764 33 98951 37 99024 25 99065 41 99114 28 99150 65 99252 24 99280 21 99309 12 99471 37 99544 25 99585 41 99634 28 99670 65 99772 24 99800 21 99829 12 99991 37 100064 25 100105 41 100154 28 100190 65 100292 24 100320 21 100349 12 100507 37 100580 29 100621 49 100674 24 100710 65 100812 41 100869 12 101027 37 101100 29 101141 49 101194 24 101230 65 101332 41 101389 12 101547 37 101620 29 101661 49 101714 24 101750 65 101852 41 101909 12 102031 8 102067 29 102136 33 102181 49 102234 20 102274 61 102360 4 102368 45 102429 12 102551 8 102587 29 102656 33 102701 49 102754 20 102794 61 102880 4 102888 45 102949 12 103063 20 103107 29 103176 37 103221 49 103327 16 103351 20 103392 69 103465 16 103583 20 103627 29 103696 37 103741 49 103847 16 103871 20 103912 69 103985 16 104103 20 104147 29 104216 37 104261 49 104367 16 104391 20 104432 69 104505 16 104623 20 104663 33 104736 37 104781 49 104911 20 104952 89 105143 20 105183 33 105256 37 105301 49 105431 20 105472 89 105663 20 105703 33 105776 37 105821 49 105951 20 105992 89 106183 20 106219 37 106296 94 106471 16 106508 93 106703 20 106739 37 106816 94 106991 16 107028 93 107223 20 107259 37 107336 94 107511 16 107548 93 107743 20 107775 41 107856 90 108027 20 108064 32 108112 49 108263 20 108295 41 108376 90 108547 20 108584 32 108632 49 108783 20 108815 33 108909 24 108937 49 109067 20 109104 28 109152 33 109303 20 109335 33 109429 24 109457 49 109587 20 109624 28 109672 33 109823 20 109855 33 109949 24 109977 49 110107 20 110144 28 110192 33 110343 24 110375 29 110469 20 110497 45 110627 20 110664 28 110700 33 110863 24 110895 29 110989 20 111017 45 111147 20 111184 28 111220 33 111383 24 111415 29 111509 20 111537 45 111667 20 111704 28 111740 33 111903 28 111935 29 112033 16 112057 16 112077 25 112171 8 112187 20 112224 28 112256 37 112423 28 112455 29 112553 16 112577 16 112597 25 112691 8 112707 20 112744 28 112776 37 112943 56 113073 8 113093 20 113125 9 113207 16 113231 57 113296 37 113463 56 113593 8 113613 20 113645 9 113727 16 113751 57 113816 37 113983 56 114113 8 114133 20 114165 9 114247 16 114271 57 114336 37 114503 32 114539 20 114649 28 114763 20 114795 41 114856 37 115023 32 115059 20 115169 28 115283 20 115315 41 115376 37 115543 32 115579 20 115689 28 115803 20 115835 41 115896 37 116067 28 116209 28 116323 20 116351 45 116416 37 116587 28 116729 28 116843 20 116871 45 116936 37 117107 28 117249 28 117363 20 117391 45 117456 37 117635 20 117765 32 117883 20 117911 41 117976 37 118155 20 118285 32 118403 20 118431 41 118496 37 118679 16 118703 12 118805 32 118919 24 118951 41 119024 25 119199 16 119223 12 119325 32 119439 24 119471 41 119544 25 119719 16 119743 12 119845 32 119959 24 119991 41 120064 25 120239 12 120255 29 120288 12 120365 32 120474 21 120511 37 120564 4 120592 8 120625 16 120759 12 120775 29 120808 12 120885 32 120994 21 121031 37 121084 4 121112 8 121145 16 121279 12 121295 29 121328 12 121405 32 121514 21 121551 37 121604 4 121632 8 121665 16 121795 12 121811 53 121925 36 122034 21 122071 37 122120 16 122173 28 122315 12 122331 53 122445 36 122554 21 122591 37 122640 16 122693 28 122835 12 122851 53 122965 36 123074 21 123111 37 123160 16 123213 28 123371 57 123469 4 123485 36 123594 21 123623 45 123676 20 123704 8 123733 28 123891 57 123989 4 124005 36 124114 21 124143 45 124196 20 124224 8 124253 28 124411 57 124504 17 124537 28 124574 12 124634 49 124691 13 124716 40 124769 32 124931 57 125024 17 125057 28 125094 12 125154 49 125211 13 125236 40 125289 32 125451 57 125544 17 125577 28 125614 12 125674 49 125731 13 125756 40 125809 32 125959 69 126048 37 126101 24 126129 21 126194 45 126276 40 126329 32 126479 69 126568 37 126621 24 126649 21 126714 45 126796 40 126849 32 126999 69 127088 37 127141 24 127169 21 127234 45 127316 40 127369 32 127511 48 127564 24 127604 41 127657 28 127689 21 127754 45 127832 40 127889 32 128031 48 128084 24 128124 41 128177 28 128209 21 128274 45 128352 40 128409 32 128551 44 128604 24 128644 41 128697 28 128729 21 128758 16 128794 45 128872 24 128904 4 128920 37 129071 44 129124 24 129164 41 129217 28 129249 21 129278 16 129314 45 129392 24 129424 4 129440 37 129591 44 129644 24 129684 41 129737 28 129769 21 129798 16 129834 45 129912 24 129944 4 129960 37 130111 24 130168 16 130204 77 130294 44 130342 57 130428 28 130476 37 130631 24 130688 16 130724 77 130814 44 130862 57 130948 28 130996 37 131151 24 131208 16 131244 77 131334 44 131382 57 131468 28 131516 37 131667 28 131764 77 131854 69 131927 36 131988 28 132036 41 132187 28 132284 77 132374 69 132447 36 132508 28 132556 41 132707 28 132804 77 132894 69 132967 36 133028 28 133076 41 133227 28 133292 16 133324 29 133361 40 133430 53 133491 36 133548 36 133596 41 133747 28 133812 16 133844 29 133881 40 133950 53 134011 36 134068 36 134116 41 134267 28 134328 24 134364 25 134401 40 134470 53 134531 36 134575 53 134632 45 134787 28 134848 24 134884 25 134921 40 134990 53 135051 36 135095 53 135152 45 135307 28 135368 24 135404 25 135441 40 135510 53 135571 36 135615 53 135672 45 135831 20 135884 32 135920 29 135961 16 135981 20 136034 49 136091 36 136131 21 136168 24 136196 41 136351 20 136404 32 136440 29 136481 16 136501 20 136554 49 136611 36 136651 21 136688 24 136716 41 136871 20 136924 32 136960 29 137001 16 137021 20 137074 49 137131 36 137171 21 137208 24 137236 41 137379 4 137391 20 137444 65 137525 8 137541 20 137610 33 137651 36 137691 21 137728 24 137756 41 137899 4 137911 20 137964 65 138045 8 138061 20 138130 33 138171 36 138211 21 138248 24 138276 41 138410 21 138447 20 138484 65 138581 20 138614 16 138650 29 138691 36 138731 21 138768 24 138800 33 138930 21 138967 20 139004 65 139101 20 139134 16 139170 29 139211 36 139251 21 139288 24 139320 33 139450 21 139487 20 139524 65 139621 20 139654 16 139690 29 139731 36 139771 21 139808 24 139840 33 139970 25 140007 24 140044 32 140084 20 140141 20 140165 25 140198 36 140251 8 140267 20 140291 25 140328 20 140364 9 140490 25 140527 24 140564 32 140604 20 140661 20 140685 25 140718 36 140771 8 140787 20 140811 25 140848 20 140884 9 141010 25 141047 24 141084 32 141124 20 141181 20 141205 25 141238 36 141291 8 141307 20 141331 25 141368 20 141404 9 141526 29 141563 28 141604 36 141648 12 141685 8 141705 12 141725 69 141803 16 141827 20 141851 25 141892 16 142046 29 142083 28 142124 36 142168 12 142205 8 142225 12 142245 69 142323 16 142347 20 142371 25 142412 16 142566 29 142603 28 142644 36 142688 12 142725 8 142745 12 142765 69 142843 16 142867 20 142891 25 142932 16 143086 29 143123 28 143164 52 143237 20 143285 69 143363 20 143387 20 143411 25 143460 4 143606 29 143643 28 143684 52 143757 20 143805 69 143883 20 143907 20 143931 25 143980 4 144130 25 144163 32 144204 56 144277 20 144325 69 144399 24 144427 24 144455 29 144500 12 144650 25 144683 32 144724 56 144797 20 144845 69 144919 24 144947 24 144975 29 145020 12 145170 25 145203 32 145244 56 145317 20 145365 69 145439 24 145467 24 145495 29 145540 12 145662 12 145690 25 145727 28 145764 56 145833 24 145869 12 145889 65 145959 24 145987 24 146019 29 146052 24 146182 12 146210 25 146247 28 146284 56 146353 24 146389 12 146409 65 146479 24 146507 24 146539 29 146572 24 146702 12 146730 25 146767 28 146804 56 146873 24 146909 12 146929 65 146999 24 147027 24 147059 29 147092 24 147218 20 147250 25 147291 20 147324 56 147393 28 147425 33 147466 44 147519 24 147547 24 147579 61 147738 20 147770 25 147811 20 147844 56 147913 28 147945 33 147986 44 148039 24 148067 24 148099 61 148254 28 148290 25 148331 20 148364 56 148433 101 148559 48 148619 61 148774 28 148810 25 148851 20 148884 56 148953 101 149079 48 149139 61 149294 28 149330 25 149371 20 149404 56 149473 101 149599 48 149659 61 149810 32 149854 17 149895 16 149924 56 149993 101 150123 44 150179 29 150212 28 150330 32 150374 17 150415 16 150444 56 150513 101 150643 44 150699 29 150732 28 150850 32 150894 17 150935 16 150964 56 151033 101 151163 44 151219 29 151252 28 151370 32 151475 65 151557 89 151699 24 151739 29 151772 28 151890 32 151995 65 152077 89 152219 24 152259 29 152292 28 152410 32 152515 65 152597 89 152739 24 152779 29 152812 28 152930 32 153031 65 153117 89 153259 20 153299 25 153332 28 153450 32 153551 65 153637 89 153779 20 153819 25 153852 28 153966 36 154067 69 154161 85 154295 20 154344 16 154364 32 154486 36 154587 69 154681 85 154815 20 154864 16 154884 32 155006 36 155107 69 155201 85 155335 20 155384 16 155404 32 155522 40 155607 85 155741 65 155855 16 155920 36 156042 40 156127 85 156261 65 156375 16 156440 36 156562 40 156647 85 156781 65 156895 16 156960 36 157073 70 157167 65 157305 20 157338 28 157415 16 157459 5 157480 24 157593 70 157687 65 157825 20 157858 28 157935 16 157979 5 158000 24 158109 78 158203 49 158353 4 158378 20 158430 17 158451 20 158495 49 158629 78 158723 49 158873 4 158898 20 158950 17 158971 20 159015 49 159149 78 159243 49 159393 4 159418 20 159470 17 159491 20 159535 49 159665 82 159755 53 159897 8 159934 28 159986 49 160051 53 160185 82 160275 53 160417 8 160454 28 160506 49 160571 53 160705 82 160795 53 160937 8 160974 28 161026 49 161091 53 161221 86 161311 48 161453 16 161494 28 161546 49 161611 53 161741 86 161831 48 161973 16 162014 28 162066 49 162131 53 162261 86 162351 48 162493 16 162534 28 162586 49 162651 53 162777 142 162993 12 163009 20 163054 28 163102 53 163171 53 163297 142 163513 12 163529 20 163574 28 163622 53 163691 53 163817 41 163862 106 164029 40 164094 101 164211 49 164337 41 164382 106 164549 40 164614 101 164731 49 164857 41 164902 106 165069 40 165134 101 165251 49 165377 21 165402 12 165422 37 165467 69 165589 44 165654 101 165771 33 165816 4 165897 21 165922 12 165942 37 165987 69 166109 44 166174 101 166291 33 166336 4 166417 21 166442 12 166462 37 166507 69 166629 44 166694 101 166811 33 166856 4 166937 16 166966 12 167031 69 167149 44 167218 69 167291 20 167331 33 167372 8 167457 16 167486 12 167551 69 167669 44 167738 69 167811 20 167851 33 167892 8 167977 16 168006 12 168071 69 168189 44 168258 69 168331 20 168371 33 168412 8 168493 20 168522 20 168595 65 168709 44 168778 48 168834 5 168855 16 168899 45 169013 20 169042 20 169115 65 169229 44 169298 48 169354 5 169375 16 169419 45 169525 24 169562 24 169655 61 169749 44 169814 52 169944 40 170045 24 170082 24 170175 61 170269 44 170334 52 170464 40 170565 24 170602 24 170695 61 170789 44 170854 52 170984 40 171085 20 171122 24 171223 53 171292 12 171309 44 171365 21 171398 24 171512 32 171605 20 171642 24 171743 53 171812 12 171829 44 171885 21 171918 24 172032 32 172125 20 172162 24 172263 53 172332 12 172349 44 172405 21 172438 24 172552 32 172641 24 172682 24 172787 53 172848 21 172873 73 172958 41 173072 32 173161 24 173202 24 173307 53 173368 21 173393 73 173478 41 173592 32 173681 24 173722 24 173815 12 173831 49 173888 21 173917 28 173949 37 174018 25 174112 32 174201 24 174242 24 174335 12 174351 49 174408 21 174437 28 174469 37 174538 25 174632 32 174721 24 174762 24 174855 12 174871 49 174928 21 174957 28 174989 37 175058 25 175152 32 175241 24 175282 24 175351 12 175371 20 175416 24 175448 21 175477 28 175509 33 175578 25 175672 32 175761 24 175802 24 175871 12 175891 20 175936 24 175968 21 175997 28 176029 33 176098 25 176192 32 176281 24 176322 24 176391 12 176411 20 176456 24 176488 21 176517 28 176549 33 176618 25 176712 32 176801 24 176846 16 176903 48 176976 24 177008 21 177037 28 177073 25 177134 29 177232 32 177321 24 177366 16 177423 48 177496 24 177528 21 177557 28 177593 25 177654 29 177752 32 177841 24 177886 16 177943 48 178016 24 178048 21 178077 28 178113 25 178174 29 178272 32 178361 20 178463 48 178536 20 178568 21 178597 28 178633 16 178694 29 178792 36 178881 20 178983 48 179056 20 179088 21 179117 28 179153 16 179214 29 179312 36 179401 16 179503 24 179531 20 179576 20 179608 16 179637 24 179738 21 179836 16 179921 16 180023 24 180051 20 180096 20 180128 16 180157 24 180258 21 180356 16 180441 16 180543 24 180571 20 180616 20 180648 16 180677 24 180778 21 180876 16
d6eb7ce7723e2f6dc13b90b41a29ded27dbd815bad633fdf582447c686018896,11478 12 11998 12 12518 16 13038 16 13558 16 14073 25 14593 25 15113 25 15633 25 16153 25 16673 25 17193 29 17230 8 17713 29 17750 8 18233 29 18266 16 18753 29 18786 16 19273 29 19306 16 19793 49 20313 49 20833 49 21353 25 21386 12 21873 25 21906 12 22393 25 22426 12 22913 25 22946 12 23433 25 23466 12 23953 25 24473 25 24993 25 25518 20 26038 20 26558 20 27082 20 27602 20 28122 20 28642 20 29162 20 29682 20 30202 20 30722 20 31246 12 31766 12 32286 12
d6eb7ce7723e2f6dc13b90b41a29ded27dbd815bad633fdf582447c686018896,119 36 639 36 1159 36 1675 40 2195 40 2715 36 3235 36 3755 36 4271 40 4791 40 5311 40 5831 36 6351 36 6871 36 7379 48 7899 48 8414 53 8934 53 9454 53 9970 53 10490 53 11010 53 11526 53 12046 53 12566 37 13086 37 13606 37 14126 37 14646 37 15166 37 15686 37 16206 37 16726 37 17246 37 17766 37 18286 33 18806 33 19326 33 19846 33 20366 33 20886 33 21410 25 21930 25 22450 25 22970 21 23490 21 24019 8 24539 8 25059 8 25554 16 25587 16 26074 16 26107 16 26594 16 26627 16 27110 57 27630 57 28150 61 28670 61 29190 61 29706 65 30226 65 30746 65 31266 61 31786 61 32306 61 32826 61 33346 61 33850 4 33870 49 34370 4 34390 49 34890 4 34910 49 35402 20 35430 45 35922 20 35950 45 36442 20 36470 45 36962 24 36990 29 37023 8 37482 24 37510 29 37543 8 37998 32 38034 20 38518 32 38554 20 39038 32 39074 20 39558 32 39594 12 40078 32 40114 12 40598 32 40634 12 41118 32 41154 12 41638 32 41674 12 42158 32 42194 12 42682 28 42714 8 43202 28 43234 8 43726 24 43754 8 44246 24 44274 8 44766 24 44794 8 45294 8 45314 8 45814 8 45834 8 46334 8 46354 8
d6eb7ce7723e2f6dc13b90b41a29ded27dbd815bad633fdf582447c686018896,54 20 574 20 1094 20 1614 24 2134 24 2654 24 3174 24 3694 24 4214 24 4734 24 5254 24 5774 20 6294 20 6814 20 7338 16 7858 16
d6eb7ce7723e2f6dc13b90b41a29ded27dbd815bad633fdf582447c686018896,45330 21 45850 21 46370 21 46886 29 47406 29 47926 29 48446 29 48966 29 49482 33 50002 33 50522 33 51042 33 51562 33 52082 33 52602 33 53122 33 53642 29 54162 29 54682 29 55202 29 55722 29 56242 29 56766 21 57286 21 57806 21 58326 21 58846 21 59370 13 59890 13 60410 13 60934 5 61454 5 61974 5
d6eb7ce7723e2f6dc13b90b41a29ded27dbd815bad633fdf582447c686018896,89014 17 89534 17 90054 17 90570 21 91090 21 91610 21 92130 25 92650 25 93170 25 93690 25 94210 25 94730 21 95250 21 95770 21 96294 13 96814 13 97334 13
d6eb7ce7723e2f6dc13b90b41a29ded27dbd815bad633fdf582447c686018896,63547 12 64067 12 64587 12 65107 16 65627 16 66147 16 66663 20 67183 20 67703 20 68223 20 68743 20 69259 24 69779 24 70299 24 70819 24 71339 24 71859 24 72374 29 72894 29 73414 25 73934 25 74454 25 74979 12 75499 12 76019 12
d6eb7ce7723e2f6dc13b90b41a29ded27dbd815bad633fdf582447c686018896,168 12 688 12 1208 12 1728 16 2248 16
d6eb7ce7723e2f6dc13b90b41a29ded27dbd815bad633fdf582447c686018896,104708 12 105228 12 105748 12 106264 20 106784 20 107304 20 107824 20 108344 20 108860 24 109380 24 109900 24 110412 32 110932 32 111452 32 111972 32 112492 32 113012 32 113532 32 114052 32 114572 28 115092 28 115612 28 116132 24 116652 24 117172 24
d6eb7ce7723e2f6dc13b90b41a29ded27dbd815bad633fdf582447c686018896,62588 12 63108 12 63624 20 64144 20 64664 20 65180 24 65700 24 66220 24 66740 24 67260 24 67784 20 68304 20 68824 20 69348 8 69868 8 70388 8
d6eb7ce7723e2f6dc13b90b41a29ded27dbd815bad633fdf582447c686018896,55397 12 55917 12 56437 12 56953 16 57473 16 57993 16 58513 16 59033 16
d6eb7ce7723e2f6dc13b90b41a29ded27dbd815bad633fdf582447c686018896,116286 16 116806 16 117326 16 117842 20 118362 20 118878 24 119398 24 119918 24 120438 24 120958 24 121478 24 121998 24 122518 24 123038 24 123558 24 124078 24 124602 16 125122 16 125642 16
d6eb7ce7723e2f6dc13b90b41a29ded27dbd815bad633fdf582447c686018896,169915 12 170435 12 170955 12 171471 20 171991 20 172511 20 173031 20 173551 20 174067 24 174587 24 175107 24 175627 24 176147 24 176667 24 177187 24 177707 24 178227 24 178747 20 179267 20 179791 12 180311 12 180831 12
d6eb7ce7723e2f6dc13b90b41a29ded27dbd815bad633fdf582447c686018896,460 41 505 8 980 41 1025 8 1500 41 1545 8 2016 61 2536 61 3048 69 3568 69 4088 69 4608 69 5128 69 5648 69 6168 69 6688 69 7208 69 7724 28 7756 37 8244 28 8276 37 8764 24 8800 33 9284 24 9320 33 9804 24 9840 33 10324 24 10360 33 10844 24 10880 33 11364 24 11400 33 11884 24 11920 33 12404 24 12440 33 12924 24 12952 41 13444 24 13472 41 13964 24 13992 41 14484 73 15004 73 15524 73 16044 73 16564 73 17084 73 17604 73 18124 73 18644 77 19164 77 19684 77 20208 73 20728 73 21248 73 21768 73 22288 73 22808 73 23328 73 23848 73 24364 77 24884 77 25404 77 25924 77 26444 77 26964 77 27488 28 27520 41 28008 28 28040 41 28528 24 28564 37 29048 24 29084 37 29568 24 29604 37 30092 20 30129 12 30149 8 30612 20 30649 12 30669 8 31132 20 31169 12 31189 8 31656 8 32176 8 32696 8
d6eb7ce7723e2f6dc13b90b41a29ded27dbd815bad633fdf582447c686018896,61316 8 61836 8 62356 8 62876 13 63396 13 63912 21 64432 21 64952 21 65472 21 65992 21 66512 21 67032 25 67552 25 68068 29 68588 29 69108 29 69628 29 70148 29 70668 29 71192 25 71712 25 72232 25 72752 21 73272 21 73792 17 74312 17 74832 17
d6eb7ce7723e2f6dc13b90b41a29ded27dbd815bad633fdf582447c686018896,147669 8 148189 8 148709 8 149229 8 149749 8 150269 12 150789 12 151309 12 151829 12 152349 12 152869 12 153389 12 153909 12 154404 9 154425 16 154924 9 154945 16 155444 9 155465 16 155960 17 155985 16 156480 17 156505 16 157000 17 157025 16 157520 17 157541 20 158040 17 158061 20 158556 21 158581 20 159076 21 159101 20 159596 21 159621 20 160116 21 160141 20 160636 21 160661 20 161156 21 161181 20 161676 45 162196 45 162716 45 163232 49 163752 49 164272 29 164305 16 164792 29 164825 16 165312 29 165345 16 165832 29 166352 29 166872 29 167392 29 167912 29 168432 29 168952 29 169472 29 169992 29 170512 29 171032 29 171552 25 172072 25 172592 25 173116 21 173636 21 174160 13 174680 13 175200 13
d8d4bf68a76e4e4c5f21de7ac613451f7115a04db686151e78b8ec0b6a22022b,31755 8 32011 8 32265 10 32521 10 32777 12 33033 12 33287 14 33543 14 33801 10 34057 10 34315 10 34571 10 34827 12 35083 12 35339 14 35595 14 35851 14 36107 14 36361 16 36617 16 36873 16 37129 16 37387 12 37643 12 37899 10 38155 10
d8d4bf68a76e4e4c5f21de7ac613451f7115a04db686151e78b8ec0b6a22022b,65 4 321 4 575 8 831 8 1085 12 1341 12 1597 12 1853 12 2109 12 2365 12 2623 10 2879 10 3137 10 3393 10 3649 12 3905 12 4159 16 4415 16 4671 16 4927 16 5183 16 5439 16 5697 12 5953 12 6211 8 6467 8
d8d4bf68a76e4e4c5f21de7ac613451f7115a04db686151e78b8ec0b6a22022b,14403 6 14659 6 14913 10 15169 10 15423 12 15679 12 15935 12 16191 12 16447 12 16703 12 16959 12 17215 12 17475 4 17731 4
d8d4bf68a76e4e4c5f21de7ac613451f7115a04db686151e78b8ec0b6a22022b,64157 8 64413 8 64667 12 64923 12 65179 12 65435 12
da6c593410340b19bb212b9f6d274f95b08c0fc8f2570cd66bc5ed42c560acab,10817 44 11329 44 11841 44 12353 44 12865 44 13377 44 13889 52 14401 52 14913 52 15425 52 15937 52 16445 56 16957 56 17469 56 17981 56 18493 56 19005 60 19517 60 20029 60 20541 60 21053 60 21569 56 22081 56 22593 56 23105 56 23617 56 24129 56 24641 52 25153 52 25665 52 26177 52 26689 52 27205 44 27717 44 28229 44 28741 44 29253 44 29769 40 30281 40 30793 40 31305 40 31817 40 32329 40 32821 64 33333 64 33845 64 34357 64 34869 64 35333 12 35373 72 35845 12 35885 72 36357 12 36397 72 36869 12 36909 72 37381 12 37421 72 37889 24 37929 76 38401 24 38441 76 38913 24 38953 76 39425 24 39465 76 39937 24 39977 76 40449 24 40489 76 40961 28 41001 80 41473 28 41513 80 41985 28 42025 80 42497 28 42537 80 43009 28 43049 80 43521 28 43561 80 44033 28 44073 80 44545 28 44585 80 45057 28 45097 80 45569 28 45609 80 46081 32 46121 84 46593 32 46633 84 47105 32 47145 84 47617 32 47657 84 48129 32 48169 84 48641 32 48681 84 49153 36 49193 84 49665 36 49705 84 50177 36 50217 84 50689 36 50729 84 51201 36 51241 84 51713 80 51797 40 52225 80 52309 40 52737 80 52821 40 53249 80 53333 40 53761 80 53845 40 54273 76 54365 28 54785 76 54877 28 55297 76 55389 28 55809 76 55901 28 56321 76 56413 28 56833 76 56925 28 57345 80 57449 8 57857 80 57961 8 58369 80 58473 8 58881 80 58985 8 59393 80 59497 8 59909 80 60421 80 60933 80 61445 80 61957 80 62473 80 62985 80 63497 80 64009 80 64521 80 65033 80 65553 8 65573 56 66065 8 66085 56 66577 8 66597 56 67089 8 67109 56 67601 8 67621 56 68133 56 68645 56 69157 56 69669 56 70181 56 70697 52 71209 52 71721 52 72233 52 72745 52 73261 44 73773 44 74285 44 74797 44 75309 44 75821 44 76337 32 76849 32 77361 32 77873 32 78385 32
da6c593410340b19bb212b9f6d274f95b08c0fc8f2570cd66bc5ed42c560acab,68101 4 68613 4 69125 4 69637 4 70149 4 70657 16 71169 16 71681 16 72193 16 72705 16 73217 20 73729 20 74241 20 74753 20 75265 20 75777 20 76289 28 76801 28 77313 28 77825 28 78337 28 78849 32 79361 32 79873 32 80385 32 80897 32 81409 36 81921 36 82433 36 82945 36 83457 36 83969 36 84481 36 84993 36 85505 36 86017 36 86529 36 87041 36 87553 36 88065 36 88577 36 89089 36 89601 36 90113 36 90625 36 91137 36 91649 36 92161 36 92673 28 93185 28 93697 28 94209 28 94721 28 95233 20 95745 20 96257 20 96769 20 97281 20
da6c593410340b19bb212b9f6d274f95b08c0fc8f2570cd66bc5ed42c560acab,233989 8 234501 8 235013 8 235525 8 236037 8 236545 20 236581 40 237057 20 237093 40 237569 20 237605 40 238081 20 238117 40 238593 20 238629 40 239105 20 239141 40 239617 84 240129 84 240641 84 241153 84 241665 84 242177 88 242689 88 243201 88 243713 88 244225 88 244737 88 245249 88 245761 88 246273 88 246785 88 247297 92 247809 92 248321 92 248833 92 249345 92 249857 92 250369 16 250401 56 250881 16 250913 56 251393 16 251425 56 251905 16 251937 56 252417 16 252449 56 252929 12 252965 48 253441 12 253477 48 253953 12 253989 48 254465 12 254501 48 254977 12 255013 48 255489 12 255541 24 256001 12 256053 24 256513 12 256565 24 257025 12 257077 24 257537 12 257589 24 258049 12 258101 24 258561 12 259073 12 259585 12 260097 12 260609 12 261121 12 261633 12 262145 12 262657 12 263169 12
da6c593410340b19bb212b9f6d274f95b08c0fc8f2570cd66bc5ed42c560acab,280097 4 280609 4 281121 4 281633 4 282145 4 282657 4 283161 20 283673 20 284185 20 284697 20 285209 20 285717 28 286229 28 286741 28 287253 28 287765 28 288261 44 288773 44 289285 44 289797 44 290309 44 290817 44 291329 44 291841 44 292353 44 292865 44 293377 44 293889 44 294401 44 294913 44 295425 44 295937 44 296449 44 296961 44 297473 44 297985 44 298497 44 299009 44 299521 44 300033 44 300545 44 301057 44 301569 44 302081 48 302593 48 303105 48 303617 48 304129 48 304641 44 305153 44 305665 44 306177 44 306689 44 307201 44 307713 44 308225 44 308737 44 309249 44 309761 44 310273 40 310785 40 311297 40 311809 40 312321 40 312833 28 313345 28 313857 28 314369 28 314881 28
da6c593410340b19bb212b9f6d274f95b08c0fc8f2570cd66bc5ed42c560acab,312909 16 313421 16 313933 16 314445 16 314957 16 315461 28 315973 28 316485 28 316997 28 317509 28 318021 28 318525 36 319037 36 319549 36 320061 36 320573 36 321085 36 321597 36 322109 36 322621 36 323133 36 323641 40 324153 40 324665 40 325177 40 325689 40 326201 40 326709 44 327221 44 327733 44 328245 44 328757 44 329241 20 329265 44 329753 20 329777 44 330265 20 330289 44 330777 20 330801 44 331289 20 331313 44 331793 76 332305 76 332817 76 333329 76 333841 76 334341 84 334853 84 335365 84 335877 84 336389 84 336901 84 337409 88 337921 88 338433 88 338945 88 339457 88 339969 84 340481 84 340993 84 341505 84 342017 84 342529 80 343041 80 343553 80 344065 80 344577 80 345089 80 345605 28 345649 28 346117 28 346161 28 346629 28 346673 28 347141 28 347185 28 347653 28 347697 28
da6c593410340b19bb212b9f6d274f95b08c0fc8f2570cd66bc5ed42c560acab,215093 8 215605 8 216117 8 216629 8 217141 8
da6c593410340b19bb212b9f6d274f95b08c0fc8f2570cd66bc5ed42c560acab,271961 20 272473 20 272985 20 273497 20 274009 20 274521 20 275025 32 275537 32 276049 32 276561 32 277073 32 277581 36 278093 36 278605 36 279117 36 279629 36 280141 36 280653 36 281165 36 281677 36 282189 36 282701 36 283209 40 283721 40 284233 40 284745 40 285257 40 285769 36 286281 36 286793 36 287305 36 287817 36 288333 28 288845 28 289357 28 289869 28 290381 28 290897 12 291409 12 291921 12 292433 12 292945 12 293457 12
da6c593410340b19bb212b9f6d274f95b08c0fc8f2570cd66bc5ed42c560acab,168657 28 169169 28 169681 28 170193 28 170705 28 171217 28 171729 36 172241 36 172753 36 173265 36 173777 36 174229 32 174285 48 174741 32 174797 48 175253 32 175309 48 175765 32 175821 48 176277 32 176333 48 176789 44 176845 52 177301 44 177357 52 177813 44 177869 52 178325 44 178381 52 178837 44 178893 52 179349 44 179405 52 179857 52 179917 56 180369 52 180429 56 180881 52 180941 56 181393 52 181453 56 181905 52 181965 56 182405 128 182917 128 183429 128 183941 128 184453 128 184961 132 185473 132 185985 132 186497 132 187009 132 187521 132 188033 128 188545 128 189057 128 189569 128 190081 128 190597 120 191109 120 191621 120 192133 120 192645 120 193157 116 193669 116 194181 116 194693 116 195205 116 195717 116 196229 116 196741 116 197253 116 197765 116 198277 116 198781 60 198857 48 199293 60 199369 48 199805 60 199881 48 200317 60 200393 48 200829 60 200905 48 201337 64 201433 28 201849 64 201945 28 202361 64 202457 28 202873 64 202969 28 203385 64 203481 28 203889 76 204401 76 204913 76 205425 76 205937 76 206449 76 206957 80 207469 80 207981 80 208493 80 209005 80 209513 84 210025 84 210537 84 211049 84 211561 84 212073 84 212585 84 213097 84 213609 84 214121 84 214633 84 215145 80 215657 80 216169 80 216681 80 217193 80 217701 68 218213 68 218725 68 219237 68 219749 68 220249 68 220761 68 221273 68 221785 68 222297 68 222809 68 223317 72 223829 72 224341 72 224853 72 225365 72 225873 76 226385 76 226897 76 227409 76 227921 76 228433 76 228945 76 229457 76 229969 76 230481 76 230993 76 231505 72 232017 72 232529 72 233041 72 233553 72 234069 52 234581 52 235093 52 235605 52 236117 52 236637 16 237149 16 237661 16 238173 16 238685 16 239197 16
da6c593410340b19bb212b9f6d274f95b08c0fc8f2570cd66bc5ed42c560acab,272077 36 272589 36 273101 36 273613 36 274125 36 274637 36 275133 56 275645 56 276157 56 276669 56 277181 56 277685 68 278197 68 278709 68 279221 68 279733 68 280237 76 280749 76 281261 76 281773 76 282285 76 282797 76 283297 88 283809 88 284321 88 284833 88 285345 88 285849 96 286361 96 286873 96 287385 96 287897 96 288405 96 288917 96 289429 96 289941 96 290453 96 290961 96 291473 96 291985 96 292497 96 293009 96 293521 96 294029 92 294541 92 295053 92 295565 92 296077 92 296589 80 297101 80 297613 80 298125 80 298637 80 299145 76 299657 76 300169 76 300681 76 301193 76 301705 76 302213 76 302725 76 303237 76 303749 76 304261 76 304769 72 305281 72 305793 72 306305 72 306817 72 307325 60 307837 60 308349 60 308861 60 309373 60 309885 60 310393 56 310905 56 311417 56 311929 56 312441 56 312953 56 313465 56 313977 56 314489 56 315001 56 315509 56 316021 56 316533 56 317045 56 317557 56 318069 56 318577 60 319089 60 319601 60 320113 60 320625 60 321133 60 321645 60 322157 60 322669 60 323181 60 323685 64 324197 64 324709 64 325221 64 325733 64 326245 64 326757 32 326793 16 327269 32 327305 16 327781 32 327817 16 328293 32 328329 16 328805 32 328841 16 329317 28 329829 28 330341 28 330853 28 331365 28 331877 24 332389 24 332901 24 333413 24 333925 24 334433 24 334945 24 335457 24 335969 24 336481 24 336993 24 337505 20 338017 20 338529 20 339041 20 339553 20 340065 20 340577 20 341089 20 341601 20 342113 20 342629 16 343141 16 343653 16 344165 16 344677 16 345189 16 345705 12 346217 12 346729 12 347241 12 347753 12
da6c593410340b19bb212b9f6d274f95b08c0fc8f2570cd66bc5ed42c560acab,242361 36 242873 36 243385 36 243897 36 244409 36 244913 52 245425 52 245937 52 246449 52 246961 52 247469 60 247981 60 248493 60 249005 60 249517 60 250029 60 250505 28 250541 60 251017 28 251053 60 251529 28 251565 60 252041 28 252077 60 252553 28 252589 60 253057 104 253569 104 254081 104 254593 104 255105 104 255613 108 256125 108 256637 108 257149 108 257661 108 258173 108 258685 104 259197 104 259709 104 260221 104 260733 104 261241 52 261301 44 261753 52 261813 44 262265 52 262325 44 262777 52 262837 44 263289 52 263349 44 263801 52 263865 24 264313 52 264377 24 264825 52 264889 24 265337 52 265401 24 265849 52 265913 24 266361 52 266425 24 266873 52 267385 52 267897 52 268409 52 268921 52 269433 48 269945 48 270457 48 270969 48 271481 48 271997 40 272509 40 273021 40 273533 40 274045 40 274557 40 275077 20 275589 20 276101 20 276613 20 277125 20
da6c593410340b19bb212b9f6d274f95b08c0fc8f2570cd66bc5ed42c560acab,317 40 389 20 829 40 901 20 1341 40 1413 20 1853 40 1925 20 2365 40 2437 20 2837 4 2869 112 3349 4 3381 112 3861 4 3893 112 4373 4 4405 112 4885 4 4917 112 5397 4 5429 112 5837 28 5897 28 5937 124 6349 28 6409 28 6449 124 6861 28 6921 28 6961 124 7373 28 7433 28 7473 124 7885 28 7945 28 7985 124 8337 24 8385 48 8453 168 8849 24 8897 48 8965 168 9361 24 9409 48 9477 168 9873 24 9921 48 9989 168 10385 24 10433 48 10501 168 10885 44 10941 56 11013 164 11397 44 11453 56 11525 164 11909 44 11965 56 12037 164 12421 44 12477 56 12549 164 12933 44 12989 56 13061 164 13445 44 13501 56 13573 164 13957 116 14081 156 14469 116 14593 156 14981 116 15105 156 15493 116 15617 156 16005 116 16129 156 16517 160 16681 112 17029 160 17193 112 17541 160 17705 112 18053 160 18217 112 18565 160 18729 112 19077 152 19257 100 19589 152 19769 100 20101 152 20281 100 20613 152 20793 100 21125 152 21305 100 21641 152 21821 96 22153 152 22333 96 22665 152 22845 96 23177 152 23357 96 23689 152 23869 96 24201 152 24381 96 24713 92 24817 48 24905 84 25225 92 25329 48 25417 84 25737 92 25841 48 25929 84 26249 92 26353 48 26441 84 26761 92 26865 48 26953 84 27269 84 27385 40 27513 32 27781 84 27897 40 28025 32 28293 84 28409 40 28537 32 28805 84 28921 40 29049 32 29317 84 29433 40 29561 32 29825 64 29953 28 30337 64 30465 28 30849 64 30977 28 31361 64 31489 28 31873 64 32001 28 32385 64 32513 28 32893 44 33405 44 33917 44 34429 44 34941 44 35453 44 35965 44 36477 44 36989 44 37501 44 38013 44 38525 44 39037 44 39549 44 40061 44 40573 44 41085 40 41597 40 42109 40 42621 40 43133 40 43653 28 44165 28 44677 28 45189 28 45701 28
da6c593410340b19bb212b9f6d274f95b08c0fc8f2570cd66bc5ed42c560acab,65693 20 66205 20 66717 20 67229 20 67741 20 68245 36 68757 36 69269 36 69781 36 70293 36 70805 44 71317 44 71829 44 72341 44 72853 44 73361 52 73873 52 74385 52 74897 52 75409 52 75921 52 76433 52 76945 52 77457 52 77969 52 78481 52 78993 52 79505 52 80017 52 80529 52 81041 52 81557 48 82069 48 82581 48 83093 48 83605 48 84117 48 84633 40 85145 40 85657 40 86169 40 86681 40 87201 24 87713 24 88225 24 88737 24 89249 24
da6c593410340b19bb212b9f6d274f95b08c0fc8f2570cd66bc5ed42c560acab,89797 8 90309 8 90821 8 91333 8 91845 8 92357 8 92869 8 93381 8 93893 8 94405 8 94917 8
da6c593410340b19bb212b9f6d274f95b08c0fc8f2570cd66bc5ed42c560acab,223461 24 223973 24 224485 24 224997 24 225509 24 226017 36 226529 36 227041 36 227553 36 228065 36 228573 76 229085 76 229597 76 230109 76 230621 76 231133 76 231645 80 232157 80 232669 80 233181 80 233693 80 234205 84 234717 84 235229 84 235741 84 236253 84 236769 80 237281 80 237793 80 238305 80 238817 80 239329 80 239845 76 240357 76 240869 76 241381 76 241893 76 242417 64 242929 64 243441 64 243953 64 244465 64 244977 60 245489 60 246001 60 246513 60 247025 60 247541 44 248053 44 248565 44 249077 44 249589 44 250101 44 250617 20 251129 20 251641 20 252153 20 252665 20
da6c593410340b19bb212b9f6d274f95b08c0fc8f2570cd66bc5ed42c560acab,149745 8 150257 8 150769 8 151281 8 151793 8 152305 8 152817 12 153329 12 153841 12 154353 12 154865 12 155373 16 155885 16 156397 16 156909 16 157421 16 157933 12 158445 12 158957 12 159469 12 159981 12
da6c593410340b19bb212b9f6d274f95b08c0fc8f2570cd66bc5ed42c560acab,122637 24 123149 24 123661 24 124173 24 124685 24 125193 36 125705 36 126217 36 126729 36 127241 36 127753 36 128265 36 128777 36 129289 36 129801 36 130313 36 130821 44 131333 44 131845 44 132357 44 132869 44 133381 40 133449 12 133893 40 133961 12 134405 40 134473 12 134917 40 134985 12 135429 40 135497 12 135941 40 136009 12 136457 36 136513 44 136969 36 137025 44 137481 36 137537 44 137993 36 138049 44 138505 36 138561 44 139021 28 139069 60 139533 28 139581 60 140045 28 140093 60 140557 28 140605 60 141069 28 141117 60 141597 24 141625 68 142109 24 142137 68 142621 24 142649 68 143133 24 143161 68 143645 24 143673 68 144157 24 144185 68 144669 100 145181 100 145693 100 146205 100 146717 100 147229 100 147741 100 148253 100 148765 100 149277 100 149785 104 150297 104 150809 104 151321 104 151833 104 152345 104 152857 100 153369 100 153881 100 154393 100 154905 100 155417 96 155929 96 156441 96 156953 96 157465 96 157957 100 158469 100 158981 100 159493 100 160005 100 160513 32 160557 60 161025 32 161069 60 161537 32 161581 60 162049 32 162093 60 162561 32 162605 60 163073 32 163117 60 163581 36 163629 56 164093 36 164141 56 164605 36 164653 56 165117 36 165165 56 165629 36 165677 56 166141 40 166185 60 166653 40 166697 60 167165 40 167209 60 167677 40 167721 60 168189 40 168233 60 168701 76 168785 16 169213 76 169297 16 169725 76 169809 16 170237 76 170321 16 170749 76 170833 16 171261 76 171345 16 171777 76 172289 76 172801 76 173313 76 173825 76 174341 72 174853 72 175365 72 175877 72 176389 72 176909 20 176937 32 177421 20 177449 32 177933 20 177961 32 178445 20 178473 32 178957 20 178985 32 179469 20 179497 32 180009 28 180521 28 181033 28 181545 28 182057 28 182577 12 183089 12 183601 12 184113 12 184625 12
da6c593410340b19bb212b9f6d274f95b08c0fc8f2570cd66bc5ed42c560acab,245225 8 245737 8 246249 8 246761 8 247273 8 247717 8 247785 20 248229 8 248297 20 248741 8 248809 20 249253 8 249321 20 249765 8 249833 20 250277 8 250345 20 250689 12 250725 4 250777 32 250853 28 251201 12 251237 4 251289 32 251365 28 251713 12 251749 4 251801 32 251877 28 252225 12 252261 4 252313 32 252389 28 252737 12 252773 4 252825 32 252901 28 253245 52 253309 72 253413 28 253757 52 253821 72 253925 28 254269 52 254333 72 254437 28 254781 52 254845 72 254949 28 255293 52 255357 72 255461 28 255797 152 255977 24 256309 152 256489 24 256821 152 257001 24 257333 152 257513 24 257845 152 258025 24 258357 152 258537 24 258849 180 259049 24 259361 180 259561 24 259873 180 260073 24 260385 180 260585 24 260897 180 261097 24 261401 196 261613 20 261913 196 262125 20 262425 196 262637 20 262937 196 263149 20 263449 196 263661 20 263957 208 264177 16 264469 208 264689 16 264981 208 265201 16 265493 208 265713 16 266005 208 266225 16 266517 208 266737 16 267025 240 267537 240 268049 240 268561 240 269073 240 269581 240 270093 240 270605 240 271117 240 271629 240 272137 244 272649 244 273161 244 273673 244 274185 244 274697 244 275209 244 275721 244 276233 244 276745 244 277257 244 277769 244 278281 244 278793 244 279305 244 279817 244 280329 56 280397 16 280429 52 280493 80 280841 56 280909 16 280941 52 281005 80 281353 56 281421 16 281453 52 281517 80 281865 56 281933 16 281965 52 282029 80 282377 56 282445 16 282477 52 282541 80 282889 56 282957 16 282989 52 283053 80 283405 48 283501 24 283569 76 283917 48 284013 24 284081 76 284429 48 284525 24 284593 76 284941 48 285037 24 285105 76 285453 48 285549 24 285617 76 285969 36 286061 24 286133 72 286481 36 286573 24 286645 72 286993 36 287085 24 287157 72 287505 36 287597 24 287669 72 288017 36 288109 24 288181 72 288533 12 288617 28 288697 64 289045 12 289129 28 289209 64 289557 12 289641 28 289721 64 290069 12 290153 28 290233 64 290581 12 290665 28 290745 64 291177 24 291265 44 291689 24 291777 44 292201 24 292289 44 292713 24 292801 44 293225 24 293313 44 293737 24 293825 44 294253 16 294345 32 294765 16 294857 32 295277 16 295369 32 295789 16 295881 32 296301 16 296393 32 296909 28 297421 28 297933 28 298445 28 298957 28 299473 16 299985 16 300497 16 301009 16 301521 16 302033 16
da6c593410340b19bb212b9f6d274f95b08c0fc8f2570cd66bc5ed42c560acab,95553 8 96065 8 96577 8 97089 8 97601 8 98109 16 98621 16 99133 16 99645 16 100157 16 100669 16 101177 32 101689 32 102201 32 102713 32 103225 32 103741 32 104253 32 104765 32 105277 32 105789 32 106301 32 106813 32 107325 32 107837 32 108349 32 108861 32 109373 32 109885 32 110397 32 110909 32 111421 32 111933 32 112445 32 112957 32 113469 32 113981 32 114493 32 115005 32 115517 32 116029 32 116541 32 117053 28 117565 28 118077 28 118589 28 119101 28 119613 28 120125 24 120637 24 121149 24 121661 24 122173 24 122693 12 123205 12 123717 12 124229 12 124741 12
da6c593410340b19bb212b9f6d274f95b08c0fc8f2570cd66bc5ed42c560acab,215409 12 215921 12 216433 12 216945 12 217457 12 217965 16 218477 16 218989 16 219501 16 220013 16 220525 16 221037 16 221549 16 222061 16 222573 16 223085 16 223605 4 224117 4 224629 4 225141 4 225653 4
da6c593410340b19bb212b9f6d274f95b08c0fc8f2570cd66bc5ed42c560acab,223629 8 224141 8 224653 8 225165 8 225677 8 226181 20 226693 20 227205 20 227717 20 228229 20 228737 24 229249 24 229761 24 230273 24 230785 24 231297 24 231813 16 232325 16 232837 16 233349 16 233861 16
da6c593410340b19bb212b9f6d274f95b08c0fc8f2570cd66bc5ed42c560acab,163781 44 164293 44 164805 44 165317 44 165829 44 166337 56 166849 56 167361 56 167873 56 168385 56 168897 60 169409 60 169921 60 170433 60 170945 60 171457 60 171969 60 172481 60 172993 60 173505 60 174017 60 174525 64 175037 64 175549 64 176061 64 176573 64 177081 64 177593 64 178105 64 178617 64 179129 64 179641 64 180149 68 180661 68 181173 68 181685 68 182197 68 182697 76 183209 76 183721 76 184233 76 184745 76 185253 80 185765 80 186277 80 186789 80 187301 80 187813 80 188325 80 188837 80 189349 80 189861 80 190373 80 190881 88 191393 88 191905 88 192417 88 192929 88 193413 44 193473 60 193925 44 193985 60 194437 44 194497 60 194949 44 195009 60 195461 44 195521 60 195973 44 196033 60 196485 44 196549 60 196997 44 197061 60 197509 44 197573 60 198021 44 198085 60 198533 44 198597 60 199045 48 199109 60 199557 48 199621 60 200069 48 200133 60 200581 48 200645 60 201093 48 201157 60 201605 48 201673 56 202117 48 202185 56 202629 48 202697 56 203141 48 203209 56 203653 48 203721 56 204165 48 204237 52 204677 48 204749 52 205189 48 205261 52 205701 48 205773 52 206213 48 206285 52 206725 48 206797 52 207241 40 207293 32 207341 20 207753 40 207805 32 207853 20 208265 40 208317 32 208365 20 208777 40 208829 32 208877 20 209289 40 209341 32 209389 20 209805 28 209845 44 209901 20 210317 28 210357 44 210413 20 210829 28 210869 44 210925 20 211341 28 211381 44 211437 20 211853 28 211893 44 211949 20 212405 52 212465 16 212917 52 212977 16 213429 52 213489 16 213941 52 214001 16 214453 52 214513 16 214965 52 215025 16 215473 60 215537 16 215985 60 216049 16 216497 60 216561 16 217009 60 217073 16 217521 60 217585 16 218033 60 218101 12 218545 60 218613 12 219057 60 219125 12 219569 60 219637 12 220081 60 220149 12 220597 56 220661 12 221109 56 221173 12 221621 56 221685 12 222133 56 222197 12 222645 56 222709 12 223157 56 223221 12 223673 48 223737 8 224185 48 224249 8 224697 48 224761 8 225209 48 225273 8 225721 48 225785 8 226237 32 226297 4 226749 32 226809 4 227261 32 227321 4 227773 32 227833 4 228285 32 228345 4
da6c593410340b19bb212b9f6d274f95b08c0fc8f2570cd66bc5ed42c560acab,130961 28 131473 28 131985 28 132497 28 133009 28 133517 36 134029 36 134541 36 135053 36 135565 36 136077 36 136585 40 137097 40 137609 40 138121 40 138633 40 139145 44 139657 44 140169 44 140681 44 141193 44 141705 44 142217 44 142729 44 143241 44 143753 44 144265 44 144777 40 145289 40 145801 40 146313 40 146825 40 147341 36 147853 36 148365 36 148877 36 149389 36 149909 20 150421 20 150933 20 151445 20 151957 20 152469 20
da6c593410340b19bb212b9f6d274f95b08c0fc8f2570cd66bc5ed42c560acab,158101 8 158613 8 159125 8 159637 8 160149 8 160653 20 161165 20 161677 20 162189 20 162701 20 163213 20 163725 24 164237 24 164749 24 165261 24 165773 24 166285 24 166797 24 167309 24 167821 24 168333 24 168845 28 169357 28 169869 28 170381 28 170893 28 171405 28 171921 20 172433 20 172945 20 173457 20 173969 20
da6c593410340b19bb212b9f6d274f95b08c0fc8f2570cd66bc5ed42c560acab,109509 12 110021 12 110533 12 111045 12 111557 12 112061 24 112573 24 113085 24 113597 24 114109 24 114621 28 115133 28 115645 28 116157 28 116669 28 117177 32 117689 32 118201 32 118713 32 119225 32 119737 32 120253 24 120765 24 121277 24 121789 24 122301 24 122817 16 123329 16 123841 16 124353 16 124865 16
da6c593410340b19bb212b9f6d274f95b08c0fc8f2570cd66bc5ed42c560acab,457 32 969 32 1481 32 1993 32 2505 32 3017 52 3529 52 4041 52 4553 52 5065 52 5577 52 6105 24 6617 24 7129 24 7641 24 8153 24
dab46d798d29aff2e99c23f47ed3064f5cafb1644629b015c95a2dd2ee593bb4,59435 8 59691 8 59945 14 60201 14 60457 14 60713 14 60967 16 61223 16 61479 16 61735 16 61991 16 62247 16 62503 14 62759 14 63015 14 63271 14 63531 6 63787 6
dab46d798d29aff2e99c23f47ed3064f5cafb1644629b015c95a2dd2ee593bb4,36407 10 36663 10 36915 18 37171 18 37425 22 37681 22 37935 24 38191 24 38447 24 38703 24 38959 24 39215 24 39471 22 39727 22 39985 18 40241 18 40499 14 40755 14
dab46d798d29aff2e99c23f47ed3064f5cafb1644629b015c95a2dd2ee593bb4,23093 2 23349 2 23603 6 23859 6 24115 6 24371 6 24629 4 24885 4
dab46d798d29aff2e99c23f47ed3064f5cafb1644629b015c95a2dd2ee593bb4,61023 12 61279 12 61533 16 61789 16 62043 18 62299 18 62555 18 62811 18 63067 18 63323 18 63579 16 63835 16 64091 16 64347 16 64603 14 64859 14 65119 6 65375 6
dab46d798d29aff2e99c23f47ed3064f5cafb1644629b015c95a2dd2ee593bb4,20619 10 20875 10 21129 14 21385 14 21641 16 21897 16 22153 16 22409 16 22667 16 22923 16 23179 16 23435 16 23693 14 23949 14 24209 8 24465 8
dab46d798d29aff2e99c23f47ed3064f5cafb1644629b015c95a2dd2ee593bb4,17049 12 17305 12 17559 18 17815 18 18069 22 18325 22 18581 22 18837 22 19093 24 19349 24 19607 22 19863 22 20119 22 20375 22 20633 20 20889 20 21147 16 21403 16 21663 10 21919 10
dab46d798d29aff2e99c23f47ed3064f5cafb1644629b015c95a2dd2ee593bb4,14533 8 14789 8 15043 16 15299 16 15555 18 15811 18 16065 22 16321 22 16579 22 16835 22 17091 22 17347 22 17605 18 17861 18 18119 16 18375 16 18637 6 18893 6
dab46d798d29aff2e99c23f47ed3064f5cafb1644629b015c95a2dd2ee593bb4,58077 8 58333 8 58589 8 58845 8 59101 8 59357 8 59615 6 59871 6
dab46d798d29aff2e99c23f47ed3064f5cafb1644629b015c95a2dd2ee593bb4,3301 8 3557 8 3811 14 4067 14 4321 18 4577 18 4833 20 5089 20 5347 18 5603 18 5859 18 6115 18 6375 12 6631 12
dab46d798d29aff2e99c23f47ed3064f5cafb1644629b015c95a2dd2ee593bb4,25837 12 26093 12 26347 16 26603 16 26859 16 27115 16 27371 18 27627 18 27883 18 28139 18 28397 14 28653 14 28913 8 29169 8
dab46d798d29aff2e99c23f47ed3064f5cafb1644629b015c95a2dd2ee593bb4,50933 4 51189 4 51443 12 51699 12 51953 16 52209 16 52463 18 52719 18 52975 18 53231 18 53487 18 53743 18 54001 16 54257 16 54513 16 54769 16 55027 14 55283 14 55541 12 55797 12 56055 10 56311 10
df40099c6306ca1f47fcc8a62e2fa39486d4e223177afdc51b2ad189691802d8,4163 2 4423 2 4683 2 4943 2 5203 2 5463 2 5723 4 5983 4 6241 6 6501 6 6761 6 7023 4 7283 4 7543 4 7803 4 8063 4 8323 4 8583 4 8843 4 9103 4 9363 4 9623 4 9883 2 10143 2 10403 2
df40099c6306ca1f47fcc8a62e2fa39486d4e223177afdc51b2ad189691802d8,36661 6 36921 6 37181 6 37441 8 37701 8 37961 10 38221 10 38481 10 38741 10 39001 10 39261 10 39521 12 39781 12 40041 12 40301 12 40561 12 40821 12 41081 12 41341 12 41603 10 41863 10 42123 10 42385 6 42645 6
df40099c6306ca1f47fcc8a62e2fa39486d4e223177afdc51b2ad189691802d8,51481 4 51741 4 52001 4 52261 4 52521 4 52781 4 53041 4 53301 4
df40099c6306ca1f47fcc8a62e2fa39486d4e223177afdc51b2ad189691802d8,57725 6 57985 6 58245 6 58503 12 58763 12 59023 12 59281 14 59541 14 59801 14 60061 14 60321 14 60581 14 60841 14 61101 14 61361 14 61621 14 61881 14 62141 12 62401 12 62661 10 62921 10 63181 10
df40099c6306ca1f47fcc8a62e2fa39486d4e223177afdc51b2ad189691802d8,81643 2 81903 2 82163 2 82423 4 82683 4 82943 4 83203 4 83463 4 83723 4 83983 2 84243 2 84503 2 84763 2 85023 2 85283 2 85543 2 85803 2 86063 2 86323 2 86583 2 86843 2 87103 2 87363 2 87623 2 87883 2 88141 6 88401 6 88661 6 88923 4 89183 4
df40099c6306ca1f47fcc8a62e2fa39486d4e223177afdc51b2ad189691802d8,23143 4 23403 4 23663 4 23923 4 24183 4 24443 4 24703 4 24963 4 25223 4 25483 4 25743 4
df40099c6306ca1f47fcc8a62e2fa39486d4e223177afdc51b2ad189691802d8,73325 6 73339 10 73585 6 73599 10 73845 6 73859 10 74103 10 74115 21 74363 10 74375 21 74623 35 74883 35 75143 35 75403 37 75663 37 75923 37 76185 35 76445 35 76715 23 76975 23 77235 23 77497 19 77757 19 78017 19
df40099c6306ca1f47fcc8a62e2fa39486d4e223177afdc51b2ad189691802d8,14051 4 14311 4 14571 4 14829 8 15089 8 15349 8 15607 12 15867 12 16127 12 16387 12 16647 12 16907 12 17167 12 17427 12 17689 10 17949 10 18209 10 18469 10 18729 10 18991 8 19251 8 19511 8
df40099c6306ca1f47fcc8a62e2fa39486d4e223177afdc51b2ad189691802d8,9 27 269 27 529 27 789 27 1049 27 1309 27 1569 27 1829 27 2091 22 2351 22 2611 22 2875 12 3135 12 3395 12
df40099c6306ca1f47fcc8a62e2fa39486d4e223177afdc51b2ad189691802d8,28877 4 29137 4 29397 4 29653 14 29913 14 30173 14 30431 16 30691 16 30951 16 31211 16 31471 16 31731 16 31991 16 32251 16 32511 14 32771 14 33031 12 33291 12 33551 12 33813 8 34073 8 34333 8
df40099c6306ca1f47fcc8a62e2fa39486d4e223177afdc51b2ad189691802d8,46563 4 46823 4 47083 4 47339 10 47599 10 47857 14 48117 14 48377 14 48635 16 48895 16 49155 16 49415 18 49675 18 49935 18 50195 18 50455 18 50715 18 50975 18 51235 18 51495 23 51755 23 52015 23 52275 27 52535 27 52797 25 53057 25 53317 25 53579 25 53839 25 54099 25 54361 23 54621 23 54881 21 55141 21 55401 21 55663 17 55923 17 56183 17
df40099c6306ca1f47fcc8a62e2fa39486d4e223177afdc51b2ad189691802d8,63490 14 63750 14 64010 14 64245 39 64505 39 64759 45 65019 45 65279 45 65535 49 65795 49 66055 49 66315 49 66575 49 66835 49 67095 18 67122 34 67355 18 67382 34 67619 8 67644 36 67879 8 67904 36 68139 8 68164 36 68436 24 68696 24 68956 24 69218 22 69478 22 69746 14 70006 14 70266 14 70526 12 70786 12 71046 12
df40099c6306ca1f47fcc8a62e2fa39486d4e223177afdc51b2ad189691802d8,86077 16 86337 16 86595 21 86855 21 87115 21 87375 23 87635 23 87895 23 88155 23 88415 23 88675 23 88935 23 89195 23 89457 19 89717 19 89977 19
df40099c6306ca1f47fcc8a62e2fa39486d4e223177afdc51b2ad189691802d8,35907 6 36167 6 36427 6 36681 19 36941 19 37201 19 37459 23 37719 23 37977 25 38237 25 38497 25 38757 25 39017 25 39277 25 39537 25 39797 25 40057 25 40317 23 40577 23 40837 21 41097 21 41357 21 41619 17 41879 17 42139 17 42403 4 42663 4
df40099c6306ca1f47fcc8a62e2fa39486d4e223177afdc51b2ad189691802d8,8609 4 8869 4 9123 13 9383 13 9643 13 9901 17 10161 17 10421 17 10679 19 10939 19 11199 17 11459 17 11719 17 11979 14 12239 14 12499 14 12763 2 13023 2 13283 2
df40099c6306ca1f47fcc8a62e2fa39486d4e223177afdc51b2ad189691802d8,57760 2 58020 2 58280 2 58536 10 58796 10 59056 10 59311 17 59571 17 59829 19 60089 19 60349 19 60607 21 60867 21 61127 21 61387 19 61647 19 61907 19 62169 15 62429 15
df40099c6306ca1f47fcc8a62e2fa39486d4e223177afdc51b2ad189691802d8,27598 10 27858 10 28116 14 28376 14 28636 14 28896 16 29156 16 29416 16 29673 19 29933 19 30193 19 30453 21 30713 21 30973 27 31233 27 31493 27 31756 28 32016 28 32276 28 32536 18 32556 8 32796 18 32816 8 33056 16 33078 6 33316 16 33338 6 33576 16 33598 6 33840 8 34100 8 34360 8
df40099c6306ca1f47fcc8a62e2fa39486d4e223177afdc51b2ad189691802d8,77520 22 77780 22 78040 22 78298 26 78558 26 78818 26 79078 28 79338 28 79598 28 79858 28 80118 28 80378 28 80638 28 80898 28 81160 26 81420 26 81684 20 81944 20 82204 20 82472 2 82732 2 82992 2
df40099c6306ca1f47fcc8a62e2fa39486d4e223177afdc51b2ad189691802d8,35946 4 36206 4 36466 4 36716 18 36976 18 37236 18 37490 26 37750 26 38010 26 38270 26 38530 26 38788 28 39048 28 39308 28 39568 26 39828 26 40088 26 40348 18 40608 18 40868 16 41128 16 41388 16 41646 16 41906 16 42166 16 42428 12 42688 12 42948 8 43208 8 43468 8
df40099c6306ca1f47fcc8a62e2fa39486d4e223177afdc51b2ad189691802d8,87408 4 87668 4 87928 4 88186 12 88446 12 88706 12 88966 16 89226 16 89488 6 89748 6 90008 6
df40099c6306ca1f47fcc8a62e2fa39486d4e223177afdc51b2ad189691802d8,52 12 312 12 572 12 830 14 1090 14 1352 14 1612 14 1872 14 2132 14 2392 14 2652 14 2918 6 3178 6 3438 6
df40099c6306ca1f47fcc8a62e2fa39486d4e223177afdc51b2ad189691802d8,23192 10 23452 10 23712 10 23970 14 24230 14 24490 14 24750 16 25010 16 25270 16 25530 18 25790 18 26050 20 26310 20 26570 20 26830 22 27090 22 27350 22 27612 20 27872 20 28134 18 28394 18 28654 18 28916 14 29176 14 29436 14 29702 4 29962 4 30222 4
df40099c6306ca1f47fcc8a62e2fa39486d4e223177afdc51b2ad189691802d8,51534 12 51794 12 52054 12 52314 12 52574 12 52832 14 53092 14 53352 14 53612 14 53872 14 54132 14 54390 16 54650 16 54912 12 55172 12 55432 12 55692 8 55952 8 56212 8
df40099c6306ca1f47fcc8a62e2fa39486d4e223177afdc51b2ad189691802d8,5790 8 6050 8 6308 10 6568 10 6828 10 7088 10 7348 10 7608 10 7868 10 8128 10 8388 10 8650 6 8910 6 9172 4 9432 4 9692 4
df40099c6306ca1f47fcc8a62e2fa39486d4e223177afdc51b2ad189691802d8,82490 8 82750 8 83010 8 83268 16 83528 16 83788 16 84048 18 84308 18 84568 20 84828 20 85088 20 85348 20 85608 20 85868 20 86130 18 86390 18 86652 16 86912 16 87172 16 87434 14 87694 14 87954 14 88222 2 88482 2 88742 2
df40099c6306ca1f47fcc8a62e2fa39486d4e223177afdc51b2ad189691802d8,17750 2 18010 2
df40099c6306ca1f47fcc8a62e2fa39486d4e223177afdc51b2ad189691802d8,23218 6 23478 6 23738 6 23994 12 24254 12 24514 12 24774 14 24792 9 25034 14 25052 9 25294 14 25312 9 25554 14 25570 13 25814 14 25830 13 26074 14 26090 15 26334 14 26350 15 26594 14 26610 15 26854 33 27114 33 27374 33 27638 6 27648 19 27898 6 27908 19 28168 21 28428 21 28688 21 28948 21 29208 21 29468 21 29728 23 29988 23 30248 23 30510 19 30770 19 31034 9 31294 9 31554 9
df40099c6306ca1f47fcc8a62e2fa39486d4e223177afdc51b2ad189691802d8,80 14 340 14 600 14 856 25 1116 25 1376 23 1636 23 1896 23 2158 21 2418 21 2678 21 2938 18 3198 18 3458 18 3722 12 3982 12 4246 6 4506 6 4766 6
df40099c6306ca1f47fcc8a62e2fa39486d4e223177afdc51b2ad189691802d8,54430 4 54690 4 54946 8 55206 8 55466 8 55720 14 55980 14 56240 14 56498 16 56758 16 57018 16 57278 16 57538 16 57796 4 57802 14 58056 4 58062 14 58316 4 58322 14 58584 12 58844 12 59104 12 59364 12 59624 12 59884 12 60144 12 60404 12 60664 10 60924 10 61184 10 61442 6 61702 6 61962 6 62224 2 62484 2
df40099c6306ca1f47fcc8a62e2fa39486d4e223177afdc51b2ad189691802d8,12040 2 12300 2 12560 2
df40099c6306ca1f47fcc8a62e2fa39486d4e223177afdc51b2ad189691802d8,16214 9 16474 9 16734 9 16992 15 17252 15 17512 15 17770 37 18030 37 18290 39 18550 39 18810 39 19070 41 19330 41 19590 41 19852 41 20112 41 20372 41 20639 34 20899 34 21161 32 21421 32 21681 32 21943 10 21959 12 22203 10 22219 12 22463 10 22479 12
df40099c6306ca1f47fcc8a62e2fa39486d4e223177afdc51b2ad189691802d8,40419 8 40679 8 40935 16 41195 16 41455 16 41713 18 41973 18 42233 18 42491 20 42751 20 43009 22 43269 22 43529 22 43783 28 44043 28 44303 28 44559 30 44819 30 45079 30 45336 31 45596 31 45856 29 46116 29 46376 29 46636 15 46655 8 46896 15 46915 8 47156 15 47175 8 47416 13 47676 13 47939 6 48199 6 48459 6
df40099c6306ca1f47fcc8a62e2fa39486d4e223177afdc51b2ad189691802d8,76289 10 76549 10 76805 18 77065 18 77325 18 77585 18 77845 18 78105 18 78365 20 78625 20 78885 20 79145 20 79405 20 79665 20 79925 20 80185 20 80445 20 80705 20 80965 20 81227 18 81487 18 81749 16 82009 16 82269 16 82531 16 82791 16 83051 16 83311 18 83571 18 83831 18 84091 20 84351 20 84607 22 84867 22 85127 22 85383 26 85643 26 85903 26 86159 20 86419 20 86679 18 86939 18 87199 18 87456 21 87716 21 87976 21 88236 19 88496 19 88756 19 89016 17 89276 17
df40099c6306ca1f47fcc8a62e2fa39486d4e223177afdc51b2ad189691802d8,67705 8 67965 8 68225 8 68481 16 68741 16 69001 16 69259 20 69519 20 69779 20 70039 20 70299 20 70561 18 70821 18 71081 18 71343 14 71603 14 71863 14
df40099c6306ca1f47fcc8a62e2fa39486d4e223177afdc51b2ad189691802d8,923 6 1183 6 1435 16 1695 16 1955 16 2209 22 2469 22 2729 22 2987 24 3247 24 3507 24 3749 42 4009 42 4267 44 4527 44 4787 44 5047 18 5069 22 5307 18 5329 22 5567 18 5589 22 5827 18 5855 16 6087 18 6115 16 6347 22 6377 16 6607 22 6637 16 6867 22 6897 16 7129 20 7157 16 7389 20 7417 16 7649 20 7677 16 7909 18 7939 14 8169 18 8199 14 8429 18 8459 14 8691 14 8719 14 8951 14 8979 14 9213 12 9243 8 9473 12 9503 8 9733 12 9763 8 9995 6 10255 6 10515 6
df40099c6306ca1f47fcc8a62e2fa39486d4e223177afdc51b2ad189691802d8,54461 14 54721 14 54979 16 55239 16 55499 16 55757 20 56017 20 56277 20 56537 20 56797 20 57057 20 57315 20 57575 20 57835 18 58095 18 58355 18 58617 14 58877 14 59137 14 59401 18 59661 18 59923 18 60183 18 60443 18 60701 20 60961 20 61221 20 61483 18 61743 18 62003 18 62263 16 62523 16 62789 4 63049 4 63309 4
df40099c6306ca1f47fcc8a62e2fa39486d4e223177afdc51b2ad189691802d8,28209 4 28469 4 28729 4 28987 6 29247 6 29507 6 29767 6 30027 6 30287 6 30545 6 30805 6 31067 4 31327 4 31587 4
df40099c6306ca1f47fcc8a62e2fa39486d4e223177afdc51b2ad189691802d8,11315 10 11575 10 11835 10 12089 20 12349 20 12609 20 12867 24 13127 24 13387 24 13647 24 13907 24 14167 24 14427 24 14687 24 14949 20 15209 20 15469 20 15729 20 15989 20 16253 14 16513 14 16773 14
df40099c6306ca1f47fcc8a62e2fa39486d4e223177afdc51b2ad189691802d8,62287 8 62547 8 62803 16 63063 16 63323 16 63579 22 63839 22 64099 22 64357 24 64617 24 64875 26 65135 26 65395 26 65653 26 65913 26 66173 26 66431 26 66691 26 66951 26 67209 26 67469 26 67729 24 67989 24 68249 24 68509 26 68769 26 69029 26 69289 26 69549 26 69809 24 70069 24 70329 24 70589 22 70849 22 71109 22 71369 20 71629 20 71889 20 72149 20 72409 20 72669 20 72929 20 73189 20 73449 20 73709 20 73969 20 74229 18 74489 18 74751 18 75011 18 75271 18 75533 16 75793 16 76053 16 76315 16 76575 16 76833 18 77093 18 77353 18 77613 18 77873 18 78133 18 78391 22 78651 22 78911 22 79171 24 79431 24 79691 26 79951 26 80211 26 80471 26 80731 26 80991 26 81253 24 81513 24 81781 14 82041 14 82301 14 82563 12 82823 12 83083 12 83347 4 83607 4 83867 4
df40099c6306ca1f47fcc8a62e2fa39486d4e223177afdc51b2ad189691802d8,34713 6 34973 6 35233 6 35491 8 35751 8 36015 2 36275 2 36535 2
df40099c6306ca1f47fcc8a62e2fa39486d4e223177afdc51b2ad189691802d8,45893 10 46153 10 46413 10 46671 16 46931 16 47191 16 47451 18 47711 18 47971 20 48231 20 48491 20 48751 20 49011 20 49271 20 49533 18 49793 18 50055 22 50315 22 50575 22 50839 6 50849 10 51099 6 51109 10 51359 6 51369 10 51629 10 51889 10 52149 10 52411 6 52671 6
df40099c6306ca1f47fcc8a62e2fa39486d4e223177afdc51b2ad189691802d8,85478 6 85738 6 85998 6 86250 22 86510 22 86758 44 87018 44 87278 44 87499 6 87521 3 87536 46 87759 6 87781 3 87796 46 88019 6 88041 3 88056 46 88275 89 88535 89 88795 89 89051 93 89311 93 89571 41 89614 50 89831 41 89874 50 90091 41 90134 50
df40099c6306ca1f47fcc8a62e2fa39486d4e223177afdc51b2ad189691802d8,29026 2 29286 2 29546 2 29797 19 30057 19 30317 19 30575 23 30835 23 31093 27 31353 27 31613 27 31873 27 32133 27 32393 27 32655 33 32915 33 33177 33 33437 33 33697 33 33966 24 34226 24 34486 24 34748 22 35008 22 35268 22 35528 24 35788 24 36046 28 36306 28 36566 28 36824 30 37084 30 37344 30 37604 30 37864 30 38121 31 38381 31 38641 31 38904 26 39164 26 39424 26 39684 20 39944 20 40204 20 40468 6 40728 6
df40099c6306ca1f47fcc8a62e2fa39486d4e223177afdc51b2ad189691802d8,2254 6 2276 4 2514 6 2536 4 2774 6 2796 4 3028 14 3048 14 3288 14 3308 14 3548 14 3568 14 3806 38 4066 38 4324 40 4584 40 4844 40 5104 38 5364 38 5624 38 5886 18 5906 12 6146 18 6166 12 6406 18 6666 18 6926 18 7188 18 7448 18 7708 18 7968 20 8228 20 8488 20 8748 22 9008 22 9268 22 9528 22 9788 22 10035 35 10295 35 10555 35 10815 35 11075 35 11335 35 11595 35 11855 35 12115 33 12375 33 12635 33 12897 29 13157 29 13417 29 13681 9 13698 2 13941 9 13958 2
df40099c6306ca1f47fcc8a62e2fa39486d4e223177afdc51b2ad189691802d8,52950 10 53210 10 53470 10 53726 16 53986 16 54246 16 54504 18 54764 18 55024 18 55284 18 55544 18 55804 18 56064 18 56324 18 56586 10 56846 10 57106 10
df40099c6306ca1f47fcc8a62e2fa39486d4e223177afdc51b2ad189691802d8,62836 8 63096 8 63356 8 63610 16 63870 16 64130 16 64388 20 64648 20 64904 24 65164 24 65424 24 65684 24 65944 24 66204 24 66464 24 66724 24 66984 24 67244 22 67504 22 67766 16 68026 16 68286 16
df40099c6306ca1f47fcc8a62e2fa39486d4e223177afdc51b2ad189691802d8,74278 2 74538 2 74792 12 75052 12 75312 12 75570 16 75830 16 76090 16 76348 18 76608 18 76866 20 77126 20 77386 20 77644 20 77904 20 78164 20 78424 18 78684 18 78944 18 79204 14 79464 14 79728 4 79988 4 80248 4
df40099c6306ca1f47fcc8a62e2fa39486d4e223177afdc51b2ad189691802d8,18368 6 18628 6 18888 6 19146 10 19406 10 19666 10 19926 10 19942 12 20186 10 20202 12 20446 10 20462 12 20706 32 20966 32 21230 28 21490 28 21750 28 22014 26 22274 26 22534 26 22796 24 23056 24 23318 20 23578 20 23838 20 24100 16 24360 16 24620 16 24876 14 25136 14 25396 14 25654 16 25914 16 26172 18 26432 18 26692 18 26952 18 27212 18 27472 18 27732 14 27992 14 28254 6 28514 6 28774 6
df40099c6306ca1f47fcc8a62e2fa39486d4e223177afdc51b2ad189691802d8,83368 2 83628 2 83888 2 84146 8 84406 8 84668 6 84928 6 85188 6
df40099c6306ca1f47fcc8a62e2fa39486d4e223177afdc51b2ad189691802d8,44646 2 44906 2 45166 2 45412 6 45422 6 45672 6 45682 6 45932 16 46192 16 46452 16 46714 14 46974 14 47234 14 47496 10 47756 10
df40099c6306ca1f47fcc8a62e2fa39486d4e223177afdc51b2ad189691802d8,68572 10 68832 10 69092 10 69350 16 69610 16 69868 18 70128 18 70388 18 70648 18 70908 18 71168 18 71428 20 71688 20 71948 20 72208 20 72468 20 72728 28 72988 28 73248 28 73508 32 73768 32 74028 32 74290 30 74550 30 74814 2 74820 20 75074 2 75080 20 75334 2 75340 20 75602 18 75862 18 76122 18 76382 24 76642 24 76902 27 77162 27 77422 27 77682 29 77942 29 78202 29 78462 29 78722 29 78982 29 79242 29 79502 29 79764 25 80024 25 80284 25 80546 16 80806 16 81066 16
df40099c6306ca1f47fcc8a62e2fa39486d4e223177afdc51b2ad189691802d8,50908 10 51168 10 51428 10 51684 16 51944 16 52204 16 52462 20 52722 20 52982 20 53242 20 53502 20 53762 20 54022 20 54282 20 54544 18 54804 18 55066 16 55084 7 55326 16 55344 7 55586 16 55604 7 55836 39 56096 39 56356 39 56614 14 56634 21 56874 14 56894 21 57134 14 57154 21 57394 14 57414 21 57654 14 57674 21 57914 14 57934 21 58174 14 58194 21 58434 14 58454 21 58696 12 58712 21 58956 12 58972 21 59216 12 59232 21 59478 10 59492 19 59738 10 59752 19 60004 22 60264 22 60524 22 60776 18 61036 18 61296 18 61552 22 61812 22 62072 22 62330 24 62590 24 62850 22 63110 22 63370 22 63630 18 63890 18 64150 18 64412 10 64672 10
df40099c6306ca1f47fcc8a62e2fa39486d4e223177afdc51b2ad189691802d8,10856 12 11116 12 11374 18 11634 18 11894 18 12152 22 12412 22 12672 22 12934 20 13194 20 13454 20 13716 16 13976 16
df40099c6306ca1f47fcc8a62e2fa39486d4e223177afdc51b2ad189691802d8,29072 4 29332 4 29592 4 29842 18 30102 18 30362 18 30614 28 30874 28 31132 30 31392 30 31652 30 31912 30 32172 30 32432 30 32692 28 32952 28 33214 22 33474 22 33734 22 33996 10 34256 10 34516 10
df40099c6306ca1f47fcc8a62e2fa39486d4e223177afdc51b2ad189691802d8,36088 8 36348 8 36608 8 36866 16 37126 16 37386 16 37644 22 37904 22 38164 25 38424 25 38684 25 38944 27 39204 27 39464 27 39724 27 39984 27 40244 27 40504 25 40764 25 41026 23 41286 23 41546 23 41808 16 42068 16 42328 16
df40099c6306ca1f47fcc8a62e2fa39486d4e223177afdc51b2ad189691802d8,218 11 235 24 478 11 495 24 738 11 755 24 994 47 1254 47 1516 4 1537 24 1776 4 1797 24 2036 4 2057 24 2323 18 2583 18 2843 18 3105 16 3365 16 3625 16 3889 12 4149 12 4411 10 4671 10 4931 10 5193 8 5453 8 5713 8 5973 8 6233 8 6493 8 6753 8 7013 8 7273 8 7533 8 7793 8 8053 8 8313 8 8573 8 8831 10 9091 10 9349 12 9609 12 9869 12 10129 12 10389 12 10649 12 10909 12 11169 12 11427 14 11687 14 11947 14 12207 14 12467 14 12727 14 12985 16 13245 16 13505 16 13767 14 14027 14 14289 10 14549 10 14809 10 15075 4 15335 4 15595 4
df40099c6306ca1f47fcc8a62e2fa39486d4e223177afdc51b2ad189691802d8,5942 13 6202 13 6462 13 6722 13 6982 13 7242 13 7502 13 7762 13 8022 13 8282 13 8542 13 8802 9 9062 9
df40099c6306ca1f47fcc8a62e2fa39486d4e223177afdc51b2ad189691802d8,12979 4 13239 4 13499 4 13757 6 14017 6 14269 12 14529 12 14789 12 15046 15 15306 15 15566 15 15824 13 16084 13 16342 9 16602 9 16862 9 17122 9 17382 9 17642 9 17902 7 18162 7 18422 9 18682 9 18942 9 19202 11 19462 11 19722 11 19982 13 20242 13 20502 13 20764 13 21024 13 21284 15 21544 15 21804 15 22064 15 22324 15 22584 15 22846 13 23106 13 23366 13 23626 13 23886 13 24146 15 24406 15 24666 15 24935 6 25195 6 25455 6
df40099c6306ca1f47fcc8a62e2fa39486d4e223177afdc51b2ad189691802d8,64446 9 64706 9 64964 13 65224 13 65484 13 65744 13 66004 13 66264 13 66524 11 66784 11 67044 11 67306 9 67566 9
df40099c6306ca1f47fcc8a62e2fa39486d4e223177afdc51b2ad189691802d8,44691 10 44951 10 45211 10 45469 16 45729 16 45986 21 46246 21 46506 21 46766 21 47026 21 47286 21 47546 21 47806 21 48066 21 48326 21 48586 21 48846 21 49106 21 49366 21 49629 18 49889 18 50151 14 50411 14 50671 14 50933 24 51193 24 51453 24 51721 18 51981 18 52241 18 52499 20 52759 20 53017 22 53277 22 53537 22 53797 20 54057 20 54317 20 54579 16 54839 16
df40099c6306ca1f47fcc8a62e2fa39486d4e223177afdc51b2ad189691802d8,87597 14 87857 14 88117 14 88375 18 88635 18 88895 18 89153 20 89413 20 89675 16 89935 16 90195 16
df40099c6306ca1f47fcc8a62e2fa39486d4e223177afdc51b2ad189691802d8,36899 8 37159 8 37419 8 37677 12 37937 12 38195 14 38455 14 38715 14 38975 14 39235 14 39495 14 39755 14 40015 14 40275 14 40535 14 40795 14 41057 10 41317 10 41577 10
df40099c6306ca1f47fcc8a62e2fa39486d4e223177afdc51b2ad189691802d8,27035 6 27295 6 27555 6 27813 8 28073 8 28331 10 28591 10 28851 10 29111 10 29371 10 29631 10 29891 10 30151 10 30411 10 30667 12 30927 12 31181 18 31441 18 31701 18 31959 20 32219 20 32479 20 32737 22 32997 22 33257 22 33517 22 33777 22 34041 10 34301 10 34561 10
df40099c6306ca1f47fcc8a62e2fa39486d4e223177afdc51b2ad189691802d8,67849 10 68109 10 68369 10 68625 16 68885 16 69145 16 69403 18 69663 18 69921 20 70181 20 70441 20 70701 20 70961 20 71221 20 71481 20 71741 20 72001 20 72263 16 72523 16
df40099c6306ca1f47fcc8a62e2fa39486d4e223177afdc51b2ad189691802d8,18451 10 18711 10 18971 10 19229 12 19489 12 19749 12 20007 14 20267 14 20527 14 20787 14 21047 14 21307 14 21567 14 21827 14 22089 12 22349 12 22609 12 22877 2 23137 2
df40099c6306ca1f47fcc8a62e2fa39486d4e223177afdc51b2ad189691802d8,83449 2 83709 2 83969 2 84231 8 84491 8 84755 4 85015 4 85275 4 85537 2 85797 2 86057 2
df40099c6306ca1f47fcc8a62e2fa39486d4e223177afdc51b2ad189691802d8,59537 2 59797 2 60053 8 60313 8 60573 8 60833 8 61093 8 61353 8 61613 8 61873 8 62133 8 62393 8 62653 8 62915 4 63175 4 63435 4
df40099c6306ca1f47fcc8a62e2fa39486d4e223177afdc51b2ad189691802d8,64995 6 65255 6 65515 6 65775 6 66035 6 66295 6 66555 6 66815 6 67075 6
df40099c6306ca1f47fcc8a62e2fa39486d4e223177afdc51b2ad189691802d8,78515 6 78775 6 79035 6 79295 6 79555 6 79815 6 80075 6 80335 6 80595 6 80855 6 81115 6
df40099c6306ca1f47fcc8a62e2fa39486d4e223177afdc51b2ad189691802d8,43937 2 44197 2 44457 2 44717 2 44977 2 45237 2 45497 2 45757 2 46017 2 46277 2 46537 2
e17b7aedd251a016c01ef9158e6e4aa940d9f1b35942d86028dc1222192a9258,31267 2 31523 2 31773 18 32029 18 32283 22 32539 22 32793 24 33049 24 33305 24 33561 24 33815 26 34071 26 34327 24 34583 24 34839 24 35095 24 35353 20 35609 20 35869 12 36125 12
e17b7aedd251a016c01ef9158e6e4aa940d9f1b35942d86028dc1222192a9258,45103 14 45359 14 45611 20 45867 20 46121 22 46377 22 46633 22 46889 22 47145 22 47401 22 47657 22 47913 22 48169 22 48425 22 48681 20 48937 20 49193 20 49449 20 49707 14 49963 14
e17b7aedd251a016c01ef9158e6e4aa940d9f1b35942d86028dc1222192a9258,21565 14 21821 14 22075 18 22331 18 22585 22 22841 22 23097 22 23353 22 23609 22 23865 22 24121 22 24377 22 24635 20 24891 20 25149 16 25405 16 25667 4 25923 4
e17b7aedd251a016c01ef9158e6e4aa940d9f1b35942d86028dc1222192a9258,5729 6 5985 6 6237 16 6493 16 6747 20 7003 20 7259 22 7515 22 7771 24 8027 24 8283 24 8539 24 8795 24 9051 24 9307 24 9563 24 9821 22 10077 22 10335 18 10591 18 10849 14 11105 14
e17b7aedd251a016c01ef9158e6e4aa940d9f1b35942d86028dc1222192a9258,8319 12 8575 12 8831 14 9087 14 9343 14 9599 14 9859 10 10115 10
e17b7aedd251a016c01ef9158e6e4aa940d9f1b35942d86028dc1222192a9258,36999 10 37255 10 37507 18 37763 18 38019 18 38275 18 38529 20 38785 20 39041 20 39297 20 39553 18 39809 18 40065 16 40321 16 40579 12 40835 12
e17b7aedd251a016c01ef9158e6e4aa940d9f1b35942d86028dc1222192a9258,5319 6 5575 6 5827 14 6083 14 6335 18 6591 18 6847 20 7103 20 7359 20 7615 20 7869 22 8125 22 8381 20 8637 20 8895 18 9151 18 9407 16 9663 16 9921 12 10177 12
e17b7aedd251a016c01ef9158e6e4aa940d9f1b35942d86028dc1222192a9258,59133 2 59389 2 59643 6 59899 6 60155 6 60411 6 60667 4 60923 4 61181 2 61437 2
eea70a7948d25a9a791dbcb39228af4ea4049fe5ebdee9c04884be8cca3da835,1 20 520 20 1039 20 1558 20 2077 16 2596 16 3119 8 3638 8
eea70a7948d25a9a791dbcb39228af4ea4049fe5ebdee9c04884be8cca3da835,8309 8 8828 8 9343 20 9862 20 10381 24 10900 24 11419 24 11938 24 12457 28 12976 28 13495 28 14014 28 14533 32 15052 32 15571 32 16090 32 16609 32 17128 32 17647 36 18166 36 18685 36 19204 36 19723 36 20242 36 20761 36 21280 36 21803 32 22322 32 22841 32 23364 33 23883 33 24402 37 24921 37 25440 37 25959 37 26478 41 26997 41 27516 41 28035 41 28554 45 29073 45 29592 45 30111 45 30630 49 31149 49 31672 45 32191 45 32710 45 33229 45 33748 45 34267 45 34790 41 35309 41 35828 41 36347 41 36870 37 37389 37 37908 33 38427 33 38954 21 39473 21
eea70a7948d25a9a791dbcb39228af4ea4049fe5ebdee9c04884be8cca3da835,42056 4 42575 4 43086 20 43605 20 44120 28 44181 12 44639 28 44700 12 45158 28 45215 20 45677 28 45734 20 46192 36 46249 24 46711 36 46768 24 47230 36 47283 28 47749 36 47802 28 48268 36 48321 32 48787 36 48840 32 49306 36 49355 36 49825 36 49874 36 50344 36 50393 32 50863 36 50912 32 51382 36 51427 36 51901 36 51946 36 52420 36 52465 36 52939 36 52984 36 53458 36 53499 40 53977 36 54018 40 54496 81 55015 81 55538 73 56057 73 56576 73 57095 73 57634 53 58153 53 58672 49 59191 49 59710 45 60229 45 60748 41 61267 41 61766 61 62285 61 62800 65 63319 65 63838 61 64357 61 64876 61 65395 61 65914 57 66433 36 66952 36 67471 36 67990 36 68509 36 69028 36 69547 32 70066 32 70585 32 71104 32 71623 32 72142 32 72661 32 73180 32 73699 28 74218 28 74737 28 75256 28 75775 24 76294 24 76813 20 77332 20 77851 16 78370 16
eea70a7948d25a9a791dbcb39228af4ea4049fe5ebdee9c04884be8cca3da835,109538 21 110057 21 110572 25 111091 25 111610 29 112129 29 112648 29 113167 29 113682 37 114201 37 114720 37 115239 37 115758 37 116277 37 116796 37 117315 37 117834 37 118353 37 118872 37 119391 37 119914 33 120433 33 120952 37 121471 37 121990 37 122509 37 123028 37 123547 37 124070 33 124589 33 125108 29 125627 29 126146 29 126665 29 127188 21 127707 21 128235 4 128754 4
eea70a7948d25a9a791dbcb39228af4ea4049fe5ebdee9c04884be8cca3da835,42 32 561 32 1080 40 1599 40 2118 44 2637 44 3156 48 3675 48 4194 48 4713 48 5232 48 5751 48 6270 48 6789 48 7308 52 7827 52 8346 52 8865 52 9388 48 9907 48 10430 44 10949 44 11476 32 11995 32 12518 28 13037 28 13556 28 14075 28 14594 28 15113 28 15632 28 16151 28 16670 28 17189 28 17712 20 18231 20 18754 16 19273 16
eea70a7948d25a9a791dbcb39228af4ea4049fe5ebdee9c04884be8cca3da835,76939 8 77458 8 77924 12 77969 20 78443 12 78488 20 78954 24 79003 28 79473 24 79522 28 79988 28 80041 28 80507 28 80560 28 81022 36 81079 32 81541 36 81598 32 82056 40 82112 37 82575 40 82631 37 83090 44 83150 37 83609 44 83669 37 84128 44 84188 37 84647 44 84707 37 85162 48 85226 37 85681 48 85745 37 86200 48 86264 37 86719 48 86783 37 87238 48 87302 37 87757 48 87821 37 88272 52 88340 37 88791 52 88859 37 89310 48 89378 33 89829 48 89897 33 90348 48 90416 33 90867 48 90935 33 91386 48 91442 41 91905 48 91961 41 92424 97 92943 97 93466 32 93506 53 93985 32 94025 53 94504 24 94544 53 95023 24 95063 53 95546 12 95582 53 96065 12 96101 53 96620 57 97139 57 97654 61 98173 61 98692 61 99211 61 99730 61 100249 61 100768 61 101287 61 101802 65 102321 65 102840 65 103359 65 103882 61 104401 61 104920 24 104953 28 105439 24 105472 28 105958 20 105995 20 106477 20 106514 20 107004 4 107037 12 107523 4 107556 12
eea70a7948d25a9a791dbcb39228af4ea4049fe5ebdee9c04884be8cca3da835,111675 16 112194 16 112713 20 113232 20 113747 29 114266 29 114785 29 115304 29 115819 33 116338 33 116857 33 117376 33 117895 37 118414 37 118933 37 119452 37 119971 37 120490 37 121009 37 121528 37 122047 37 122566 37 123085 37 123604 37 124123 37 124642 37 125161 37 125680 37 126199 33 126718 33 127237 33 127756 33 128279 29 128798 29 129317 24 129836 24 130363 12 130882 12
eea70a7948d25a9a791dbcb39228af4ea4049fe5ebdee9c04884be8cca3da835,6359 12 6878 12 7393 20 7912 20 8431 20 8950 20 9469 24 9988 24 10503 28 11022 28 11541 32 12060 32 12579 32 13098 32 13617 36 14136 36 14655 36 15174 36 15697 32 16216 32 16735 32 17254 32 17773 32 18292 32 18815 32 19334 32 19828 4 19853 32 20347 4 20372 32 20862 13 20891 28 21381 13 21410 28 21896 21 21925 32 22415 21 22444 32 22934 21 22963 32 23453 21 23482 28 23972 21 24001 28 24491 21 24520 20 25010 21 25039 20 25529 21 25558 20 26048 21 26077 20 26567 21 26596 20 27086 21 27115 20 27605 21 27634 20 28124 21 28153 20 28643 21 28672 20 29162 21 29191 20 29681 25 29710 20 30200 25 30229 20 30719 49 31238 49 31761 45 32280 45 32799 41 33318 41 33837 33 34356 33 34875 29 35394 29 35917 25 36436 25 36955 25 37474 25 37997 21 38516 21 39040 12 39559 12
eea70a7948d25a9a791dbcb39228af4ea4049fe5ebdee9c04884be8cca3da835,47344 8 47863 8 48377 17 48896 17 49411 25 49930 25 50449 25 50968 25 51487 29 52006 29 52525 29 53044 29 53563 29 54082 29 54601 29 55120 29 55639 29 56158 29 56677 33 57196 33 57715 33 58234 33 58753 33 59272 33 59791 33 60310 33 60829 33 61348 33 61867 33 62386 33 62905 29 63424 29 63947 25 64466 25 64985 25 65504 25 66023 25 66542 25 67061 25 67585 16 68104 16
eea70a7948d25a9a791dbcb39228af4ea4049fe5ebdee9c04884be8cca3da835,109664 4 110183 4 110694 20 111213 20 111732 24 112251 24 112766 32 113285 32 113804 32 114323 32 114838 40 115357 40 115876 40 116395 40 116914 40 117433 40 117952 40 118471 40 118990 40 119509 40 120028 44 120547 44 121066 40 121585 40 122104 40 122623 40 123142 40 123661 40 124176 44 124695 44 125206 48 125725 48 126240 52 126759 52 127278 44 127797 44 128312 36 128831 36 129350 32 129869 32 130392 28 130911 28
eea70a7948d25a9a791dbcb39228af4ea4049fe5ebdee9c04884be8cca3da835,50587 16 51106 16 51621 25 52140 25 52574 4 52659 29 53093 4 53178 29 53604 16 53661 16 53697 29 54123 16 54180 16 54216 29 54642 20 54695 20 54735 29 55161 20 55214 20 55254 29 55676 24 55733 24 55769 37 56195 24 56252 24 56288 37 56714 24 56771 24 56807 37 57233 24 57290 24 57326 37 57752 28 57809 28 57845 37 58271 28 58328 28 58364 37 58790 28 58847 28 58883 37 59309 28 59366 28 59402 37 59828 36 59881 36 59921 37 60347 36 60400 36 60440 37 60866 40 60919 36 60959 37 61385 40 61438 36 61478 37 61904 89 61997 37 62423 89 62516 37 62942 130 63461 130 63980 130 64499 130 65022 126 65541 126 66060 122 66579 122 67098 122 67617 122 68136 122 68655 89 68752 21 69174 89 69271 21 69697 81 69794 17 70216 81 70313 17 70735 65 71254 65 71773 61 72292 61 72815 57 73334 57 73857 53 74376 53 74899 49 75418 49 75941 45 76460 45 76995 29 77514 29 78033 29 78552 29 79076 20 79595 20 80114 20 80633 20
eea70a7948d25a9a791dbcb39228af4ea4049fe5ebdee9c04884be8cca3da835,167 29 686 29 1201 37 1720 37 2239 37 2758 37 3277 37 3796 37 4315 37 4834 37 5353 37 5872 37 6391 37 6910 37 7429 33 7948 33 8467 33 8986 33 9505 33 10024 33 10543 33 11062 33 11581 33 12100 33 12619 29 13138 29 13661 25 14180 25 14703 17 15222 17
eea70a7948d25a9a791dbcb39228af4ea4049fe5ebdee9c04884be8cca3da835,20939 17 21458 17 21973 25 22492 25 23011 25 23530 29 24049 29 24564 33 25083 33 25602 33 26121 33 26640 37 27159 37 27678 37 28197 37 28720 33 29239 33 29758 33 30277 33 30796 37 31315 37 31834 37 32353 37 32872 37 33391 37 33910 37 34429 37 34952 33 35471 33 35990 33 36509 33 37028 33 37547 33 38070 29 38589 29 39108 29 39627 29 40146 25 40665 25 41189 20 41708 20 42227 16 42746 16
eea70a7948d25a9a791dbcb39228af4ea4049fe5ebdee9c04884be8cca3da835,81188 12 81707 12 82222 20 82741 20 83256 24 83775 24 84294 24 84813 24 85332 24 85851 24 86370 24 86889 24 87404 28 87923 28 88442 28 88961 28 89480 28 89999 28 90518 28 91037 28 91556 28 92075 28 92594 28 93113 28 93632 28 94151 28 94670 28 95189 28 95704 28 96223 28 96730 40 97249 40 97764 40 98283 40 98798 40 99317 40 99836 40 100355 40 100874 40 101393 40 101907 45 102426 45 102945 45 103464 45 103983 45 104502 45 105026 40 105545 40 106064 40 106583 40 107102 40 107621 40 108140 40 108659 40 109182 36 109701 36 110220 36 110743 32 111262 32 111785 24 112304 24 112827 16 113346 16 113873 4 114392 4
eea70a7948d25a9a791dbcb39228af4ea4049fe5ebdee9c04884be8cca3da835,252 25 771 25 1286 29 1805 29 2324 29 2843 29 3370 13 3889 13
eea70a7948d25a9a791dbcb39228af4ea4049fe5ebdee9c04884be8cca3da835,126377 5 126896 5 127411 17 127930 17 128445 25 128964 25 129483 25 130002 25 130521 25 131040 25
eea70a7948d25a9a791dbcb39228af4ea4049fe5ebdee9c04884be8cca3da835,12737 16 13256 16 13771 24 14290 24 14805 28 15324 28 15843 28 16362 28 16877 32 16933 4 17396 32 17452 4 17915 32 17963 16 18434 32 18482 16 18953 32 19001 21 19472 32 19520 21 19987 36 20035 25 20506 36 20554 25 21025 36 21073 25 21544 36 21592 25 22063 32 22107 29 22582 32 22626 29 23101 32 23145 29 23615 37 23664 29 24134 37 24183 29 24653 37 24702 29 25172 37 25221 29 25691 33 25736 33 26210 33 26255 33 26729 33 26774 33 27248 33 27293 33 27767 33 27808 32 28286 33 28327 32 28805 33 28842 36 29324 33 29361 36 29848 24 29876 40 30367 24 30395 40 30886 20 30914 40 31405 20 31433 40 31952 36 32471 36 32990 36 33509 36 34028 32 34547 32 35066 32 35585 32 36104 28 36623 28 37142 28 37661 28 38180 28 38699 28 39218 28 39737 28 40256 28 40775 28 41294 28 41813 28 42332 24 42851 24 43370 24 43889 24 44408 24 44927 24 45446 20 45965 20 46488 12 47007 12
eea70a7948d25a9a791dbcb39228af4ea4049fe5ebdee9c04884be8cca3da835,93689 16 94208 16 94723 20 95242 20 95761 24 96280 24 96794 29 97313 29 97832 29 98351 29 98870 33 99389 33 99908 33 100427 33 100946 33 101465 33 101984 33 102503 33 103022 33 103541 33 104060 37 104579 37 105098 37 105617 37 106136 37 106655 37 107179 32 107698 32 108217 28 108736 28 109255 28 109774 28 110293 28 110816 20 111335 20 111858 12 112377 12
eea70a7948d25a9a791dbcb39228af4ea4049fe5ebdee9c04884be8cca3da835,49638 17 50157 17 50672 21 51191 21 51710 21 52229 21 52744 29 53263 29 53782 29 54301 29 54788 12 54820 29 55307 12 55339 29 55822 20 55858 29 56341 20 56377 29 56856 28 56896 29 57375 28 57415 29 57894 28 57934 29 58413 28 58453 29 58932 28 58972 29 59451 28 59491 29 59966 32 60010 29 60485 32 60529 29 61004 32 61048 29 61523 32 61567 29 62042 32 62086 29 62561 32 62605 29 63080 32 63124 29 63599 32 63643 29 64118 32 64162 29 64637 32 64681 29 65156 32 65200 29 65675 32 65719 29 66194 73 66713 73 67232 73 67751 69 68270 69 68789 69 69308 69 69827 61 70346 61 70861 61 71380 61 71899 61 71968 16 72418 61 72487 16 72933 65 73006 20 73452 65 73525 20 73971 32 74007 29 74040 24 74490 32 74526 29 74559 24 75009 32 75045 29 75078 24 75528 32 75564 29 75597 24 76047 28 76083 29 76116 24 76566 28 76602 29 76635 24 77085 28 77121 61 77604 28 77640 61 78123 28 78159 61 78642 28 78678 61 79161 32 79197 61 79680 32 79716 61 80199 32 80239 57 80718 32 80758 57 81237 32 81277 57 81756 32 81796 57 82275 32 82315 57 82794 32 82834 57 83313 32 83353 57 83832 32 83872 57 84355 28 84391 57 84874 28 84910 57 85393 28 85429 57 85912 28 85948 57 86431 28 86467 57 86950 28 86986 57 87473 20 87505 53 87992 20 88024 53 88515 12 88543 53 89034 12 89062 53 89581 29 89614 20 90100 29 90133 20 90619 25 90656 12 91138 25 91175 12 91661 21 92180 21 92699 16 93218 16 93741 4 94260 4
eea70a7948d25a9a791dbcb39228af4ea4049fe5ebdee9c04884be8cca3da835,110856 12 111375 12 111890 20 112409 20 112924 24 113443 24 113962 24 114481 24 115000 28 115519 28 116034 32 116553 32 117072 32 117591 32 118110 32 118629 32 119148 32 119667 32 120186 32 120705 32 121224 32 121743 32 122258 36 122777 36 123300 32 123819 32 124338 32 124857 32 125376 32 125895 32 126414 32 126933 32 127452 32 127971 32 128494 28 129013 28 129532 28 130051 28 130570 24 131089 24
eea70a7948d25a9a791dbcb39228af4ea4049fe5ebdee9c04884be8cca3da835,350 12 869 12 1380 24 1899 24 2422 16 2941 16
eea70a7948d25a9a791dbcb39228af4ea4049fe5ebdee9c04884be8cca3da835,103120 4 103639 4 104150 20 104669 20 105188 24 105707 24 106222 32 106741 32 107260 32 107779 32 108298 36 108817 36 109336 36 109855 36 110374 36 110893 36 111412 36 111931 36 112450 36 112969 36 113488 36 114011 32 114530 32 115049 32 115568 32 116087 32 116606 32 117129 28 117648 28 118167 28 118686 28 119209 20 119728 20 120251 12 120770 12
eea70a7948d25a9a791dbcb39228af4ea4049fe5ebdee9c04884be8cca3da835,16970 8 17489 8 18004 16 18523 16 19042 16 19561 16 20080 20 20599 20 21118 20 21637 20 22156 20 22675 16 23194 16 23713 16 24232 16 24751 16 25270 16 25789 12 26308 12 26831 8 27350 8
eea70a7948d25a9a791dbcb39228af4ea4049fe5ebdee9c04884be8cca3da835,123401 17 123920 17 124435 25 124954 25 125465 33 125984 33 126499 37 127018 37 127533 41 128052 41 128571 45 129090 45 129605 45 130124 45 130647 41 131166 41
eea70a7948d25a9a791dbcb39228af4ea4049fe5ebdee9c04884be8cca3da835,52813 21 53332 21 53847 29 54366 29 54885 33 55404 33 55919 37 56438 37 56957 41 57476 41 57995 41 58514 41 59033 41 59552 41 60071 41 60590 41 61109 41 61628 41 62147 41 62666 41 63189 37 63708 37 64227 37 64746 37 65265 33 65784 33 66307 25 66826 21 67345 21 67864 12 68383 12 68898 12 69417 12 69932 20 70451 20 70966 24 71485 24 72004 24 72523 24 73042 24 73561 24 74076 28 74595 28 75114 28 75633 28 76152 28 76671 28 77190 28 77709 28 78228 28 78747 28 79266 28 79785 28 80304 33 80341 12 80823 33 80860 12 81342 53 81861 53 82380 57 82899 57 83418 57 83937 57 84460 53 84979 53 85498 53 86017 53 86540 49 87059 49 87586 41 88105 41 88624 41 89143 41 89662 41 90181 41 90700 41 91219 41 91738 41 92257 41 92776 37 93295 37 93814 37 94333 37 94852 33 95371 33 95890 29 96409 29 96932 25 97451 25 97974 17 98493 17 99016 5 99535 5
eea70a7948d25a9a791dbcb39228af4ea4049fe5ebdee9c04884be8cca3da835,406 25 439 24 925 25 958 24 1440 69 1959 69 2478 69 2997 69 3512 33 3553 32 4031 33 4072 32 4546 77 5065 77 5580 81 6099 81 6618 81 7137 81 7656 81 8175 81 8694 81 9213 81 9732 25 9761 52 10251 25 10280 52 10766 29 10803 48 11285 29 11322 48 11804 29 11845 44 12323 29 12364 44 12842 29 12883 44 13361 29 13402 44 13880 29 13921 44 14399 29 14440 44 14918 29 14963 40 15437 29 15482 40 15960 21 16001 40 16479 21 16520 40 16998 21 17039 40 17517 21 17558 40 18040 8 18077 40 18559 8 18596 40 19115 44 19634 44 20157 40 20676 40 21195 40 21714 40 22237 40 22756 40 23275 40 23794 40 24313 40 24836 41 25355 41 25874 41 26393 41 26912 45 27431 45 27954 41 28473 41 28992 45 29511 45 30030 20 30054 21 30549 20 30573 21 31072 16 31092 25 31591 16 31611 25 32110 16 32130 25 32629 16 32649 25 33148 16 33168 29 33667 16 33687 29 34186 53 34705 53 35224 20 35248 33 35743 20 35767 33 36262 20 36290 29 36781 20 36809 29 37300 20 37333 28 37819 20 37852 28 38338 20 38375 24 38857 20 38894 24 39376 20 39413 24 39895 20 39932 24 40414 24 40455 24 40933 24 40974 24 41452 24 41493 24 41971 24 42012 24 42490 28 42531 24 43009 28 43050 24 43528 37 43569 28 44047 37 44088 28 44570 65 45089 65 45612 61 46131 61 46654 57 47173 57 47696 33 47733 16 48215 33 48252 16 48734 33 48775 12 49253 33 49294 12 49776 33 49813 8 50295 33 50332 8 50814 33 50855 4 51333 33 51374 4 51856 29 51893 4 52375 29 52412 4 52894 41 53413 41 53932 41 54451 41 54974 37 55493 37 56012 37 56531 37 57055 32 57574 32 58093 36 58612 36 59135 32 59654 32 60173 28 60692 28 61211 28 61730 28 62253 28 62772 28 63291 28 63810 28 64329 28 64848 28 65371 24 65890 24 66409 24 66928 24 67447 24 67970 20 68489 20 69008 20 69527 20 70046 20 70565 20 71088 16 71607 16 72126 16 72645 16 73164 16 73683 16 74206 12 74725 12 75244 12 75763 12 76282 12 76801 12 77320 12 77839 12 78362 8 78881 8 79396 12 79915 12 80434 12 80953 12 81472 12 81991 12 82506 16 83025 16 83540 20 84059 20 84578 20 85097 20 85616 20 86135 20 86650 24 87169 24 87688 24 88207 24 88726 24 89245 24 89764 24 90283 24 90802 24 91321 24 91840 24 92359 24 92878 24 93397 24 93920 20 94439 20 94958 20 95477 20 95996 20 96515 20 97034 20 97553 20 98076 16 98595 16 99118 8 99637 8
eea70a7948d25a9a791dbcb39228af4ea4049fe5ebdee9c04884be8cca3da835,30010 12 30529 12 31048 12 31567 12 32086 16 32605 16 33120 20 33639 20 34158 20 34677 20 35196 20 35715 20 36234 20 36753 20 37272 20 37791 20 38310 20 38829 20 39348 24 39867 24 40386 24 40905 24 41424 24 41943 24 42462 24 42981 24 43500 20 44019 20 44542 12 45061 12 45584 4 46103 4
eea70a7948d25a9a791dbcb39228af4ea4049fe5ebdee9c04884be8cca3da835,127598 20 128117 20 128632 28 129151 28 129670 28 130189 28 130708 24 131227 24
eea70a7948d25a9a791dbcb39228af4ea4049fe5ebdee9c04884be8cca3da835,99106 4 99625 4 100136 16 100655 16 101170 24 101689 24 102208 24 102727 24 103241 33 103760 33 104279 33 104798 33 105317 33 105836 33 106355 33 106874 33 107393 33 107912 33 108431 37 108950 37 109469 37 109988 37 110507 37 111031 32 111550 32 112069 32 112588 32 113102 37 113621 37 114124 57 114643 57 115158 61 115677 61 116192 65 116711 65 117230 65 117749 65 118268 65 118787 65 119306 65 119825 65 120344 65 120863 65 121382 37 121423 24 121901 37 121942 24 122420 37 122465 20 122939 37 122984 20 123458 33 123503 20 123977 33 124022 20 124500 25 124541 20 125019 25 125060 20 125538 20 125583 16 126057 20 126102 16 126621 16 127140 16 127659 16 128178 16 128701 12 129220 12 129739 12 130258 12
eea70a7948d25a9a791dbcb39228af4ea4049fe5ebdee9c04884be8cca3da835,61190 12 61709 12 62228 17 62747 17 63262 25 63781 25 64300 25 64819 25 65338 25 65857 25 66376 29 66895 29 67414 29 67933 29 68452 29 68971 29 69490 29 70009 29 70528 29 71047 29 71566 29 72085 29 72604 29 73123 29 73642 29 74161 29 74680 29 75199 29 75718 29 76237 29 76756 29 77275 29 77794 29 78313 25 78832 25 79355 21 79874 21 80393 17 80912 17
eea70a7948d25a9a791dbcb39228af4ea4049fe5ebdee9c04884be8cca3da835,8808 12 9327 12 9842 16 10361 16 10876 20 11395 20 11914 20 12433 20 12952 24 13471 24 13990 24 14509 24 15024 28 15543 28 16062 28 16581 28 17100 28 17619 28 18138 28 18657 28 19176 28 19695 28 20214 28 20733 28 21252 28 21771 28 22290 28 22813 24 23332 24 23851 24 24370 24 24889 20 25408 20 25931 16 26450 16 26973 12 27492 12
f0d0ab13ff53adc3c4d57e95a5f83d80b06f2cbc0bf002b52cf7b496612e0ce4,316697 25 317217 25 317737 25 318257 25 318777 25 319293 37 319813 37 320333 37 320853 37 321373 37 321893 37 322413 37 322933 37 323453 37 323973 37 324493 37 325009 45 325529 45 326049 45 326569 45 327089 45 327609 45 328129 45 328649 45 329169 45 329689 45 330209 45 330729 45 331249 45 331769 45 332289 45 332809 45 333329 45 333849 45 334369 45 334889 45 335409 45 335929 45 336453 37 336973 37 337493 37 338013 37 338533 37 339053 37 339573 37 340093 37 340613 37 341133 37 341653 37 342173 37 342693 37 343213 37 343733 37 344253 37 344777 33 345297 33 345817 33 346337 33 346857 33 347377 33 347901 25 348421 25 348941 25 349461 25 349981 25
f0d0ab13ff53adc3c4d57e95a5f83d80b06f2cbc0bf002b52cf7b496612e0ce4,56750 4 57270 4 57790 4 58310 4 58830 4 59342 24 59862 24 60382 24 60902 24 61422 24 61942 24 62462 41 62982 41 63502 41 64022 41 64542 41 65062 45 65582 45 66102 45 66622 45 67142 45 67662 53 68182 53 68702 53 69222 53 69742 53 70262 53 70782 53 71302 53 71822 53 72342 53 72862 53 73386 53 73906 53 74426 53 74946 53 75466 53 75986 53 76506 53 77026 53 77546 53 78066 53 78586 53 79110 53 79630 53 80150 53 80670 53 81190 53 81710 53 82234 45 82754 45 83274 45 83794 45 84314 45 84842 37 85362 37 85882 37 86402 37 86922 37 87442 37 87970 25 88490 25 89010 25 89530 25 90050 25
f0d0ab13ff53adc3c4d57e95a5f83d80b06f2cbc0bf002b52cf7b496612e0ce4,243475 8 243995 8 244515 8 245035 8 245555 8 246059 36 246579 36 247099 36 247619 36 248139 36 248659 36 249166 53 249686 53 250206 53 250726 53 251246 53 251762 57 252282 57 252802 57 253322 57 253842 57 254358 61 254878 61 255398 61 255918 61 256438 61 256958 61 257474 65 257994 65 258514 65 259034 65 259554 65 260070 65 260590 65 261110 65 261630 65 262150 65 262670 65 263190 57 263710 57 264230 57 264750 57 265270 57 265794 45 266314 45 266834 45 267354 45 267874 45 268394 45 268914 29 269434 29 269954 29 270474 29 270994 29
f0d0ab13ff53adc3c4d57e95a5f83d80b06f2cbc0bf002b52cf7b496612e0ce4,192616 13 193136 13 193656 13 194176 13 194696 13 195196 37 195245 4 195716 37 195765 4 196236 37 196285 4 196756 37 196805 4 197276 37 197325 4 197796 37 197845 4 198312 65 198832 65 199352 65 199872 65 200392 65 200908 73 201428 73 201948 73 202468 73 202988 73 203504 77 204024 77 204544 77 205064 77 205584 77 206104 77 206624 77 207144 77 207664 77 208184 77 208704 77 209224 77 209744 77 210264 77 210784 77 211304 77 211824 77 212344 73 212864 73 213384 73 213904 73 214424 73 214948 69 215468 69 215988 69 216508 69 217028 69 217548 69 218068 61 218588 61 219108 61 219628 61 220148 61 220668 57 221188 57 221708 57 222228 57 222748 57 223268 57 223788 57 224308 57 224828 57 225348 57 225868 57 226388 57 226908 57 227428 57 227948 57 228468 57 228976 65 229496 65 230016 65 230536 65 231056 65 231576 65 232088 73 232608 73 233128 73 233648 73 234168 73 234684 73 235204 73 235724 73 236244 73 236764 73 237284 73 237804 69 238324 69 238844 69 239364 69 239884 69 240404 52 240924 52 241444 52 241964 52 242484 52 243004 52 243524 48 244044 48 244564 48 245084 48 245604 48 246128 44 246648 44 247168 44 247688 44 248208 44 248728 44 249248 44 249768 44 250288 44 250808 44 251328 44 251852 36 252372 36 252892 36 253412 36 253932 36 254452 36 254972 36 255492 36 256012 36 256532 36 257052 36 257576 28 258096 28 258616 28 259136 28 259656 28 260188 4 260708 4 261228 4 261748 4 262268 4 262788 4
f0d0ab13ff53adc3c4d57e95a5f83d80b06f2cbc0bf002b52cf7b496612e0ce4,260281 21 260801 21 261321 21 261841 21 262361 21 262881 21 263397 29 263917 29 264437 29 264957 29 265477 29 265993 33 266513 33 267033 33 267553 33 268073 33 268593 33 269109 37 269629 37 270149 37 270669 37 271189 37 271693 53 272213 53 272733 53 273253 53 273773 53 274289 53 274809 53 275329 53 275849 53 276369 53 276889 53 277405 49 277925 49 278445 49 278965 49 279485 49 280005 44 280525 44 281045 44 281565 44 282085 44 282605 44 283125 40 283645 40 284165 40 284685 40 285205 40 285729 36 286249 36 286769 36 287289 36 287809 36 288329 36 288857 24 289377 24 289897 24 290417 24 290937 24
f0d0ab13ff53adc3c4d57e95a5f83d80b06f2cbc0bf002b52cf7b496612e0ce4,294577 16 294601 17 295097 16 295121 17 295617 16 295641 17 296137 16 296161 17 296657 16 296681 17 297173 20 297201 21 297693 20 297721 21 298213 20 298241 21 298733 20 298761 21 299253 20 299281 21 299773 49 300293 49 300813 49 301333 49 301853 49 302373 49 302889 57 303409 57 303929 57 304449 57 304969 57 305489 53 306009 53 306529 53 307049 53 307569 53 308089 53 308609 53 309129 53 309649 53 310169 53 310689 53 311213 45 311733 45 312253 45 312773 45 313293 45 313813 45 314333 41 314853 41 315373 41 315893 41 316413 41 316933 36 317453 36 317973 36 318493 36 319013 36 319537 28 320057 28 320577 28 321097 28 321617 28 322137 28
f0d0ab13ff53adc3c4d57e95a5f83d80b06f2cbc0bf002b52cf7b496612e0ce4,277 45 797 45 1317 45 1837 45 2357 45 2869 53 3389 53 3909 53 4429 53 4949 53 5469 53 5985 53 6505 53 7025 53 7545 53 8065 53 8585 53 9105 53 9625 53 10145 53 10665 53 11185 53 11701 53 12221 53 12741 53 13261 53 13781 53 14301 45 14821 45 15341 45 15861 45 16381 45 16901 45 17421 41 17941 41 18461 41 18981 41 19501 41 20025 33 20545 33 21065 33 21585 33 22105 33 22625 33 23149 16 23669 16 24189 16 24709 16 25229 16
f0d0ab13ff53adc3c4d57e95a5f83d80b06f2cbc0bf002b52cf7b496612e0ce4,220786 20 221306 20 221826 20 222346 20 222866 20 223386 20 223902 28 224422 28 224942 28 225462 28 225982 28 226498 32 227018 32 227538 32 228058 32 228578 32 229098 36 229618 36 230138 36 230658 36 231178 36 231698 36 232214 40 232734 40 233254 40 233774 40 234294 40 234814 36 235334 36 235854 36 236374 36 236894 36 237414 36 237934 36 238454 36 238974 36 239494 36 240014 36 240538 32 241058 32 241578 32 242098 32 242618 32 243138 32 243662 28 244182 28 244702 28 245222 28 245742 28 246262 28 246782 28 247302 28 247822 28 248342 28 248862 28 249382 24 249902 24 250422 24 250942 24 251462 24 251982 24 252502 24 253022 24 253542 24 254062 24 254582 20 255102 20 255622 20 256142 20 256662 20 257182 20 257706 12 258226 12 258746 12 259266 12 259786 12
f0d0ab13ff53adc3c4d57e95a5f83d80b06f2cbc0bf002b52cf7b496612e0ce4,288971 20 289491 20 290011 20 290531 20 291051 20 291563 40 292083 40 292603 40 293123 40 293643 40 294163 40 294683 65 295203 65 295723 65 296243 65 296763 65 297283 73 297803 73 298323 73 298843 73 299363 73 299883 77 300403 77 300923 77 301443 77 301963 77 302483 77 303003 81 303523 81 304043 81 304563 81 305083 81 305607 77 306127 77 306647 77 307167 77 307687 77 308207 77 308731 69 309251 69 309771 69 310291 69 310811 69 311347 53 311867 53 312387 53 312907 53 313427 53 313947 53 314475 37 314995 37 315515 37 316035 37 316555 37 317091 17 317611 17 318131 17 318651 17 319171 17
f0d0ab13ff53adc3c4d57e95a5f83d80b06f2cbc0bf002b52cf7b496612e0ce4,153283 25 153803 25 154323 25 154843 25 155363 25 155875 41 156395 41 156915 41 157435 41 157955 41 158475 45 158995 45 159515 45 160035 45 160555 45 161075 45 161591 53 162111 53 162631 53 163151 53 163671 53 164195 69 164715 69 165235 69 165755 69 166275 69 166795 69 167315 81 167835 81 168355 81 168875 81 169395 81 169919 41 169964 32 170439 41 170484 32 170959 41 171004 32 171479 41 171524 32 171999 41 172044 32 172519 41 172564 32 173039 37 173084 36 173559 37 173604 36 174079 37 174124 36 174599 37 174644 36 175119 37 175164 36 175647 21 175684 36 176167 21 176204 36 176687 21 176724 36 177207 21 177244 36 177727 21 177764 36 178247 21 178284 36 178804 36 179324 36 179844 36 180364 36 180884 36 181404 32 181924 32 182444 32 182964 32 183484 32 184004 28 184524 28 185044 28 185564 28 186084 28 186604 28 187120 4 187640 4 188160 4 188680 4 189200 4
f0d0ab13ff53adc3c4d57e95a5f83d80b06f2cbc0bf002b52cf7b496612e0ce4,317136 24 317656 24 318176 24 318696 24 319216 24 319732 32 320252 32 320772 32 321292 32 321812 32 322332 32 322852 37 323372 37 323892 37 324412 37 324932 37 325452 37 325972 37 326492 37 327012 37 327532 37 328052 37 328572 37 329092 37 329612 37 330132 37 330652 37 331172 37 331692 37 332212 37 332732 37 333252 37 333772 37 334296 28 334816 28 335336 28 335856 28 336376 28
f0d0ab13ff53adc3c4d57e95a5f83d80b06f2cbc0bf002b52cf7b496612e0ce4,20253 24 20773 24 21293 24 21813 24 22333 24 22853 24 23369 32 23889 32 24409 32 24929 32 25449 32 25969 32 26489 32 27009 32 27529 32 28049 32 28564 37 29084 37 29604 37 30124 37 30644 37 31164 37 31684 37 32204 37 32724 37 33244 37 33764 37 34289 32 34809 32 35329 32 35849 32 36369 32 36889 32 37413 28 37933 28 38453 28 38973 28 39493 28 40017 20 40537 20 41057 20 41577 20 42097 20 42617 20
f0d0ab13ff53adc3c4d57e95a5f83d80b06f2cbc0bf002b52cf7b496612e0ce4,102425 16 102945 16 103465 16 103985 16 104505 16 105021 20 105541 20 106061 20 106581 20 107101 20 107621 20 108137 24 108657 24 109177 24 109697 24 110217 24 110737 24 111257 24 111777 24 112297 24 112817 24 113337 24 113857 24 114377 24 114897 24 115417 24 115937 24 116457 24 116977 24 117497 24 118017 24 118537 24 119057 24 119577 24 120097 24 120617 24 121137 24 121657 24 122181 20 122701 20 123221 20 123741 20 124261 20 124785 16 125305 16 125825 16 126345 16 126865 16 127385 16
f0d0ab13ff53adc3c4d57e95a5f83d80b06f2cbc0bf002b52cf7b496612e0ce4,158581 16 159101 16 159621 16 160141 16 160661 16 161181 16 161697 24 162217 24 162737 24 163257 24 163777 24 164297 24 164817 24 165337 24 165857 24 166377 24 166897 24 167421 20 167941 20 168461 20 168981 20 169501 20 170021 20 170541 20 171061 20 171581 20 172101 20 172621 20 173145 16 173665 16 174185 16 174705 16 175225 16 175749 8 176269 8 176789 8 177309 8 177829 8 178349 8 178865 12 179385 12 179905 12 180425 12 180945 12 181461 20 181981 20 182501 20 183021 20 183541 20 184061 20 184581 20 185101 20 185621 20 186141 20 186661 20 187185 16 187705 16 188225 16 188745 16 189265 16 189793 4 190313 4 190833 4 191353 4 191873 4 192393 4
f0d0ab13ff53adc3c4d57e95a5f83d80b06f2cbc0bf002b52cf7b496612e0ce4,229313 8 229833 8 230353 8 230873 8 231393 8 231913 8 232429 12 232949 12 233469 12 233989 12 234509 12 235029 12 235549 12 236069 12 236589 12 237109 12 237629 12 238149 12 238669 12 239189 12 239709 12 240229 12 240749 12 241269 12 241789 12 242309 12 242829 12 243349 12 243869 12 244389 12 244909 12 245429 12 245949 12 246473 8 246993 8 247513 8 248033 8 248553 8 249073 8
f0d0ab13ff53adc3c4d57e95a5f83d80b06f2cbc0bf002b52cf7b496612e0ce4,263633 8 264153 8 264673 8 265193 8 265713 8 266229 12 266749 12 267269 12 267789 12 268309 12 268829 12 269349 12 269869 12 270389 12 270909 12 271429 12 271949 12 272469 12 272989 12 273509 12 274029 12 274549 12 275069 12 275589 12 276109 12 276629 12 277149 12 277669 12 278189 12 278709 12 279229 12 279749 12 280269 12 280789 12 281309 12 281829 12 282349 12 282869 12 283393 4 283913 4 284433 4 284953 4 285473 4
f5effed21f671bbf4551ecebb7fe95f3be1cf09c16a60afe64d2f0b95be9d1eb,84497 24 85009 24 85521 24 86033 24 86545 24 87045 40 87557 40 88069 40 88581 40 89093 40 89605 44 90117 44 90629 44 91141 44 91653 44 92165 44 92673 48 93185 48 93697 48 94209 48 94721 48 95233 20 95257 24 95745 20 95769 24 96257 20 96281 24 96769 20 96793 24 97281 20 97305 24 97793 48 98305 48 98817 48 99329 48 99841 48 100353 48 100865 44 101377 44 101889 44 102401 44 102913 44 103425 40 103937 40 104449 40 104961 40 105473 40 105985 32 106497 32 107009 32 107521 32 108033 32 108545 32 109061 12 109573 12 110085 12 110597 12 111109 12
f5effed21f671bbf4551ecebb7fe95f3be1cf09c16a60afe64d2f0b95be9d1eb,184845 28 185357 28 185869 28 186381 28 186893 28 187405 28 187913 40 188425 40 188937 40 189449 40 189961 40 190473 48 190985 48 191497 48 192009 48 192521 48 193029 56 193541 56 194053 56 194565 56 195077 56 195589 56 196105 56 196617 56 197129 56 197641 56 198153 56 198661 64 199173 64 199685 64 200197 64 200709 64 201217 68 201729 68 202241 68 202753 68 203265 68 203777 16 203797 52 204289 16 204309 52 204801 16 204821 52 205313 16 205333 52 205825 16 205845 52 206337 16 206357 52 206849 20 206881 44 207361 20 207393 44 207873 20 207905 44 208385 20 208417 44 208897 20 208929 44 209409 28 209453 40 209921 28 209965 40 210433 28 210477 40 210945 28 210989 40 211457 28 211501 40 211969 36 212017 40 212481 36 212529 40 212993 36 213041 40 213505 36 213553 40 214017 36 214065 40 214529 36 214577 40 215041 40 215089 40 215553 40 215601 40 216065 40 216113 40 216577 40 216625 40 217089 40 217137 40 217601 88 218113 88 218625 88 219137 88 219649 88 220161 88 220673 88 221185 88 221697 88 222209 88 222721 88 223233 80 223745 80 224257 80 224769 80 225281 80 225793 76 226305 76 226817 76 227329 76 227841 76 228357 72 228869 72 229381 72 229893 72 230405 72 230917 72 231433 68 231945 68 232457 68 232969 68 233481 68 233997 64 234509 64 235021 64 235533 64 236045 64 236561 60 237073 60 237585 60 238097 60 238609 60 239121 60 239637 52 240149 52 240661 52 241173 52 241685 52 242221 12 242733 12 243245 12 243757 12 244269 12
f5effed21f671bbf4551ecebb7fe95f3be1cf09c16a60afe64d2f0b95be9d1eb,128141 28 128653 28 129165 28 129677 28 130189 28 130673 64 131185 64 131697 64 132209 64 132721 64 133221 76 133733 76 134245 76 134757 76 135269 76 135781 76 136285 88 136797 88 137309 88 137821 88 138333 88 138841 92 139353 92 139865 92 140377 92 140889 92 141397 56 141461 28 141909 56 141973 28 142421 56 142485 28 142933 56 142997 28 143445 56 143509 28 143957 56 144021 28 144469 96 144981 96 145493 96 146005 96 146517 96 147029 100 147541 100 148053 100 148565 100 149077 100 149593 100 150105 100 150617 100 151129 100 151641 100 152153 100 152673 92 153185 92 153697 92 154209 92 154721 92 155245 56 155309 16 155757 56 155821 16 156269 56 156333 16 156781 56 156845 16 157293 56 157357 16 157809 44 157869 16 158321 44 158381 16 158833 44 158893 16 159345 44 159405 16 159857 44 159917 16 160377 28 160413 32 160889 28 160925 32 161401 28 161437 32 161913 28 161949 32 162425 28 162461 32 162937 28 162973 32 163449 68 163961 68 164473 68 164985 68 165497 68 166005 72 166517 72 167029 72 167541 72 168053 72 168565 68 169077 68 169589 68 170101 68 170613 68 171125 68 171637 64 172149 64 172661 64 173173 64 173685 64 174197 60 174709 60 175221 60 175733 60 176245 60 176761 48 176841 28 177273 48 177353 28 177785 48 177865 28 178297 48 178377 28 178809 48 178889 28 179321 48 179401 28 179845 36 179893 52 180357 36 180405 52 180869 36 180917 52 181381 36 181429 52 181893 36 181941 52 182409 100 182921 100 183433 100 183945 100 184457 100 184969 104 185481 104 185993 104 186505 104 187017 104 187529 104 188041 104 188553 104 189065 104 189577 104 190089 104 190597 108 191109 108 191621 108 192133 108 192645 108 193157 104 193669 104 194181 104 194693 104 195205 104 195717 104 196233 92 196745 92 197257 92 197769 92 198281 92 198801 64 199313 64 199825 64 200337 64 200849 64 201377 48 201889 48 202401 48 202913 48 203425 48 203937 52 204449 52 204961 52 205473 52 205985 52 206497 52 207009 60 207521 60 208033 60 208545 60 209057 60 209565 68 210077 68 210589 68 211101 68 211613 68 212125 72 212637 72 213149 72 213661 72 214173 72 214685 72 215193 80 215705 80 216217 80 216729 80 217241 80 217753 80 218265 80 218777 80 219289 80 219801 80 220297 96 220809 96 221321 96 221833 96 222345 96 222857 96 223361 100 223873 100 224385 100 224897 100 225409 100 225921 88 226433 88 226945 88 227457 88 227969 88 228477 88 228989 88 229501 88 230013 88 230525 88 231037 88 231553 92 232065 92 232577 92 233089 92 233601 92 234117 92 234629 92 235141 92 235653 92 236165 92 236681 88 237193 88 237705 88 238217 88 238729 88 239241 88 239757 84 240269 84 240781 84 241293 84 241805 84 242325 12 242345 48 242837 12 242857 48 243349 12 243369 48 243861 12 243881 48 244373 12 244393 48 244909 48 245421 48 245933 48 246445 48 246957 48 247429 96 247941 96 248453 96 248965 96 249477 96 249989 96 250369 24 250433 4 250497 104 250881 24 250945 4 251009 104 251393 24 251457 4 251521 104 251905 24 251969 4 252033 104 252417 24 252481 4 252545 104 252929 36 252981 28 253057 108 253441 36 253493 28 253569 108 253953 36 254005 28 254081 108 254465 36 254517 28 254593 108 254977 36 255029 28 255105 108 255489 96 255617 108 256001 96 256129 108 256513 96 256641 108 257025 96 257153 108 257537 96 257665 108 258049 96 258177 108 258561 112 258693 100 259073 112 259205 100 259585 112 259717 100 260097 112 260229 100 260609 112 260741 100 261121 124 261253 96 261633 124 261765 96 262145 124 262277 96 262657 124 262789 96 263169 124 263301 96 263681 220 264193 220 264705 220 265217 220 265729 220 266241 220 266753 140 266905 64 267265 140 267417 64 267777 140 267929 64 268289 140 268441 64 268801 140 268953 64 269313 140 269477 48 269825 140 269989 48 270337 140 270501 48 270849 140 271013 48 271361 140 271525 48 271877 56 271941 72 272389 56 272453 72 272901 56 272965 72 273413 56 273477 72 273925 56 273989 72 274437 56 274501 72 274961 40 275021 60 275473 40 275533 60 275985 40 276045 60 276497 40 276557 60 277009 40 277069 60 277537 16 277597 40 278049 16 278109 40 278561 16 278621 40 279073 16 279133 40 279585 16 279645 40 280181 4 280693 4 281205 4 281717 4 282229 4 282741 4
f5effed21f671bbf4551ecebb7fe95f3be1cf09c16a60afe64d2f0b95be9d1eb,280273 24 280785 24 281297 24 281809 24 282321 24 282833 24 283341 36 283853 36 284365 36 284877 36 285389 36 285901 40 286413 40 286925 40 287437 40 287949 40 288461 40 288973 40 289485 40 289997 40 290509 40 291021 44 291533 44 292045 44 292557 44 293069 44 293581 44 294097 40 294609 40 295121 40 295633 40 296145 40 296657 36 297169 36 297681 36 298193 36 298705 36 299221 32 299733 32 300245 32 300757 32 301269 32 301781 32 302297 20 302809 20 303321 20 303833 20 304345 20
fac507fa4d1649e8b24c195d990f1fc3ca3633d917839e1751a9d412a14ab5e3,6657 6 6913 6 7169 8 7425 8 7681 8 7937 8 8193 8 8449 8 8705 6 8961 6
fac507fa4d1649e8b24c195d990f1fc3ca3633d917839e1751a9d412a14ab5e3,14851 4 15107 4 15361 10 15617 10 15873 10 16129 10 16385 10 16641 10 16897 10 17153 10 17409 10 17665 10 17921 6 18177 6 18435 2 18691 2 18945 6 19201 6 19457 8 19713 8 19969 8 20225 8 20481 8 20737 8 20993 6 21249 6 21507 2 21763 2
fac507fa4d1649e8b24c195d990f1fc3ca3633d917839e1751a9d412a14ab5e3,23045 12 23301 12 23553 18 23809 18 24065 18 24321 18 24577 18 24833 18 25089 16 25345 16 25601 16 25857 16 26115 12 26371 12 26629 8 26885 8
fac507fa4d1649e8b24c195d990f1fc3ca3633d917839e1751a9d412a14ab5e3,46083 8 46339 8 46593 12 46849 12 47105 12 47361 12 47617 12 47873 12 48129 12 48385 12 48641 10 48897 10 49155 6 49411 6 49665 6 49921 6 50177 6 50433 6 50689 8 50945 8 51201 8 51457 8 51713 10 51969 10 52225 10 52481 10 52737 10 52993 10 53249 10 53505 10 53761 10 54017 10 54273 12 54529 12 54785 12 55041 12 55297 10 55553 10 55809 10 56065 10
fac507fa4d1649e8b24c195d990f1fc3ca3633d917839e1751a9d412a14ab5e3,64003 2 64259 2 64515 2 64771 2
fac507fa4d1649e8b24c195d990f1fc3ca3633d917839e1751a9d412a14ab5e3,59931 10 60187 10 60443 12 60699 12 60953 14 61209 14 61465 14 61721 14 61979 12 62235 12 62491 10 62747 10 62999 12 63255 12 63511 12 63767 12 64021 14 64277 14 64533 14 64789 14 65047 10 65303 10
fac507fa4d1649e8b24c195d990f1fc3ca3633d917839e1751a9d412a14ab5e3,31267 6 31523 6 31777 12 32033 12 32289 12 32545 12 32801 14 33057 14 33313 14 33569 14 33825 14 34081 14 34337 12 34593 12 34853 2 35109 2
fac507fa4d1649e8b24c195d990f1fc3ca3633d917839e1751a9d412a14ab5e3,46119 6 46375 6 46629 10 46885 10 47141 12 47397 12 47651 16 47907 16 48163 16 48419 16 48675 18 48931 18 49189 16 49445 16 49701 14 49957 14
fac507fa4d1649e8b24c195d990f1fc3ca3633d917839e1751a9d412a14ab5e3,16423 14 16679 14 16935 14 17191 14 17445 16 17701 16 17957 16 18213 16 18469 16 18725 16 18983 12 19239 12 19497 8 19753 8
fac507fa4d1649e8b24c195d990f1fc3ca3633d917839e1751a9d412a14ab5e3,38457 6 38469 12 38713 6 38725 12 38967 32 39223 32 39479 36 39735 36 39991 36 40247 36 40503 36 40759 36 41017 10 41029 22 41273 10 41285 22 41543 18 41799 18 42059 12 42315 12
fac507fa4d1649e8b24c195d990f1fc3ca3633d917839e1751a9d412a14ab5e3,58425 10 58437 10 58681 10 58693 10 58935 26 59191 26 59447 26 59703 26 59959 28 60215 28 60471 28 60727 28 60983 26 61239 26 61497 4 61507 14 61753 4 61763 14 62019 12 62275 12 62533 6 62789 6
fac507fa4d1649e8b24c195d990f1fc3ca3633d917839e1751a9d412a14ab5e3,65 10 321 10 575 12 831 12 1087 12 1343 12 1599 12 1855 12 2111 12 2367 12 2623 10 2879 10
fac507fa4d1649e8b24c195d990f1fc3ca3633d917839e1751a9d412a14ab5e3,53861 8 54117 8 54371 12 54627 12 54883 14 55139 14 55395 14 55651 14 55903 16 56159 16 56411 20 56667 20 56923 16 57179 16 57433 16 57689 16 57945 16 58201 16 58459 14 58715 14 58971 12 59227 12
fac507fa4d1649e8b24c195d990f1fc3ca3633d917839e1751a9d412a14ab5e3,42601 8 42857 8 43111 12 43367 12 43623 14 43879 14 44135 14 44391 14 44647 14 44903 14 45159 14 45415 14 45673 12 45929 12 46187 10 46443 10 46701 4 46957 4
fac507fa4d1649e8b24c195d990f1fc3ca3633d917839e1751a9d412a14ab5e3,47223 12 47479 12 47733 16 47989 16 48245 18 48501 18 48759 16 49015 16 49273 14 49529 14 49785 14 50041 14 50299 12 50555 12 50811 12 51067 12 51325 8 51581 8
fac507fa4d1649e8b24c195d990f1fc3ca3633d917839e1751a9d412a14ab5e3,61569 8 61825 8 62079 14 62335 14 62591 14 62847 14 63103 14 63359 14 63615 14 63871 14 64127 14 64383 14 64639 12 64895 12 65155 4 65411 4
fac507fa4d1649e8b24c195d990f1fc3ca3633d917839e1751a9d412a14ab5e3,49895 8 49905 8 50151 8 50161 8 50405 22 50661 22 50909 6 50917 22 51165 6 51173 22 51419 32 51675 32 51931 32 52187 32 52443 30 52699 30 52955 20 53211 20 53469 18 53725 18 53983 14 54239 14
fac507fa4d1649e8b24c195d990f1fc3ca3633d917839e1751a9d412a14ab5e3,31461 8 31717 8 31971 12 31997 4 32227 12 32253 4 32483 12 32507 6 32739 12 32763 6 32995 22 33019 6 33251 22 33275 6 33507 28 33763 28 34019 26 34275 26 34541 16 34797 16 35053 16 35309 16 35567 12 35823 12 36083 2 36339 2
fac507fa4d1649e8b24c195d990f1fc3ca3633d917839e1751a9d412a14ab5e3,16107 8 16363 8 16617 10 16873 10 17127 12 17383 12 17639 14 17895 14 18151 14 18407 14 18663 14 18919 14 19177 12 19433 12 19691 8 19947 8
fac507fa4d1649e8b24c195d990f1fc3ca3633d917839e1751a9d412a14ab5e3,62203 4 62459 4 62711 10 62967 10 63223 10 63479 10 63733 12 63989 12 64245 12 64501 12 64757 12 65013 12 65271 10 65527 10
fe9adb627a6f45747c5a8223b671774791ededf9364f6544be487c540107fa4f,4101 8 4357 8 4611 16 4867 16 5121 20 5377 20 5633 22 5889 22 6145 22 6401 22 6659 18 6915 18 7173 12 7429 12
fe9adb627a6f45747c5a8223b671774791ededf9364f6544be487c540107fa4f,6685 6 6941 6 7195 10 7451 10 7707 10 7963 10 8213 16 8469 16 8723 18 8979 18 9217 6 9235 16 9473 6 9491 16 9729 6 9747 12 9985 6 10003 12 10241 6 10259 12 10497 6 10515 12 10753 6 10771 14 11009 6 11027 14 11265 6 11273 10 11285 14 11521 6 11529 10 11541 14 11779 16 11797 16 12035 16 12053 16 12291 16 12309 16 12547 16 12565 16 12803 16 12823 14 13059 16 13079 14 13315 16 13335 14 13571 16 13591 14 13829 14 13849 8 14085 14 14105 8 14337 16 14593 16 14849 14 15105 14 15361 14 15617 14 15873 24 16129 24 16385 26 16641 26 16899 26 17155 26 17419 18 17675 18 17929 20 18185 20 18441 20 18697 20 18953 18 19209 18 19467 16 19723 16 19981 10 20237 10
fe9adb627a6f45747c5a8223b671774791ededf9364f6544be487c540107fa4f,23041 4 23297 4 23553 6 23809 6 24065 8 24321 8 24577 8 24833 8 25089 8 25345 8 25601 6 25857 6 26113 6 26369 6
fe9adb627a6f45747c5a8223b671774791ededf9364f6544be487c540107fa4f,23061 10 23317 10 23573 12 23829 12 24083 14 24339 14 24595 14 24851 14 25107 14 25363 14 25617 16 25873 16 26129 14 26385 14 26639 16 26895 16 27145 22 27401 22 27657 22 27913 22 28167 24 28423 24 28679 12 28935 12 29191 12 29447 12 29703 12 29959 12 30217 8 30473 8 30729 8 30985 8 31241 10 31497 10 31751 14 32007 14 32263 16 32519 16 32773 20 33029 20 33283 22 33539 22 33795 4 33801 18 33823 8 34051 4 34057 18 34079 8 34313 32 34569 32 34825 32 35081 32 35339 32 35595 32 35843 8 35867 16 36099 8 36123 16 36353 12 36379 14 36609 12 36635 14 36865 12 36891 14 36907 12 37121 12 37147 14 37163 12 37377 12 37405 8 37417 16 37633 12 37661 8 37673 16 37889 12 37929 18 38145 12 38185 18 38401 10 38439 20 38657 10 38695 20 38915 6 38951 22 39171 6 39207 22 39463 22 39719 22 39977 18 40233 18 40489 18 40745 18 41005 12 41261 12
fe9adb627a6f45747c5a8223b671774791ededf9364f6544be487c540107fa4f,54787 4 55043 4 55297 12 55553 12 55809 14 56065 14 56321 14 56577 14 56833 14 57089 14 57345 12 57601 12 57857 10 58113 10 58369 8 58625 8
fe9adb627a6f45747c5a8223b671774791ededf9364f6544be487c540107fa4f,47631 6 47887 6 48141 12 48397 12 48651 16 48907 16 49163 16 49419 16 49673 20 49929 20 50185 20 50441 20 50699 18 50955 18 51211 16 51467 16 51723 16 51979 16 52237 12 52493 12 52753 4 53009 4
fe9adb627a6f45747c5a8223b671774791ededf9364f6544be487c540107fa4f,23 16 279 16 533 20 789 20 1043 22 1299 22 1555 22 1811 22 2069 20 2325 20 2581 22 2837 22 3093 24 3349 24 3617 12 3873 12 4129 12 4385 12 4643 10 4899 10 5155 10 5411 10 5669 8 5925 8
fe9adb627a6f45747c5a8223b671774791ededf9364f6544be487c540107fa4f,53791 2 53801 10 54047 2 54057 10 54299 26 54555 26 54811 26 55067 26 55321 28 55577 28 55833 10 55847 14 56089 10 56103 14 56345 10 56361 8 56601 10 56617 8 56857 20 57113 20 57371 18 57627 18 57885 18 58141 18 58399 16 58655 16 58911 16 59167 16 59423 14 59679 14 59935 18 60191 18 60451 18 60707 18 60967 14 61223 14 61479 14 61735 14 61991 14 62247 14 62503 14 62759 14 63015 14 63271 14 63527 12 63783 12 64037 14 64293 14 64549 14 64805 14 65061 4 65317 4
fe9adb627a6f45747c5a8223b671774791ededf9364f6544be487c540107fa4f,42019 4 42275 4 42527 14 42783 14 43037 18 43293 18 43549 18 43805 18 44061 18 44317 18 44573 18 44829 18 45085 18 45341 18 45599 16 45855 16 46115 8 46371 8
fe9adb627a6f45747c5a8223b671774791ededf9364f6544be487c540107fa4f,16935 6 17191 6 17443 12 17699 12 17953 16 18209 16 18465 16 18721 16 18975 20 19231 20 19487 20 19743 20 19999 18 20255 18 20511 18 20767 18 21025 24 21281 24 21539 24 21795 24 22059 16 22315 16 22571 16 22827 16 23081 18 23337 18 23593 18 23849 18 24105 16 24361 16 24619 12 24875 12 25135 2 25391 2
fe9adb627a6f45747c5a8223b671774791ededf9364f6544be487c540107fa4f,6195 6 6451 6 6703 14 6959 14 7215 16 7471 16 7725 18 7981 18 8237 20 8493 20 8749 20 9005 20 9263 18 9519 18 9775 18 10031 18 10289 14 10545 14 10803 12 11059 12
fe9adb627a6f45747c5a8223b671774791ededf9364f6544be487c540107fa4f,27699 10 27955 10 28209 16 28465 16 28721 18 28977 18 29233 20 29489 20 29743 22 29999 22 30255 22 30511 22 30767 22 31023 22 31279 22 31535 22 31793 20 32049 20 32307 18 32563 18 32821 14 33077 14
fe9adb627a6f45747c5a8223b671774791ededf9364f6544be487c540107fa4f,49727 4 49983 4 50235 12 50491 12 50745 16 51001 16 51257 16 51513 16 51767 20 52023 20 52281 18 52537 18 52793 18 53049 18 53305 16 53561 16 53819 14 54075 14 54337 2 54593 2
fe9adb627a6f45747c5a8223b671774791ededf9364f6544be487c540107fa4f,15933 8 16189 8 16443 12 16699 12 16955 14 17211 14 17465 16 17721 16 17977 16 18233 16 18491 16 18747 16 19003 16 19259 16 19517 14 19773 14 20029 12 20285 12 20545 4 20801 4
fe9adb627a6f45747c5a8223b671774791ededf9364f6544be487c540107fa4f,61 14 317 14 571 16 827 16 1085 14 1341 14 1599 10 1855 10 2115 8 2371 8 2627 12 2883 12 3137 14 3393 14 3649 16 3905 16 4161 16 4417 16 4673 14 4929 14 5187 12 5443 12
fe9adb627a6f45747c5a8223b671774791ededf9364f6544be487c540107fa4f,7755 6 7773 12 8011 6 8029 12 8265 10 8281 18 8521 10 8537 18 8775 14 8793 18 9031 14 9049 18 9285 38 9541 38 9797 38 10053 38 10309 38 10565 38 10821 16 10839 20 11077 16 11095 20 11333 14 11351 18 11589 14 11607 18 11845 14 11863 16 12101 14 12119 16 12357 12 12377 10 12613 12 12633 10 12873 2 13129 2
fe9adb627a6f45747c5a8223b671774791ededf9364f6544be487c540107fa4f,23629 10 23885 10 24139 14 24395 14 24649 18 24905 18 25161 18 25417 18 25675 16 25931 16 26187 16 26443 16 26701 14 26957 14 27215 10 27471 10 27731 2 27987 2
fe9adb627a6f45747c5a8223b671774791ededf9364f6544be487c540107fa4f,47711 6 47967 6 48221 12 48477 12 48733 12 48989 12 49247 12 49503 12 49759 12 50015 12 50257 6 50273 10 50513 6 50529 10 50767 26 51023 26 51277 28 51533 28 51789 28 52045 28 52301 28 52557 28 52815 28 53071 28 53329 26 53585 26 53855 12 54111 12 54367 12 54623 12 54879 14 55135 14 55391 20 55647 20 55905 22 56161 22 56419 22 56675 22 56933 20 57189 20 57445 20 57701 20 57959 18 58215 18 58471 18 58727 18 58985 14 59241 14 59483 6 59499 10 59739 6 59755 10 59993 12 60011 12 60249 12 60267 12 60505 14 60521 14 60761 14 60777 14 61017 14 61033 14 61273 14 61289 14 61529 30 61785 30 62043 28 62299 28 62555 12 62571 10 62811 12 62827 10 63071 6 63327 6
fe9adb627a6f45747c5a8223b671774791ededf9364f6544be487c540107fa4f,83 8 339 8 593 12 849 12 1105 12 1361 12 1617 14 1873 14 2129 14 2385 14 2643 10 2899 10
fe9adb627a6f45747c5a8223b671774791ededf9364f6544be487c540107fa4f,13411 12 13667 12 13919 18 14175 18 14429 20 14685 20 14941 20 15197 20 15453 20 15709 20 15963 22 16219 22 16477 20 16733 20 16989 18 17245 18 17503 14 17759 14 18019 4 18275 4
fe9adb627a6f45747c5a8223b671774791ededf9364f6544be487c540107fa4f,31841 8 32097 8 32349 14 32605 14 32861 16 33117 16 33373 16 33629 16 33883 18 34139 18 34395 18 34651 18 34909 16 35165 16 35421 16 35677 16 35935 12 36191 12 36451 6 36707 6
fe9adb627a6f45747c5a8223b671774791ededf9364f6544be487c540107fa4f,99 10 355 10 611 10 867 10
fe9adb627a6f45747c5a8223b671774791ededf9364f6544be487c540107fa4f,22119 14 22375 14 22629 18 22885 18 23141 18 23397 18 23653 18 23909 18 24165 18 24421 18 24677 18 24933 18 25189 18 25445 18 25703 14 25959 14
fe9adb627a6f45747c5a8223b671774791ededf9364f6544be487c540107fa4f,44655 8 44911 8 45163 12 45419 12 45673 16 45929 16 46185 16 46441 16 46697 16 46953 16 47209 16 47465 16 47723 14 47979 14 48239 10 48495 10 48753 6 49009 6
fe9adb627a6f45747c5a8223b671774791ededf9364f6544be487c540107fa4f,29307 6 29563 6 29817 12 30073 12 30327 16 30583 16 30839 16 31095 16 31351 16 31607 16 31863 16 32119 16 32375 16 32631 16 32889 14 33145 14 33403 10 33659 10
fe9adb627a6f45747c5a8223b671774791ededf9364f6544be487c540107fa4f,4225 10 4481 10 4735 12 4991 12 5245 16 5501 16 5755 18 6011 18 6267 18 6299 8 6523 18 6555 8 6779 18 6809 12 7035 18 7065 12 7291 18 7319 16 7547 18 7575 16 7805 22 7831 16 8061 22 8087 16 8325 32 8581 32 8839 30 9095 30 9347 20 9369 12 9603 20 9625 12 9859 20 9881 10 10115 20 10137 10 10369 34 10625 34 10883 32 11139 32 11397 16 11415 10 11653 16 11671 10 11911 8 12167 8
fe9adb627a6f45747c5a8223b671774791ededf9364f6544be487c540107fa4f,56467 16 56723 16 56977 20 57233 20 57487 24 57743 24 57997 26 58253 26 58509 28 58765 28 59021 28 59277 28 59533 28 59789 28 60045 28 60301 28 60559 24 60815 24 61071 24 61327 24 61585 22 61841 22 62101 16 62357 16 62615 12 62871 12
fe9adb627a6f45747c5a8223b671774791ededf9364f6544be487c540107fa4f,17563 8 17819 8 18073 12 18329 12 18585 12 18841 12 19097 12 19353 12 19607 14 19863 14 20119 12 20375 12 20629 14 20885 14 21139 14 21395 14 21649 18 21905 18 22161 18 22417 18 22673 20 22929 20 23185 20 23441 20 23697 20 23953 20 24211 18 24467 18 24723 16 24979 16 25237 10 25493 10
fe9adb627a6f45747c5a8223b671774791ededf9364f6544be487c540107fa4f,38041 16 38297 16 38549 22 38805 22 39061 24 39317 24 39571 26 39827 26 40081 30 40337 30 40593 30 40849 30 41105 30 41361 30 41617 30 41873 30 42129 30 42385 30 42641 28 42897 28 43155 26 43411 26 43669 22 43925 22 44185 14 44441 14
fe9adb627a6f45747c5a8223b671774791ededf9364f6544be487c540107fa4f,30369 18 30625 18 30877 22 31133 22 31389 20 31645 20 31901 20 32157 20 32413 18 32669 18 32925 16 33181 16 33441 8 33697 8
fe9adb627a6f45747c5a8223b671774791ededf9364f6544be487c540107fa4f,25765 4 26021 4 26273 10 26529 10 26783 14 27039 14 27295 14 27551 14 27807 14 28063 14 28321 12 28577 12 28833 10 29089 10
fe9adb627a6f45747c5a8223b671774791ededf9364f6544be487c540107fa4f,2743 10 2999 10 3255 12 3511 12 3765 16 4021 16 4277 16 4533 16 4789 14 5045 14 5301 14 5557 14 5815 8 6071 8 6325 6 6581 6 6835 10 7091 10 7345 16 7601 16 7857 16 8113 16 8369 16 8389 2 8625 16 8645 2 8881 26 9137 26 9389 30 9645 30 9899 32 10155 32 10411 14 10429 14 10667 14 10685 14 10923 16 10941 14 11179 16 11197 14 11435 32 11691 32 11947 18 12203 18 12461 14 12717 14 12975 10 13231 10
fe9adb627a6f45747c5a8223b671774791ededf9364f6544be487c540107fa4f,16571 6 16827 6 17081 10 17337 10 17591 14 17847 14 18103 14 18359 14 18615 24 18871 24 19127 26 19383 26 19633 16 19653 12 19889 16 19909 12 20143 14 20165 12 20399 14 20421 12 20655 14 20677 12 20911 14 20933 12 21167 14 21185 14 21423 14 21441 14 21679 28 21935 28 22195 22 22451 22 22713 16 22969 16 23225 16 23481 16 23739 12 23995 12 24251 10 24507 10 24765 8 25021 8 25275 12 25531 12 25787 12 26043 12 26297 14 26553 14 26809 22 27065 22 27323 22 27579 22 27845 12 28101 12 28357 12 28613 12 28869 12 29125 12 29381 10 29637 10
fe9adb627a6f45747c5a8223b671774791ededf9364f6544be487c540107fa4f,26329 8 26585 8 26839 12 27095 12 27349 14 27605 14 27861 16 28117 16 28373 16 28629 16 28885 14 29141 14 29399 12 29655 12 29907 14 30163 14 30415 12 30671 12 30925 14 31181 14 31435 18 31691 18 31947 18 32203 18 32459 18 32715 18 32971 18 33227 18 33485 14 33741 14 34001 4 34257 4
fe9adb627a6f45747c5a8223b671774791ededf9364f6544be487c540107fa4f,15063 10 15319 10 15573 14 15829 14 16085 14 16341 14 16597 14 16853 14 17107 16 17363 16 17619 16 17875 16 18133 12 18389 12
fe9adb627a6f45747c5a8223b671774791ededf9364f6544be487c540107fa4f,41177 10 41433 10 41687 16 41943 16 42199 16 42455 16 42711 18 42967 18 43223 18 43479 18 43735 20 43991 20 44247 20 44503 20 44761 16 45017 16 45275 14 45531 14 45789 10 46045 10
fe9adb627a6f45747c5a8223b671774791ededf9364f6544be487c540107fa4f,20197 8 20453 8 20707 12 20963 12 21217 16 21473 16 21729 18 21985 18 22241 18 22497 18 22755 16 23011 16 23267 16 23523 16 23781 14 24037 14 24295 10 24551 10 24811 4 25067 4
fe9adb627a6f45747c5a8223b671774791ededf9364f6544be487c540107fa4f,7413 12 7669 12 7921 16 8177 16 8431 18 8687 18 8941 20 9197 20 9451 20 9707 20 9963 16 10219 16 10473 12 10729 12
fe9adb627a6f45747c5a8223b671774791ededf9364f6544be487c540107fa4f,235 20 491 20 747 20 1003 20 1261 16 1517 16
fe9adb627a6f45747c5a8223b671774791ededf9364f6544be487c540107fa4f,63733 12 63989 12 64243 14 64499 14 64753 16 65009 16 65265 16 65521 16
fe9adb627a6f45747c5a8223b671774791ededf9364f6544be487c540107fa4f,49401 6 49657 6 49911 10 50167 10 50423 10 50679 10 50933 12 51189 12 51447 10 51703 10 51959 10 52215 10
fe9adb627a6f45747c5a8223b671774791ededf9364f6544be487c540107fa4f,53497 6 53753 6 54009 8 54265 8 54519 10 54775 10 55031 10 55287 10 55545 8 55801 8 56057 8 56313 8 56571 4 56827 4
fe9adb627a6f45747c5a8223b671774791ededf9364f6544be487c540107fa4f,15101 2 15357 2 15613 4 15869 4 16125 4 16381 4 16637 4 16893 4 17149 4 17405 4 17661 4 17917 4 18175 2 18431 2 18685 4 18941 4 19195 6 19451 6 19707 6 19963 6 20217 8 20473 8 20731 6 20987 6 21243 6 21499 6
fe9adb627a6f45747c5a8223b671774791ededf9364f6544be487c540107fa4f,46333 2 46589 2 46845 4 47101 4 47357 4 47613 4
